"id","brand_code","brand_name","category","discount","denomination_list","brand_type","stock_available","is_active","description","terms_and_conditions","images","last_fetched_at","cache_expires_at","created_at","updated_at","slug","category_id","important_instructions","redeem_steps","min_price","max_price","last_synced_at","channel","voucher_bills","sub_description","validity_days"
"fbe8079f-ef8b-448f-9db6-dc49ad59d8df","NINTUSGASGUZEXT","Nintendo US - Gas Guzzlers Extreme","Gaming","9","1199","Fixed","0","1","","{""text"":""1. Valid for the USA accounts only\r\n2. This card cannot be exchanged for cash. \r\n3. Card balances cannot be redeemed for cash or for third-party stored value, and are non-refundable unless required by law.\r\n4. Card balances will not be replaced by Nintendo or your retailer if the card is lost or stolen.\r\n5. For the purchase of games, software, and any other item you can purchase on Nintendo E-shop""}","{""raw"":""https://at.valuedesign.co.in/media/uploads/products/US-GasGuzzlers---800x800.png""}","2025-11-27T14:38:48.620826+00:00",,"2025-11-27T14:38:48.620826+00:00","2025-11-27T20:13:16.736276+00:00",,"1bbf49a5-e8bf-475d-a1fd-e542d5597afe","{}","[{""image"":null,""title"":""Valid for the USA accounts only""},{""image"":null,""title"":""Select Nintendo eShop on the HOME Menu to launch the Nintendo eShop.""},{""image"":null,""title"":""Select the account you want to use.""},{""image"":null,""title"":""Select Enter Code on the left side of the screen.""},{""image"":null,""title"":""Enter the 16 character download code.""},{""image"":null,""title"":""Select OK to confirm.""},{""image"":null,""title"":""The game will begin downloading once the code is confirmed.""}]","0","0","2025-11-27T14:38:47.461+00:00","Online","1","gaming","365"
"6681e16b-ab65-4a52-8dfe-fdc26dde8edd","NINTUSMARTPAN","Nintendo US - Martian Panic","Gaming","9","1199","Fixed","0","1","","{""text"":""1. Valid for the USA accounts only\r\n2. This card cannot be exchanged for cash. \r\n3. Card balances cannot be redeemed for cash or for third-party stored value, and are non-refundable unless required by law.\r\n4. Card balances will not be replaced by Nintendo or your retailer if the card is lost or stolen.\r\n5. For the purchase of games, software, and any other item you can purchase on Nintendo E-shop""}","{""raw"":""https://at.valuedesign.co.in/media/uploads/products/US-Martian-Panic--800x800.png""}","2025-11-27T14:38:48.620826+00:00",,"2025-11-27T14:38:48.620826+00:00","2025-11-27T20:13:17.387127+00:00",,"1bbf49a5-e8bf-475d-a1fd-e542d5597afe","{}","[{""image"":null,""title"":""Valid for the USA accounts only""},{""image"":null,""title"":""Select Nintendo eShop on the HOME Menu to launch the Nintendo eShop.""},{""image"":null,""title"":""Select the account you want to use.""},{""image"":null,""title"":""Select Enter Code on the left side of the screen.""},{""image"":null,""title"":""Enter the 16 character download code.""},{""image"":null,""title"":""Select OK to confirm.""},{""image"":null,""title"":""The game will begin downloading once the code is confirmed.""}]","0","0","2025-11-27T14:38:47.461+00:00","Online","1","gaming","365"
"82696084-2de1-4e01-927a-26ee7fd48245","HONSROS2240-53","Honkai: Star Rail 2240 Oneiric Shard","Gaming","10.5","2609","Fixed","0","1","Honkai: Star Rail is a turn-based sci-fi RPG where players explore space stations and alien worlds with a team of anime-style characters in a richly animated universe.","{""text"":""1. Introduction\r\nThese Terms & Conditions (“T&C”) govern your use and redemption of Honkai: Star Rail gift cards. The cards are issued under the authority of COGNOSPHERE PTE. LTD. (“HoYoverse”, “we”, “us”) and subject to the Honkai: Star Rail Terms of Service (https://hsr.hoyoverse.com/en-us/company/terms).\r\n\r\n2. Acceptance of Terms\r\nBy purchasing, using, or redeeming a gift card, you accept these T&C. Redemptions further bind you to the official game TOS.\r\n\r\n3. Eligibility\r\n- Gift cards may only be redeemed in supported regions and via approved storefronts.\r\n- HoYoverse reserves the right to restrict or refuse redemption for any reason, including suspicious activity.\r\n\r\n4. Gift Card Value & Expiry\r\n- The card entitles the user to in-game credit denominated on the card (e.g. Stellar Jade).\r\n- Gift cards do not expire unless local regulations require expiry.\r\n\r\n5. Redemption & Usage\r\n- Gift card codes must be redeemed via the official Honkai: Star Rail redemption portal or approved platforms.\r\n- Once redeemed, the associated game credit is non-transferable and non-refundable.\r\n\r\n6. Refunds & Cancellations\r\n- Gift cards are non-refundable and cannot be exchanged once issued.\r\n- In case of technical errors during redemption, please contact HoYoverse customer support immediately.\r\n\r\n7. Fraud & Unauthorized Use\r\n- Any attempts at purchasing or using stolen/unauthorized accounts/dashboard codes may result in card forfeiture.\r\n- Fair play rules apply: shared, traded, or multiple accounts from a single source may lead to account bans.\r\n\r\n8. Intellectual Property\r\n- Logos, game assets, and content associated with Honkai: Star Rail remain the property of HoYoverse.\r\n- Use or link to these assets must comply with HoYoverse’s brand guidelines.\r\n\r\n9. Liability Limitation\r\n- To the maximum extent permitted by law, HoYoverse provides this gift card “as-is” without warranties.\r\n- We are not liable for indirect, incidental, or consequential damages.\r\n\r\n10. Governing Law\r\n- These T&C are governed by Singapore law, and disputes are subject to the jurisdiction of its courts.\r\n\r\n11. Updates to T&C\r\n- HoYoverse may amend these T&C at its discretion.\r\n- Users will be notified of changes, and continued use constitutes acceptance.\r\n\r\n12. Contact Information\r\nFor inquiries or issues related to gift cards, please contact official Honkai: Star Rail support via the game’s website.""}","{""raw"":""https://at.valuedesign.co.in/media/""}","2025-11-27T14:38:48.620826+00:00",,"2025-11-27T14:38:48.620826+00:00","2025-11-27T20:13:17.515025+00:00",,"1bbf49a5-e8bf-475d-a1fd-e542d5597afe","{}","[{""image"":null,""title"":""Visit the redemption website https://www.redeemcodenow.com.""},{""image"":null,""title"":""Enter your 16-digit voucher code.""},{""image"":null,""title"":""Enter your User ID select your Server and provide your email address.""},{""image"":null,""title"":""Click Redeem.""},{""image"":null,""title"":""Upon successful redemption a confirmation message will appear and the in-game currency will be credited shortly.""}]","0","0","2025-11-27T14:38:47.461+00:00","Both","1","rpg, players","365"
"d7c73de0-c4b3-4be7-aa30-a25e6b257aad","HONSROS330-51","Honkai: Star Rail 330 Oneiric Shard","Gaming","10.5","434","Fixed","0","1","Honkai: Star Rail is a turn-based sci-fi RPG where players explore space stations and alien worlds with a team of anime-style characters in a richly animated universe.","{""text"":""1. Introduction\r\nThese Terms & Conditions (“T&C”) govern your use and redemption of Honkai: Star Rail gift cards. The cards are issued under the authority of COGNOSPHERE PTE. LTD. (“HoYoverse”, “we”, “us”) and subject to the Honkai: Star Rail Terms of Service (https://hsr.hoyoverse.com/en-us/company/terms).\r\n\r\n2. Acceptance of Terms\r\nBy purchasing, using, or redeeming a gift card, you accept these T&C. Redemptions further bind you to the official game TOS.\r\n\r\n3. Eligibility\r\n- Gift cards may only be redeemed in supported regions and via approved storefronts.\r\n- HoYoverse reserves the right to restrict or refuse redemption for any reason, including suspicious activity.\r\n\r\n4. Gift Card Value & Expiry\r\n- The card entitles the user to in-game credit denominated on the card (e.g. Stellar Jade).\r\n- Gift cards do not expire unless local regulations require expiry.\r\n\r\n5. Redemption & Usage\r\n- Gift card codes must be redeemed via the official Honkai: Star Rail redemption portal or approved platforms.\r\n- Once redeemed, the associated game credit is non-transferable and non-refundable.\r\n\r\n6. Refunds & Cancellations\r\n- Gift cards are non-refundable and cannot be exchanged once issued.\r\n- In case of technical errors during redemption, please contact HoYoverse customer support immediately.\r\n\r\n7. Fraud & Unauthorized Use\r\n- Any attempts at purchasing or using stolen/unauthorized accounts/dashboard codes may result in card forfeiture.\r\n- Fair play rules apply: shared, traded, or multiple accounts from a single source may lead to account bans.\r\n\r\n8. Intellectual Property\r\n- Logos, game assets, and content associated with Honkai: Star Rail remain the property of HoYoverse.\r\n- Use or link to these assets must comply with HoYoverse’s brand guidelines.\r\n\r\n9. Liability Limitation\r\n- To the maximum extent permitted by law, HoYoverse provides this gift card “as-is” without warranties.\r\n- We are not liable for indirect, incidental, or consequential damages.\r\n\r\n10. Governing Law\r\n- These T&C are governed by Singapore law, and disputes are subject to the jurisdiction of its courts.\r\n\r\n11. Updates to T&C\r\n- HoYoverse may amend these T&C at its discretion.\r\n- Users will be notified of changes, and continued use constitutes acceptance.\r\n\r\n12. Contact Information\r\nFor inquiries or issues related to gift cards, please contact official Honkai: Star Rail support via the game’s website.""}","{""raw"":""https://at.valuedesign.co.in/media/""}","2025-11-27T14:38:48.620826+00:00",,"2025-11-27T14:38:48.620826+00:00","2025-11-27T20:13:17.667597+00:00",,"1bbf49a5-e8bf-475d-a1fd-e542d5597afe","{}","[{""image"":null,""title"":""Visit the redemption website https://www.redeemcodenow.com.""},{""image"":null,""title"":""Enter your 16-digit voucher code.""},{""image"":null,""title"":""Enter your User ID select your Server and provide your email address.""},{""image"":null,""title"":""Click Redeem.""},{""image"":null,""title"":""Upon successful redemption a confirmation message will appear and the in-game currency will be credited shortly.""}]","0","0","2025-11-27T14:38:47.462+00:00","Both","1","rpg, players","365"
"c3074c48-b045-4e51-b9e2-448e212dfeb4","CromaAoc4Qjn7INRU6eWH","Croma","E-Commerce","2.5","500,1000,1500,2000,2500,3000,4000,5000","Fixed","0","1","Owned by the Tata Group, Croma is a retail chain that offers electronics, kitchen appliances, smartphones, and other home appliances under one roof. Finest customer support and well-designed stores make it a preferred place for people across the country. Buy these gift cards instantly and redeem them without any hassle at any Croma store across India.","{""text"":""1.This is a Croma Insta Gift Voucher (GV) / Gift Card (GC) and would be accepted at the stores and on the website at https://www.croma.com/. <br/>2.The holder of the Instant Gift Voucher is deemed to be the beneficiary. <br/>3.Beneficiary should announce the intent of using the Instant Gift Voucher before making a purchase. <br/>4.Only valid Instant Gift Vouchers at the sole discretion of CROMA shall be accepted for redemption. <br/>5.Multiple vouchers can be used against one bill. <br/>6.This is one time usage Gift Voucher. <br/>7.Instant Gift Voucher cannot be revalidated once expired <br/>8.CROMA or its affiliates are not responsible on account of the beneficiary sharing the Instant Gift Voucher number and the voucher getting redeemed on that account <br/>9.The Brand may ask for a valid Government identity proof at the time of redeeming the voucher. <br/>10.Instant Gift Vouchers will be accepted across all mentioned outlets.  <br/>11. Croma at its sole discretion may add or remove an outlet from the list without giving any prior notice. <br/>12.CROMA makes full efforts to accept all Instant Gift Vouchers but on account of technical / administrative reasons, an outlet may refuse to accept vouchers. <br/>13.This Instant Gift Voucher cannot be redeemed on specific block out dates. CROMA may add or delete any date on its sole discretion. <br/>14.CROMA or any of its partners would not be liable to pay any form of compensation etc on account of an outlet not being able to accept Instant Gift Voucher. The customer would be liable to settle the bill. <br/>15.If an Instant Gift Voucher gets blocked on account of technical issue, it would get activated in 72 hours. <br/>16.Any dispute should be referred to the company from where the Instant Gift Voucher has been received, decision of the company shall be final. <br/>17.For any queries / issues related to GV / GC, raise a request at www.gvhelpdesk.com""}","{""raw"":""https://at.valuedesign.co.in/media/uploads/products/Croma.png""}","2025-11-27T14:38:48.620826+00:00",,"2025-11-27T14:38:48.620826+00:00","2025-11-27T20:13:17.803982+00:00",,"4b9e758e-7c45-4642-ac6e-641028f0d9a5","{""0"":""Gift Vouchers are accepted at all Listed Outlets and on the website at https://www.croma.com/."",""1"":""Maximum 5 vouchers can be used in one bill on Croma website."",""2"":""Multiple Gift Vouchers CAN be used in one bill at the Stores."",""3"":""Gift Vouchers CAN be used to buy discounted products.""}","[]","0","0","2025-11-27T14:38:47.462+00:00","Both","Multiple","home, one, designed","365"
"38aa1ed4-dddc-482c-898b-d2487d222848","TitanUXfPtyM9YzbIsW7W","Titan","E-Commerce","7.5","500,1000,2000,5000","Fixed","0","1","Shop for intelligently designed and skillfully crafted watches at Titan. Browse through a rich collection of exclusive Titan watches. Style your wrists elegantly at affordable prices using Titan gift vouchers and gift cards.","{""text"":""1.The holder of the voucher is deemed to be the beneficiary. <br/>2.Beneficiary should announce the intent of using the voucher before making a purchase. <br/>3.Only valid vouchers at the sole discretion of TITAN shall be accepted for redemption. <br/>4.Multiple vouchers (upto 5) can be used against single transaction. <br/>5.Voucher partial redemption is not allowed, single time usage only. <br/>6.No refund or credit note would be issued against unused or partially used voucher. <br/>7.Voucher is not applicable on discounted products and cannot be clubbed with any other offer in the store.   <br/>8.Voucher cannot be redeemed for Titan Nebula collection of Watches <br/>9.Validity of the voucher is for a maximum of 6 months from the date of issuance. <br/>10.This Voucher can be redeemed at all company authorized TITAN WORLD Stores <br/>11.Voucher cannot be revalidated once expired. <br/>12.TITAN/ affiliates are not responsible on account of the beneficiary sharing the voucher number and the voucher getting redeemed on that account. <br/>13.The Brand may ask for a valid Government identity proof at the time of redeeming the voucher. <br/>14.Vouchers will be accepted across all at all company authorized TITAN WORLD Stores mentioned but TITAN at its sole discretion may add or remove an outlet from the list without giving any prior notice. <br/>15.TITAN makes full efforts to accept voucher but on account of any technical / administrative reasons an outlet may refuse to accept a voucher. <br/>16.This voucher cannot be redeemed on specific block out dates TITAN may add or delete any date on its sole discretion. <br/>17.TITAN or any of its partners would not be liable for any form of compensation etc on account of an outlet not being able to accept the voucher. The customer would be liable to settle the Invoice. <br/>18.If a voucher gets blocked on account of technical issue the voucher would be usable only post 72 hours. <br/>19.Any dispute should be referred to the company from where the voucher has been received; decision of the TITAN shall be final. <br/>20.For any queries / issues related to GV / GC, raise a request at www.gvhelpdesk.com.""}","{""raw"":""https://at.valuedesign.co.in/media/uploads/products/Titan.png""}","2025-11-27T14:38:48.620826+00:00",,"2025-11-27T14:38:48.620826+00:00","2025-11-27T20:13:18.74323+00:00",,"4b9e758e-7c45-4642-ac6e-641028f0d9a5","{""0"":""This Voucher can be redeemed at all company authorized TITAN WORLD Stores."",""1"":""Multiple vouchers (upto 5) can be used against single transaction."",""2"":""Gift Vouchers CANNOT be used Online."",""3"":""Voucher partial redemption is not allowed, single time usage only."",""4"":""Voucher is not applicable on discounted products and cannot be clubbed with any other offer in the store."",""5"":""Voucher cannot be redeemed for Titan Nebula collection of Watches.""}","[{""image"":""https://at.valuedesign.co.in/media/uploads/products/Titan/1.png"",""title"":""Use the outlet locator to locate the nearest outlet that accepts this Gift Voucher.""},{""image"":""https://at.valuedesign.co.in/media/uploads/products/Titan/2.png"",""title"":""Select your choice of product.""},{""image"":null,""title"":""Share your Gift Voucher with the cashier at the time of billing & pay the remaining amount by cash or card if required.""}]","0","0","2025-11-27T14:38:47.481+00:00","Offline","Multiple","shop, designed, through","180"
"956a33eb-830f-42ed-b3cd-5c09d7a372a8","WoodlandPEFEFfzJbLQvVhXL","Woodland","Sports & Footwears","10","250,500,750,1000,1500,2000,2500,5000","Fixed","0","1","Woodland is one brand that embodies the spirit of adventure. Find the best-in-class performance apparel, footwear, and outdoor gear. And be prepared for anything as you step into unknown territory. Woodland gift cards & gift vouchers give customers a cashless shopping experience.","{""text"":""1.This is a Woodland Instant Gift Voucher / Card (GV) and would be accepted at Woodland stores <br/>2.The person who has the Woodland GV Code is deemed to be the beneficiary. <br/>3.Do inform the cashier that you plan using the GV for making payments before billing. <br/>4.Only the listed Woodland outlets at its sole discretion accept the GV. Woodland may add or remove an outlet without giving any prior notice. <br/>5.Multiple Vouchers can be used against ONE bill. <br/>6.The is a ONE time use GV only. <br/>7.No Credit note / Refund for the unused amount of the GV will be given. <br/>8.Woodland Insta Gift Voucher (GV) / Gift Card CANNOT be revalidated once expired. <br/>9.Woodland Insta Gift Voucher (GV) / Gift Card can be used during sale. <br/>10.Any dispute related to the Insta Gift Voucher (GV) should be referred to the issuing company and the decision of the issuing company shall be final. <br/>11.Woodland makes full efforts to accept Instant Gift Voucher (GV) / Gift Card, but on account of any technical / administrative reasons an outlet may refuse to accept the same. <br/>12.If an Instant Gift Voucher (GV) / Gift Card gets blocked on account of technical issue, it would get enabled in 72 hours. <br/>13. For any queries / issues related to GV / GC, raise a request at www.gvhelpdesk.com""}","{""raw"":""https://at.valuedesign.co.in/media/uploads/products/Woodland.png""}","2025-11-27T14:38:48.620826+00:00",,"2025-11-27T14:38:48.620826+00:00","2025-11-27T20:13:17.928785+00:00",,"28d1349d-db10-42a7-a37a-63fba3ea8d2c","{""0"":"" "",""1"":""Multiple Gift Vouchers CAN be used in one bill."",""2"":""Gift Vouchers CAN be used during Sale."",""3"":""Gift Vouchers are ACCEPTED at all Listed Outlets."",""4"":""Gift Vouchers CANNOT be used Online.""}","[{""image"":""https://at.valuedesign.co.in/media/uploads/products/Woodland/1.png"",""title"":""Use the outlet locator to locate the nearest outlet that accepts this Gift Voucher.""},{""image"":""https://at.valuedesign.co.in/media/uploads/products/Woodland/2.png"",""title"":""Select your choice of product.""},{""image"":""https://at.valuedesign.co.in/media/uploads/products/Woodland/3.png"",""title"":""Share your Gift Voucher with the cashier at the time of billing & pay the remaining amount by cash or card if required.""}]","0","0","2025-11-27T14:38:47.464+00:00","Both","Multiple","woodland, brand, class","365"
"75175821-bea0-4e20-a408-a284c79c01e4","EGCGBLS004","Lifestyle E-Gift Card-B2C","Fashion & Lifestyle","5","500-10000","Variable","0","1","Lifestyle, over the years, has become synonymous with beauty, fashion, trends and good living. Lifestyle brings many product categories under one roof – fashion clothing and accessories, home needs, beauty and luxury goods. Be it a birthday or a wedding anniversary, a Lifestyle gift card is a perfect gift choice.","{""text"":""1.\teGift card are redeemable at all stores of Lifestyle & Home Centre in India.\r\n2.\tFor balance enquiry / validity, SMS LSBAL< space >16 digit card number to 56767.\r\n3.\tThis eGift card is valid for one year from the date of issue.\r\n4.\tThis Lifestyle eGift Card can be redeemed only once and in full, in case the value of the merchandise exceeds the value of e-gift card, the difference shall be paid by the bearer.\r\n5.\tNo refunds / credit note shall be issued for unused part of the eGift card.\r\n6.\tThis eGift Card can used at our offline stores only.\r\n7.\tLifestyle International Pvt. Ltd. reserves the right to amend the terms at its discretion without prior notice.\r\n8.\tProtect the eGift card number and pin to avoid misuse, Lifestyle shall not assume any liability in case the e gift card pin gets stolen/compromised, Lifestyle shall neither replace the eGift card nor refund the cash.\r\n9.\tOnce the eGift card is issued, Lifestyle will not entertain any request for cancellation. Any exchange by the bearer will be considered a valid discharge of Lifestyle's liability.\r\n10.\tDisputes if any, shall be subject to Bangalore jurisdiction.\r\n11.\tFor any assistance, call customer care at 18001231555.\r\n12.\tNo replacement/compensation is permissible for lost eGift card.\r\n13.\tMultiple e-gift cards can be redeemed in single invoice.""}","{""raw"":""https://giftbig.s3.amazonaws.com/microsite/product/EGCGBLS004/d/thumbnail/8156_microsite.jpg""}","2025-11-27T14:38:48.620826+00:00",,"2025-11-27T14:38:48.620826+00:00","2025-11-27T20:13:18.053706+00:00",,"4ead20e7-9a15-4b5f-bdb4-3ebafe4daf71","{}","[{""image"":null,""title"":""Visit the outlet near you. Check the outlet locator of the brand to find a store that accepts the Gift Cards.""},{""image"":null,""title"":""Choose the products you would like to buy.""},{""image"":null,""title"":""Show your Gift Card details to the cashier at the time of billing & pay any balance amount by cash or card.""}]","500","10000","2025-11-27T14:38:47.464+00:00","Online","Multiple","lifestyle, gift, card","365"
"8f56705f-4105-4404-952e-1c20a77bf2d7","EGCGBLPHC002","LOIPL HC E-Gift Cards","Fashion & Lifestyle","5","100-10000","Variable","0","1","LOIPLHC eGift card will be sold across  distribution channels. Customer canredeem this Gift card by visiting Home Centre website.","{""text"":""HomeCentre online e-Gift card are provided by Landmark Online India Private Limited.\r\nE-Gift Cards are redeemable only through online stores and apps of homecentre.in and lifestylestores.com\r\nE-Gift Cards cannot be redeemed at the physical / brick and mortar stores of Lifestyle & Home Centre\r\nE-Gift Cards have a validity of 12 months from the date of purchase / activation, whichever is later.\r\nE-Gift Cards can be partially redeemed and can be used multiple times till balance exists in the E-Gift Card.\r\nIn case the value of the merchandise exceeds the value of the E-Gift card, then the differential amount shall be paid by the customer, E-Gift Cards cannot be exchanged or redeemed for cash, under any circumstances.\r\nFor balance enquiry visit www.homecentre.in\r\nFor any assistance, call customer care at 18002127500\r\nThe E-Gift card number and the PIN are required for redemption.\r\nE-Gift Cards are valid and redeemable on all offers and during EOSS on the website and apps.\r\nNo replacement/compensation is permissible for lost or damaged E- Gift cards.\r\nOnce the eGift card is issued, Landmark Online India Private Limited will not entertain any request for cancellation.\r\nAny exchange by the bearer will be considered a valid and legal discharge of Landmark Online India’s liability.\r\nE- Gift Card redemption is provided on “as-is” and “as-available” basis.\r\nLandmark Online India Private Limited reserves the right to amend, withdraw eGift Card services along with these terms at its discretion, without prior notice.\r\nLandmark Online India Private Limited shall not assume any liability in case of the e-gift card pin gets stolen/compromised due to fraud, date theft, negligence, phishing, or any other illegal activity. Under these circumstances Landmark Online India Private Limited shall neither be liable to replace the eGift card nor refund the cash. Customer further indemnifies and holds Landmark Online India Private Limited harmless from any claims arising out of these circumstances.\r\nAll grievances shall be referred to Landmark Online India Private Limited & the decision of the company shall be final & binding.\r\nAll disputes are subject to exclusive jurisdiction of Bangalore Courts.\r\nThe total liability of Landmark Online India Private Limited for all demands, claims, actions, causes of action, proceedings, suits, assessments, losses, damages, liabilities, costs and expenses shall be limited to the value of the Lifestyle E-Gift cards issued to the customer.\r\nE-Gift Cards are normally delivered instantly. But sometimes due to system issues, the delivery can be delayed up-to 24 - 48 hours.""}","{""raw"":""https://giftbig.s3.amazonaws.com/microsite/product/EGCGBLPHC002/d/thumbnail/8082_microsite.jpg""}","2025-11-27T14:38:48.620826+00:00",,"2025-11-27T14:38:48.620826+00:00","2025-11-27T20:13:18.182876+00:00",,"4ead20e7-9a15-4b5f-bdb4-3ebafe4daf71","{}","[]","100","10000","2025-11-27T14:38:47.495+00:00","Online","Multiple","gift, cards, card","360"
"3eef4ea9-38e4-4152-bb66-ebfbe9aab84d","ChumbakKnF8XCjYslOrhHTq","Chumbak","Fashion & Lifestyle","12.5","250,500,1000,2000","Fixed","0","1","Lifestyle products with some of the funkiest designs. This is what Chumbak offers. This brand offers fashion products, accessories, home decor items, and collectibles inspired by global trends. At Chumbak we offer Chumbak gift cards at the best prices for you. Buy and redeem these gift cards easily on your next purchase from this brand.","{""text"":""1.This is a CHUMBAK Insta Gift Voucher (GV) / Gift Card (GC) and would be accepted at the stores. <br/>2.The holder of the Instant Gift Voucher is deemed to be the beneficiary. <br/>3.Beneficiary should announce the intent of using the Instant Gift Voucher before making a purchase. <br/>4.Only valid Instant Gift Vouchers at the sole discretion of CHUMBAK shall be accepted for redemption. <br/>5.This is a ONE time use GV / GC. <br/>6.Multiple vouchers can be used against one bill. <br/>7.Instant Gift Voucher cannot be revalidated once expired. <br/>8.CHUMBAK or its affiliates are not responsible on account of the beneficiary sharing the Instant Gift <br/>voucher number and the voucher getting redeemed on that account. <br/>9.The Brand may ask for a valid Government identity proof at the time of redeeming the voucher. <br/>10.Instant Gift Vouchers will be accepted across all mentioned outlets at its sole discretion. The brand may add or remove an outlet from the list without giving any prior notice. <br/>11.CHUMBAK makes full efforts to accept all Instant Gift Vouchers but on account of technical / administrative reasons, an outlet may refuse to accept vouchers. <br/>12.This Instant Gift Voucher cannot be redeemed on specific block out dates. CHUMBAK may add or delete any date on its sole discretion. Instant Gift Voucher cannot be redeemed during EOSS <br/>13.CHUMBAK or any of its partners would not be liable to pay any form of compensation etc on account of an outlet not being able to accept Instant Gift Voucher. The customer would be liable to settle the bill. <br/>14.If an Instant Gift Voucher gets blocked on account of technical issue, it would get activated in 72 hours. <br/>15.Any dispute should be referred to the company from where the Instant Gift Voucher has been received, decision of the company shall be final. <br/>16.For any queries / issues related to GV / GC, raise a request at www.gvhelpdesk.com""}","{""raw"":""https://at.valuedesign.co.in/media/uploads/products/Chumbak.jpeg""}","2025-11-27T14:38:48.620826+00:00",,"2025-11-27T14:38:48.620826+00:00","2025-11-27T20:13:19.408303+00:00",,"4ead20e7-9a15-4b5f-bdb4-3ebafe4daf71","{""0"":""Gift Vouchers are ACCEPTED at all Listed Outlets."",""1"":""Multiple vouchers can be used against one bill."",""2"":""For using multiple vouchers, customer will need to add the vouchers to your GV balance."",""3"":""Visit website to activate/add E-Pay Code to your account.""}","[{""image"":""https://at.valuedesign.co.in/media/uploads/products/Chumbak/1.jpeg"",""title"":""Visit Chumbak listed outlet. Share the registered mobile number with cashier, once products are scanned for invoicing""},{""image"":""https://at.valuedesign.co.in/media/uploads/products/Chumbak/2.jpeg"",""title"":""Cashier will confirm the available Gift Voucher and its balance Or share the voucher code with the cashier""},{""image"":null,""title"":""Confirm the amount to be used for redemption and proceed further. You can make the balance payment by any other payment mode.""}]","0","0","2025-11-27T14:38:47.461+00:00","Online","Multiple","lifestyle, brand, fashion","365"
"102714a4-f601-4872-899e-de5c059f00ac","SBP-APL","Apollo","Wellness & Beauty","11.5","100,250,500,1000,2000,2500,5000","Fixed","0","1","""Apollo Pharmacy is your trusted go-to pharmacy shop for all your regular medications, over-the-counter (OTC) medicines, baby care products, hair care medicinal products, personal care items, health devices, home essentials, and more. It is a part of Apollo Hospitals - India's first and largest branded pharmacy network.

With more than 4,500 outlets in key locations across India, Apollo Pharmacy offers genuine medicines, care, and FMCG products 24x7 from renowned brands. Apart from other brands, it also offers more than 400 Apollo Brand products.

You can rest assured that you will get genuine medicines and original care products. You will always find Apollo Pharmacies well-stocked.

Undoubtedly, the cost of medicines and health and wellness products is touching the sky. So, buy Gift Cards to shop from an Apollo Pharmacy in your local area.""

When you plan to visit Apollo Pharmacy to buy medicine use Apollo Pharmacy Gift Card powered by Valuedesign. This is gonna help you save some money, as the vouchers from Valuedesign are avail","{""text"":""1. This is an Apollo Pharmacy E-Healing Card and is only accepted at Apollo Pharmacy retail outlets and not applicable at Apollo 24/7 on Web / 247 App.\r\n\r\n2. Customer can redeem only 2 (Two) e-cards / day at the participating Apollo Pharmacy retail outlets.\r\n\r\n3. The person who has the Apollo Pharmacy E-Healing Card is deemed to be the beneficiary. \r\n\r\n4. Apollo Pharmacy is not responsible if the Gift Card is lost, stolen, or used without permission.\r\n\r\n5. Request the cashier to use Billing Code (6619 E-Healing Card) to redeem this 16-digit Card No and its Pin No. Call Apollo Pharmacy Customer Care 1860 500 0101 for any issues.\r\n\r\n6. Only One E-Healing Card can be used in one bill / transaction. Also, this is a One-time use E-Healing Card with an expiration date.\r\n\r\n7. No credit note / refund for the unused balance amount of the E-Healing Card will be given. Any such unused balance amount shall stand lapsed automatically. \r\n\r\n8. E-Healing Card is valid for 12 months from the purchase date. \r\n\r\n9. Apollo Pharmacy E-Healing Card cannot be revalidated once expired or cancelled under any situations.\r\n\r\n10. This Card is not applicable in Hospitals based Pharmacies.\r\n\r\n11. Any dispute related to the E-Healing Card should be referred to the issuing company and the decision of the issuing company shall be final. In case of any legal disputes, the courts at Mumbai shall have the exclusive jurisdiction.\r\n\r\n12. Apollo Pharmacy reserves the right to withdraw/ modify E-Healing Card scheme/offer before the completion of validity period without any notice or liability at its sole discretion.\r\n\r\n13. This card can only be redeemed on Pharma/ Medicines/ and is not applicable on FMCG, DPCO & Apollo Brands.\r\n\r\n14. Offers such as SSO, Value Deals & Offers on Any FMCG, Apollo Brands, Surgical, Ayurvedic, and Holland & Barrett are not applicable.\r\n\r\n15. Apollo E-Gift Card is not valid for doctor consultations, lab tests or health checks.\r\n\r\n16. Once Apollo Pharmacy E-Healing Card has been billed, items purchased with it cannot be returned or exchanged.""}","{""raw"":""https://at.valuedesign.co.in/media/uploads/products/Apollo.jpg""}","2025-11-27T14:38:48.620826+00:00",,"2025-11-27T14:38:48.620826+00:00","2025-11-27T20:13:18.296842+00:00",,"f5575e42-86a0-4616-9408-0f096d2da35f","{""0"":""Only One Gift Voucher Can be used in one bill."",""1"":""Gift Vouchers are Accepted Online & at Listed Apollo Pharmacy Outlets."",""2"":""Maximum 2 Gift Can be used in Single Day"",""3"":""Gift Vouchers Cannot be clubbed with any other store promotions/offers.""}","[{""image"":""https://at.valuedesign.co.in/media/uploads/products/Apollo/1.jpg"",""title"":""Locate the nearest Apollo Pharmacy""},{""image"":""https://at.valuedesign.co.in/media/uploads/products/Apollo/2.jpg"",""title"":""Order your medicines or the products you want Before making payment, share the 16-digit number & 6-digit Pin number with the cashier . The cashier will then redeem the Gift Card using Billing Code. You can also call Apollo Pharmacy customer care at 1860 500 0101 for any queries or assistance.""}]","250","5000","2025-11-27T14:38:47.465+00:00","Offline","Multiple","apollo, pharmacy, over","360"
"fc3f4e2f-8ae2-4ee6-9a94-ebc4cca695d0","EGCGBHML002","Hamleys E-Gift Card-Luxe E-Gift Card","Fashion & Lifestyle","6","500-5000","Variable","0","1","Anyone who has visited a Hamleys shop knows that its more than just a shop. It’s an incredible experience - history and fun all rolled into one. Every Hamleys store offers children a magical experience, and adults the rare chance to be children again. It’s where they get to play with toys, watch live demos of toys, and interact with their favourite toy characters","{""text"":""1.\tThe Hamleys E-Gift Card can only be redeemed at all Hamleys Stores in India (except Delhi airport and other SIS outlets) by presenting it to the cashier at the time of making a purchase.\r\n2.\tThis E-Gift Card cannot be encashed. No cash refund in part / full will be provided.\r\n3.\tHamleys will not be responsible for lost cards and no demand for replacement / compensation for the lost code will be entertained.\r\n4.\tOnce the E-Gift Card is issued / used, requests for cancellation will not be entertained.\r\n5.\tProtect the E-Gift card number and pin to avoid misuse, Hamleys shall not assume any liability in case the e gift card pin gets stolen/compromised, Hamleys shall neither replace the E-Gift card nor refund the cash.\r\n6.\tThe E-Gift Card is valid for 12 months from the date of activation. After such a period the card will no longer be valid for redemption. No request for extension of validity period will be entertained.\r\n7.\tThe E-Gift Card cannot be re-loaded with any additional amount once it is issued.\r\n8.\tThe E-Gift Card is for one-time use only. Any balance amount in the E-Gift Card after the card is redeemed will be forfeited.\r\n9.\tThe E-Gift Card does not represent any underlying or identified goods or merchandise.\r\n10.\tHamleys reserves the right to alter any /all the terms and condition of this E-Gift Card at any time without prior notice.\r\n11.\tDecision of Hamleys in respect of any matter related hereto shall be final and binding and no correspondence will be entertained in this behalf.\r\n12.\tThe bearer of this E-Gift Card will be considered as the bonafide recipient of the benefits of redemption.\r\n13.\tAll disputes are subject to the jurisdiction of the courts in Mumbai""}","{""raw"":""https://giftbig.s3.amazonaws.com/microsite/product/EGCGBHML002/d/thumbnail/1984_microsite.jpg""}","2025-11-27T14:38:48.620826+00:00",,"2025-11-27T14:38:48.620826+00:00","2025-11-27T20:13:18.430368+00:00",,"4ead20e7-9a15-4b5f-bdb4-3ebafe4daf71","{}","[{""image"":null,""title"":""Redeem your eGift Card at a participating brand of your choice by providing the e-voucher number and voucher PIN.""},{""image"":null,""title"":""To activate this gift card, SMS ACT< space ><16-Digit Card Number>< space >< CardPin > to 9704200300""}]","500","5000","2025-11-27T14:38:47.492+00:00","Both","Multiple","gift, card, shop","360"
"6c0d33b5-28dd-45a8-8af2-a71c0c7052f6","EGCGBETSR005","Behrouz Biryani E-Gift Card - B2C","Food & Beverages","10","100-10000","Variable","0","1","Order from our range of Royal Biryanis & delectable Kebabs for an unforgettable experience.","{""text"":""1.\tThe Behrouz Biryani Gift Card is redeemable only on the EatSure iOS/android app\r\n2.\tThe Behrouz Biryani Gift Card is issued by Rebel Marketplace India Private Limited, a private limited company incorporated under the laws of India, and is authorized by the Reserve Bank of India (RBI) to issue such Gift Cards. \r\n3.\tGift Cards are Issued under the Brand Name of Rebel Marketplace India Private Limited.\r\n4.\tEvery holder of Gift Cards shall be required to add the value stored on such Gift Card into the EatSure User Account\r\n5.\tYou agree and understand that the Behrouz Biryani Gift Card is a pre-paid payment Instrument subjected to regulations by RBI under the RBI guidelines. Rebel Marketplace India Private Limited may be required to share KYC details of the purchaser/ redeemer of the Behrouz Biryani Gift Card and/or any other information with relation to the purchase of the Behrouz Biryani Gift Card and/or transaction undertaken using the Behrouz Biryani Gift Card with RBI or such statutory authorities. Rebel Marketplace India Private Limited may contact the purchaser/redeemer of the Behrouz Biryani Gift Card for any such information.\r\n6.\tIn the event the beneficiary/Know Your Customer (KYC;) details as per RBI Guidelines are found to be incorrect/insufficient, Rebel Marketplace India Private Limited retain the right to cancel the Gift Card so issued\r\n7.\tRebel Marketplace India Private Limited shall honour and consider requests for blocking of Gift Cards only from users who have registered in accordance with the terms\r\n8.\tThe Behrouz Biryani Gift Card can be purchased by debit cards and credit cards issued by Indian Banks. No Gift Card may be purchased by cash or by prepaid wallets.\r\n9.\tThe Behrouz Biryani Gift Card cannot be used to purchase another Behrouz Biryani Gift Card\r\n10.\tNo cash withdrawal is permissible against the Behrouz Biryani Gift Card\r\n11.\tRebel Marketplace India Private Limited reserves the right to cancel the Behrouz Biryani Gift Card if the same have been found to be purchased with fraudulent means. In such cases, the funds shall be credited back to the same source from where these were received.\r\n12.\tIn case the order is cancelled within the timeframe as mentioned in the Cancellation Policy, wherein the Customer has redeemed the Behrouz Biryani Gift Card, in such scenario the Customers’ Behrouz Biryani Gift Card shall be credited with the amount equivalent to the redemption amount.\r\n13.\tThe cardholder may request for the revalidation of the expired Gift Card. Upon receipt of such request, the Behrouz Biryani Gift Card may be revalidated after due verification and maybe subject to additional terms and conditions\r\n14.\tTo redeem, user must enter the 16-digit Gift Card number and the mpin on the payment/check out page\r\n15.\tIf the value of the service exceeds the value of the Gift Card, the difference must be paid by the user through other available payment modes\r\n16.\tThe Behrouz Biryani Gift Card can be redeemed multiple times until value of the Gift Card is exhausted\r\n17.\tUser cannot club more than 1 Gift Card in one order\r\n18.\tNo fees or charges apply to the purchase Gift Cards\r\n19.\tDelivery charges and taxes as applicable\r\n20.\tThis Gift Card does not allow any top up or reload\r\n21.\tThe Behrouz Biryani Gift Card is valid for a period of 12 months from the date of issue\r\n22.\tThe user is solely responsible for the safety and security of the Gift card. Rebel Marketplace India Private Limited and/or Pine Labs are not responsible for any acts of omission or commission if Gift Card is lost, stolen or used without permission\r\n23.\tNo duplicate card shall be issued\r\n24.\tEatSure shall not be held liable or responsible for any unauthorized and/or fraudulent purchase/s made using this Gift Card.\r\n25.\tThe Gift card is non-returnable & non-refundable, and cannot be exchanged for cash in part or full\r\n26.\tGift Cards are normally sent instantly via email/SMS. However, in case of system issues, the delivery may take up to 24 hours.\r\n27.\tIn case of any disputes, EatSure reserves the right to identify the authenticity of the Gift Card\r\n28.\tEatSure reserves the right to amend the terms & conditions at its discretion without prior notice\r\n29.\tFor any enquiries, email at goodness@eatsure.com\r\n30.\tPlease refer the Customer Grievance policy for dispute resolution, unauthorized transactions and liability related aspects at https://www.qwikcilver.com/grievance-policy/\r\n31.\tAll disputes with relation to the Gift Card shall be subject to the exclusive jurisdiction of the competent courts located at Bangalore\r\n32.\tE-Gift Cards are normally delivered instantly. But sometimes due to system issues, the delivery can be delayed up-to 24 - 48 hours.\r\n33.\tNo returns and no refunds on gift cards, e-gift cards and gift vouchers shipped.""}","{""raw"":""https://giftbig.s3.amazonaws.com/microsite/product/EGCGBETSR005/d/thumbnail/6737_microsite.jpg""}","2025-11-27T14:38:48.620826+00:00",,"2025-11-27T14:38:48.620826+00:00","2025-11-27T20:13:18.539403+00:00",,"ad8a9a7e-38c0-46f6-8ccd-b5a53ca270b3","{}","[]","100","10000","2025-11-27T14:38:47.465+00:00","Online","Multiple","gift, card, our","360"
"ca70f010-ece3-434c-b4d3-a8d8a8a9c1e4","EGCGBHC015","Home Centre E-Gift Card-B2C","E-Commerce","5","100-10000","Variable","0","1","Home Centre, over the years, has become synonymous with beauty, fashion, trends and good living. Lifestyle brings many product categories under one roof – fashion clothing and accessories, home needs, beauty and luxury goods. Be it a birthday or a wedding anniversary, a Lifestyle gift card is a perfect gift choice.","{""text"":""1.\teGift card are redeemable at all stores of Lifestyle & Home Centre in India.\r\n2.\tFor balance enquiry / validity, SMS LSBAL< space >16 digit card number to 56767.\r\n3.\tThis eGift card is valid for one year from the date of issue.\r\n4.\tThis Lifestyle eGift Card can be redeemed only once and in full, in case the value of the merchandise exceeds the value of e-gift card, the difference shall be paid by the bearer’.\r\n5.\tNo refunds / credit note shall be issued for unused part of the eGift card.\r\n6.\tThis eGift Card can used at our offline stores only.\r\n7.\tLifestyle International Pvt. Ltd. reserves the right to amend the terms at its discretion without prior notice.\r\n8.\tProtect the eGift card number and pin to avoid misuse, Lifestyle shall not assume any liability in case the e gift card pin gets stolen/compromised, Lifestyle shall neither replace the eGift card nor refund the cash.\r\n9.\tOnce the eGift card is issued, Lifestyle will not entertain any request for cancellation. Any exchange by the bearer will be considered a valid discharge of Lifestyle's liability.\r\n10.\tDisputes if any, shall be subject to Bangalore jurisdiction.\r\n11.\tFor any assistance, call customer care at 18001231555.\r\n12.\tNo replacement/compensation is permissible for lost eGift card.\r\n13.\tMultiple e-gift cards can be redeemed in single invoice.""}","{""raw"":""https://giftbig.s3.amazonaws.com/microsite/product/EGCGBHC015/d/thumbnail/8157_microsite.jpg""}","2025-11-27T14:38:48.620826+00:00",,"2025-11-27T14:38:48.620826+00:00","2025-11-27T20:13:18.636466+00:00",,"4b9e758e-7c45-4642-ac6e-641028f0d9a5","{}","[{""image"":null,""title"":""Walk in-to Home Centre store.""},{""image"":null,""title"":""Select the applicable product, based on the Gift card type (refer terms & conditions).""},{""image"":null,""title"":""At the Billing Counter, inform the cashier about the choice of making payment using Gift Cards.""},{""image"":null,""title"":""Cashier selects Gift Card as payment mode, submits Gift Card details in the system and completes the billing process.""}]","100","10000","2025-11-27T14:38:47.465+00:00","Online","Multiple","home, gift, card","365"
"3ba89282-38ed-442a-b975-29794e90ebab","NINTUSVEGPARTY","Nintendo US - Vegas Party","Gaming","9","799","Fixed","0","1","","{""text"":""1. Valid for the USA accounts only\r\n2. This card cannot be exchanged for cash. \r\n3. Card balances cannot be redeemed for cash or for third-party stored value, and are non-refundable unless required by law.\r\n4. Card balances will not be replaced by Nintendo or your retailer if the card is lost or stolen.\r\n5. For the purchase of games, software, and any other item you can purchase on Nintendo E-shop""}","{""raw"":""https://at.valuedesign.co.in/media/uploads/products/US-VegasParty---800x800.png""}","2025-11-27T14:38:48.620826+00:00",,"2025-11-27T14:38:48.620826+00:00","2025-11-27T20:13:18.841464+00:00",,"1bbf49a5-e8bf-475d-a1fd-e542d5597afe","{}","[{""image"":null,""title"":""Valid for the USA accounts only""},{""image"":null,""title"":""Select Nintendo eShop on the HOME Menu to launch the Nintendo eShop.""},{""image"":null,""title"":""Select the account you want to use.""},{""image"":null,""title"":""Select Enter Code on the left side of the screen.""},{""image"":null,""title"":""Enter the 16 character download code.""},{""image"":null,""title"":""Select OK to confirm.""},{""image"":null,""title"":""The game will begin downloading once the code is confirmed.""}]","0","0","2025-11-27T14:38:47.466+00:00","Online","1","gaming","365"
"813a6bd1-453f-4138-a931-2c79283b96ab","BeyoungCH1DBeC7KR3fhkGk","Beyoung","Fashion & Lifestyle","23","500,1000,1500,2000","Fixed","0","1","Reboot your style quotient with quality apparels from Beyoung. Focused on clothing for youth, Beyoung is known for its distinctive, out of the box designs and trendy product range. The brand creates clothing products and accessories for you, the Beyoungsters to represent your style, opinions and personality with the latest fashion trends. So get into the creativity zone with the brand?s versatile options on offer ensuring it has the heart and soul of Be ?Young'' in it","{""text"":""1.This is a Beyoung Insta Gift Voucher (GV) / Gift Card (GC) and would be accepted on the website at www.beyoung.in <br/>2.The person who has the Instant Gift Voucher is deemed to be the beneficiary. <br/>3.Only valid Instant Gift Vouchers at the sole discretion of Beyoung shall be accepted for redemption. <br/>4.Multiple vouchers can be used against one bill. <br/>5.Partial redemption is allowed but no refund or credit note would be issued against an unused or partially used Instant Gift Voucher. Any unused amount shall remain as EPay balance which can be utilized till the balance gets exhausted or expires. <br/>6.Instant Gift Voucher CANNOT be revalidated once expired and cannot be cancelled under any circumstances. <br/>7.Beyoung or its affiliates are not responsible on account of the beneficiary sharing the Instant Gift Voucher number and the voucher getting redeemed on that account. <br/>8.Beyoung makes full efforts to accept Insta Gift Codes (GV) but on account of any technical / administrative reasons may refuse to accept the same. <br/>9.If an Instant Gift Voucher gets blocked on account of technical issue, it would get activated in 72 hours. <br/>10.Any dispute should be referred to the company from where the Instant Gift Voucher has been received, decision of the company shall be final. <br/>11.For any queries / issues related to GV / GC, raise a request at www.gvhelpdesk.com.""}","{""raw"":""https://at.valuedesign.co.in/media/uploads/products/Beyoung.png""}","2025-11-27T14:38:48.620826+00:00",,"2025-11-27T14:38:48.620826+00:00","2025-11-27T20:13:18.961667+00:00",,"4ead20e7-9a15-4b5f-bdb4-3ebafe4daf71","{""0"":""Cash on delivery cannot be clubbed with GV"",""1"":""Multiple vouchers can be used in one bill."",""2"":""GV / GC CAN NOT be revalidated once expired."",""3"":""Visit https://www.gftr.it to activate/add E-Pay Code to your account.""}","[{""image"":""https://at.valuedesign.co.in/media/uploads/products/Beyoung/1.png"",""title"":""Visit https://www.beyoung.in Select the product and add the product to the cart.""},{""image"":""https://at.valuedesign.co.in/media/uploads/products/Beyoung/2.png"",""title"":""At the check-out payment page, Select the E-pay option. Enter your mobile no followed by OTP for entering the voucher.""},{""image"":null,""title"":""Click on the add gift voucher to your ePAY balance. Your vouchers will be listed there.You can manually enter the GV by clicking add gift voucher manually.You can pay for the balance amount if any by using any of the payment modes available.""}]","0","0","2025-11-27T14:38:47.466+00:00","Online","Multiple","brand, fashion, get","365"
"b213f981-8105-4b27-862e-f0c062024154","NINTUSSUSHUBAREXP","Nintendo US - Sushi Bar Express","Gaming","9","1199","Fixed","0","1","","{""text"":""1. Valid for the USA accounts only\r\n2. This card cannot be exchanged for cash. \r\n3. Card balances cannot be redeemed for cash or for third-party stored value, and are non-refundable unless required by law.\r\n4. Card balances will not be replaced by Nintendo or your retailer if the card is lost or stolen.\r\n5. For the purchase of games, software, and any other item you can purchase on Nintendo E-shop""}","{""raw"":""https://at.valuedesign.co.in/media/uploads/products/US-SushibarExpress---800x800.png""}","2025-11-27T14:38:48.620826+00:00",,"2025-11-27T14:38:48.620826+00:00","2025-11-27T20:13:19.119784+00:00",,"1bbf49a5-e8bf-475d-a1fd-e542d5597afe","{}","[{""image"":null,""title"":""Valid for the USA accounts only""},{""image"":null,""title"":""Select Nintendo eShop on the HOME Menu to launch the Nintendo eShop.""},{""image"":null,""title"":""Select the account you want to use.""},{""image"":null,""title"":""Select Enter Code on the left side of the screen.""},{""image"":null,""title"":""Enter the 16 character download code.""},{""image"":null,""title"":""Select OK to confirm.""},{""image"":null,""title"":""The game will begin downloading once the code is confirmed.""}]","0","0","2025-11-27T14:38:47.466+00:00","Online","1","gaming","365"
"982c251a-6bf1-464d-ad64-1e9a26bdbe7a","NINTUSMOZREQ","Nintendo US - Mozart Requiem","Gaming","9","1199","Fixed","0","1","","{""text"":""1. Valid for the USA accounts only\r\n2. This card cannot be exchanged for cash. \r\n3. Card balances cannot be redeemed for cash or for third-party stored value, and are non-refundable unless required by law.\r\n4. Card balances will not be replaced by Nintendo or your retailer if the card is lost or stolen.\r\n5. For the purchase of games, software, and any other item you can purchase on Nintendo E-shop""}","{""raw"":""https://at.valuedesign.co.in/media/uploads/products/US-Mozart-Requiem---800x800.png""}","2025-11-27T14:38:48.620826+00:00",,"2025-11-27T14:38:48.620826+00:00","2025-11-27T20:13:19.230081+00:00",,"1bbf49a5-e8bf-475d-a1fd-e542d5597afe","{}","[{""image"":null,""title"":""Valid for the USA accounts only""},{""image"":null,""title"":""Select Nintendo eShop on the HOME Menu to launch the Nintendo eShop.""},{""image"":null,""title"":""Select the account you want to use.""},{""image"":null,""title"":""Select Enter Code on the left side of the screen.""},{""image"":null,""title"":""Enter the 16 character download code.""},{""image"":null,""title"":""Select OK to confirm.""},{""image"":null,""title"":""The game will begin downloading once the code is confirmed.""}]","0","0","2025-11-27T14:38:47.466+00:00","Online","1","gaming","365"
"791da853-eccf-4bb1-9677-a7e0f9faae0a","STEAMTHEDIND4162","[Steam] The Elder Scrolls IV: Oblivion Remastered IND","Gaming","9","4162","Fixed","0","1","","{""text"":""1. Please be careful when selecting the regional code you wish to buy. Once the code leaves our secure inventory, we can no longer guarantee the validity of the code; therefore after an order has been sent we cannot return or exchange it.\r\n2. Codes have a 3 year validity from the date of purchase.\r\n3. Code will not be replaced by the brand or your retailer if the card is lost or stolen.\r\n4. Code cannot be exchanged for cash.""}","{""raw"":""https://at.valuedesign.co.in/media/""}","2025-11-27T14:38:48.620826+00:00",,"2025-11-27T14:38:48.620826+00:00","2025-11-27T20:13:19.316835+00:00",,"1bbf49a5-e8bf-475d-a1fd-e542d5597afe","{}","[{""image"":null,""title"":""Download and installed the Steam Client on your computer.""},{""image"":null,""title"":""Run the Steam Client.""},{""image"":null,""title"":""Create an account on Steam or login if you already have one.""},{""image"":null,""title"":""Activate your purchased keys into your Steam account and install the game.""}]","0","0","2025-11-27T14:38:47.466+00:00","Online","1","steam, ind","1095"
"7241328d-93dc-440f-8124-bc148e7dcdb5","FreecultrBDZ0i7R1PUWYH2ia","Freecultr","E-Commerce","20.5","500,1000","Fixed","0","1","Apparel that moves with you! Yes, Freecultr offers you premium innerwear and the choicest range of clothing for both men and women. It?s time for you to break the everyday stereotypes in style. The products offered by Freecultr are the ultimate combination of style and comfort. With Freecultr Gift Cards, you can easily find and shop the best of clothing at great prices.","{""text"":""1. This is a Freecultr Instant Gift Voucher (GV) / Gift Card (GC) and would be accepted on the website. <br/>2. The person with the Freecultr GV / GC Code is deemed the beneficiary. <br/>3. Freecultr is not responsible if the Gift card is lost, stolen, or used without permission. <br/>4. This is a Freecultr GV / GC cannot be redeemed on specific block-out dates as may be intimated/updated by Freecultr on its website from time to time. Freecultr may add or delete any date(s)/period(s) at its sole discretion without any liability. <br/>5. This is a ONE time use GV / GC with an expiration date. <br/>6. No credit note/refund for the unused balance amount of the GV / GC will be given. <br/>7. Any such unused balance amount shall stand lapsed automatically. <br/>8. Freecultr GV / GC CANNOT be revalidated once expired or cancelled under any situations. <br/>9. Freecultr GV / GC cannot be clubbed with any one of the existing offers on its website. <br/>10. Freecultr GV / GC cannot be redeemed on specific block-out dates as may be intimated/updated by Freecultr on its website from time to time. Freecultr may add or delete any date(s)/period(s) at its sole discretion without any liability. <br/>11. Any dispute related to the GV / GC should be referred to the issuing company and the decision of the issuing company shall be final. In case of any legal disputes, the courts in Delhi shall have exclusive jurisdiction. <br/>12. Freecultr shall on a best effort basis attempt to accept Instant Gift Vouchers (GV) / Gift Card (GC), but on account of any technical reason or for any reason beyond the control of Freecultr, GV / GC may not get accepted on the website and Freecultr shall have no liability for the same. <br/>13. If an Insta Gift Voucher (GV) /Gift Card (GC) gets blocked on account of a technical issue, it would get enabled in 72 hours. In case of transaction failures after Instant Gift Voucher (GV) / Gift Card (GC) is applied, the amount would be automatically refunded to the same cards within 48 hours post intimation of the same to accounts/ crm mail address. <br/>14. Freecultr reserves the right to edit/change the terms and conditions for the Instant Gift Voucher (GV) / Gift Card (GC) at any time without any notice or liability. <br/>15. Freecultr has the final authority on the interpretation of these rules. <br/>16. Freecultr reserves the right to withdraw the Instant Gift Voucher (GV) / Gift Card (GC) scheme/offer before the completion of the validity period without any notice or liability at its sole discretion. <br/>17. Freecultr reserves the right to deny accepting any Instant Gift Voucher (GV) / Gift Card (GC), if it suspects that cards are duplicated. <br/>18. In no event the liability of Freecultr for any claims shall exceed the value of the Instant Gift Voucher (GV) / Gift Card (GC) in dispute. <br/>19. For any queries / issues related to GV / GC, raise a request at www.gvhelpdesk.com.""}","{""raw"":""https://at.valuedesign.co.in/media/uploads/products/Freecultr.png""}","2025-11-27T14:38:48.620826+00:00",,"2025-11-27T14:38:48.620826+00:00","2025-11-27T20:13:19.500189+00:00",,"4b9e758e-7c45-4642-ac6e-641028f0d9a5","{""0"":""Gift vouchers CAN be used online at Freecultr Website"",""1"":""Gift Vouchers CAN be clubbed with ongoing promotions/offers"",""2"":""Maximum 1 Gift Vouchers can be used in one purchase"",""3"":""Freecultr Gift Cards cannot be refunded or returned""}","[{""image"":""https://at.valuedesign.co.in/media/uploads/products/Freecultr/1.png"",""title"":""Visit the website and log in using your credentials. Add to the cart your desired products\t""},{""image"":""https://at.valuedesign.co.in/media/uploads/products/Freecultr/2.png"",""title"":""Select your best voucher applicable code (existing coupon code) and click to pay. Mention the 16-digit code of the gift card in the discount section\t""},{""image"":null,""title"":""On the payment page check the Gift Voucher/ Discount Code tab. The remaining amount can be paid using the available payment methods\t""}]","0","0","2025-11-27T14:38:47.464+00:00","Both","Multiple","range, products, gift","365"
"24e0726d-8626-4dc6-a501-b75cd04a3f4a","Avastgf8AECWafSrOeeSK","Avast","E-Commerce","13.5","250,500,1000,1500","Fixed","0","1","Are you suffering from malware on your computers and intelligent systems? Avast has created the world's largest cybersecurity network, protecting people and businesses from attacks online. Every month on an average, Avast blocks over 1.5 billion malware attacks.Shop for malware solutions using Avast Gift Cards and save money on your important expenses.","{""text"":""1.This Avast Gift voucher is valid for 6 months from the date voucher is received and can be redeemed only for merchandise on www.avastavg.in <br/>2.In case, the value of merchandise purchased exceeds the value of the voucher, the difference shall be paid by the bearer via payment options on www.avastavg.in  <br/>3.Any balance amount on the used voucher, cannot be utilized for another purchase. <br/>4.No extension/revalidation of the voucher code is possible to post the expiry date. <br/>5.Multiple vouchers can be used in one Invoice. This voucher cannot be redeemed, replaced, refunded, revalidated, or exchanged for cash.  <br/>6.Protecting the voucher number and the PIN to avoid misuse, is the responsibility of the voucher purchaser.  <br/>7.JRS Investments (on behalf of Avast-AVG) reserves the right to reject a voucher if any fraudulent activity is suspected and shall not assume any liability in case the voucher PIN gets stolen/compromised.   <br/>8.The pricing of the products listed is subject to change and is at the discretion of JRS Investments (on behalf of Avast-AVG). <br/>9.JRS Investments (on behalf of Avast-AVG) is the final authority on the interpretation of these Terms & Conditions. <br/>10.Terms & Conditions are subject to change without notice. Disputes would be subject to the exclusive jurisdiction of Mumbai courts only. <br/>11.For any queries/issues related to GV / GC, raise a request at www.gvhelpdesk.com <br/>12.For customer support, please email: support@avastavg.in or call: +91 99309 11136""}","{""raw"":""https://at.valuedesign.co.in/media/uploads/products/Avsast.webp""}","2025-11-27T14:38:48.620826+00:00",,"2025-11-27T14:38:48.620826+00:00","2025-11-27T20:13:19.6813+00:00",,"4b9e758e-7c45-4642-ac6e-641028f0d9a5","{}","[]","0","0","2025-11-27T14:38:47.464+00:00","Both","Multiple","shop, gift, cards","180"
"3d031af6-d9c2-46c2-b586-d85cda3e0f74","EGCGBRBL001","Luxe E-Gift Card","Fashion & Lifestyle","12","1000-10000","Variable","0","1","Luxe gift card - One Card. Several Indulgences, unlocks a world of fashion\r\nand lifestyle shopping experiences with a plethora of 30+ international\r\nbrands across 380+ stores in India. The curated selection of brands which\r\nare covered are Armani Exchange, Bally, Bottega Veneta, Brooks Brother,\r\nCanali, Coach, Diesel, Dune London, Emporio Armani, G-Star Raw, GAS,\r\nGiorgio Armani, Hamleys, Hugo Boss, Hunkemöller, Jimmy Choo, Kate Spade,\r\nMichael Kors, Mothercare, Paul&Shark, Paul Smith, Replay, Salvatore\r\nFerragamo, Satya Paul, Scotch & Soda, Steve Madden, Superdry, The White\r\nCrow, Tumi & Villeroy&Boch","{""text"":""1.\tThese Terms & Conditions are for the electronic version of the Luxe Gift Card.\r\n2.\tLuxe Gift Card is issued  is valid for 12 months from the date of purchase.\r\n3.\tLuxe Gift Card is redeemable at more than 30 participatory brands across India.\r\n4.\tFor locations, visit - https://luxegiftcard.com/pages/store-locator\r\n5.\tLuxe Gift Card is not redeemable at airport stores.\r\n6.\tLuxe Gift Card can be redeemed only once until expiry.\r\n7.\tIn case the value of the merchandise exceeds the value of the gift card, the difference shall be paid by the bearer. No refunds/credit note shall be issued for unused part of the Luxe Gift Card.\r\n8.\tProtect the Luxe Gift Card to avoid misuse. RBL or Pine Labs Private Limited shall not assume any liability in case the PIN gets stolen / compromised, RBL shall neither replace the Luxe Gift Card nor refund in any form.\r\n9.\tMultiple Luxe Gift Cards can be used in a single transaction.\r\n10.\tOnce issued, Luxe Gift Card cannot be cancelled or blocked.\r\n11.\tLuxe Gift Card can be redeemed only against full priced merchandise.\r\n12.\tTo activate this gift card, SMS ACT<16-Digit Card Number><6-Digit Card Pin> to 9704200300\r\n13.\tFor balance enquiry & validity, please SMS <16-Digit Card Number> to 9704200300 or visit any merchant location.\r\n14.\tFor complete T&Cs, participating brands and store locations visit luxegiftcard.com\r\n15.\tFor bulk enquiries or assistance, contact us at info@luxegiftcard.com\r\n16.\tBy purchasing this gift voucher, you consent to sharing your PII ( Name, Email ID, Telephone Number if available ) with the issuer ( PineLabs ), as per the guidelines of PPI.""}","{""raw"":""https://giftbig.s3.amazonaws.com/microsite/product/EGCGBRBL001/d/thumbnail/1539_microsite.jpg""}","2025-11-27T14:38:48.620826+00:00",,"2025-11-27T14:38:48.620826+00:00","2025-11-27T20:13:19.770487+00:00",,"4ead20e7-9a15-4b5f-bdb4-3ebafe4daf71","{}","[{""image"":null,""title"":""Redeem your eGift Card at a participating brand of your choice by providing the e-voucher number and voucher PIN.""},{""image"":null,""title"":""To activate this gift card, SMS ACT < space ><16-Digit Card Number>< space >< CardPin > to 9704200300""}]","1000","10000","2025-11-27T14:38:47.464+00:00","Both","Multiple","gift, card, one","360"
"b87c942f-c52b-46e7-beb7-8c633a8ac345","BlaupunktPNonm9SlIkwE8KZf","Blaupunkt","Fashion & Lifestyle","11","500,1000,2000","Fixed","0","1","A renowned German Brand, BlauPunkt offers superior quality Bluetooth headphones, speakers, and sound phones. These products are designed by blending in cutting-edge technology with superior parts so that you have a great time listening to your favorite music, podcasts, or while watching movies at home. Bluetooth headphones and earphones make every phone and online conversation clearer and more pleasant. Get discounts on audio devices with BlauPunkt gift vouchers that GyFTR offers.","{""text"":""1.This is Blaupunkt Insta Gift Voucher (GV) / Gift Card (GC) and would be accepted at https://blaupunktaudio.in/  <br/>2.The Gift voucher is issued by Enventworld <br/>3.The person who has the Blaupunkt GV / GC Code is deemed to be the beneficiary. <br/>4.Blaupunkt is not responsible if the Gift card is lost, stolen or used without permission. <br/>5.A Maximum of 2 GV / GC CAN be used in one bill/transaction. <br/>6.This is a ONE time use GV / GC with an expiration date. <br/>7.No credit note / refund for the unused balance amount of the GV / GC will be given. <br/>8.Any such unused balance amount shall stand lapsed automatically. <br/>9.Blaupunkt GV / GC CANNOT be revalidated once expired or cancelled under any situations. <br/>10.Blaupunkt GV / GC can be clubbed with any one of the existing offer on its website. <br/>11.Blaupunkt GV / GC cannot be redeemed on specific block out dates as may be intimated / updated by Blaupunkt on its website from time to time. Blaupunkt may add or delete any date(s)/period(s) on its sole discretion without any liability. <br/>12.Any dispute related to the GV / GC should be referred to the issuing company and the decision of the issuing company shall be final. In case of any legal disputes, the courts at New Delhi shall have the exclusive jurisdiction. <br/>13.Blaupunkt shall on best effort basis attempt to accept Insta Gift Vouchers (GV) / Gift Card (GC), but on account of any technical reason or for any reason beyond control of Blaupunkt, GV / GC may not get accepted on the website and Blaupunkt shall have no liability for the same. <br/>14.If an Insta Gift Voucher (GV) /Gift Card (GC) gets blocked on account of technical issue, it would get enabled in 72 hours. In case of transaction failures after Insta Gift Voucher (GV) / Gift Card (GC) is applied, amount would be automatically refunded to the same cards within 48 hours <br/>15.For any queries / issues related to GV / GC, you can write in to help@gyftr.com or call 1800 1033 314.  <br/>16.Blaupunkt reserves the rights to edit/change the terms and conditions for the Insta Gift Voucher (GV) / Gift Card (GC) at any time without any notice or liability. <br/>17.Blaupunkt has the final authority on the interpretation of these rules. <br/>18.Blaupunkt reserves the right to withdraw Insta Gift Voucher (GV) / Gift Card (GC) scheme/offer before the completion of validity period without any notice or liability at its sole discretion. <br/>19.Blaupunkt reserves the right to deny accepting any Insta Gift Voucher (GV) / Gift Card (GC), if it suspects that there is duplicity of cards. <br/>20.In no event the liability of Blaupunkt for any claims shall exceed the value of the Insta Gift Voucher (GV) / Gift Card (GC) in dispute.""}","{""raw"":""https://at.valuedesign.co.in/media/uploads/products/Blaupunkt.png""}","2025-11-27T14:38:48.620826+00:00",,"2025-11-27T14:38:48.620826+00:00","2025-11-27T20:13:19.593303+00:00",,"4ead20e7-9a15-4b5f-bdb4-3ebafe4daf71","{""0"":"" Gift voucher CAN be used at https://blaupunktaudio.in/ "",""1"":"" Two vouchers can be used in one bill/transaction."",""2"":"" Blaupunkt GV / GC can be clubbed with any one of the existing offer on its website. ""}","[{""image"":""https://at.valuedesign.co.in/media/uploads/products/Blaupunkt/1.png"",""title"":""Once Code applied, Discounted price will appear as per value of GC/GV.""}]","0","0","2025-11-27T14:38:47.485+00:00","Online","Multiple","brand, home, every","365"
"ff9aa9ae-1e99-43e4-9b30-f3ecb72e7e18","FernsNPetalsexQfDcyfUkvLKlk8","Ferns N Petals","E-Commerce","11","500,1000","Fixed","0","1","Send your loved ones the bouquet of fresh hand picked flowers and plants from Ferns N Petals. Pick from thousands of flower arrangements and gifting options through their website and bring a smile on your near one?s face. Use Ferns N Petals Gift Vouchers and Gift Cards to get discounted deals on listings at www.fnp.com.","{""text"":""1.The holder of the Instant Gift Voucher is deemed to be the beneficiary. <br/>2.Gift Vouchers CANNOT be used directly at FnP Outlets. <br/>3.The GV cannot be redeemed on existing discount offers available on the FNP website. <br/>4.Partial redemption is allowed but no refund or credit note would be issued against an unused or partially used Instant Gift Voucher. <br/>5.Instant Gift Voucher cannot be revalidated once expired <br/>6.Instant Gift Vouchers will be accepted only at FNP.com, but Ferns N Petals at its sole discretion may add or remove category or product from the list without giving any prior notice <br/>7.This Instant Gift Voucher cannot be redeemed on specific block out dates, Ferns N Petals may add or delete any date at its sole discretion <br/>8.Any dispute should be referred to the company from where the Instant Gift Voucher has been received, decision of the company shall be final <br/>9.Multiple Gift Vouchers CANNOT be used in one bill. <br/>10.For any queries / issues related to GV / GC, raise a request at www.gvhelpdesk.com""}","{""raw"":""https://at.valuedesign.co.in/media/uploads/products/FernsNPetals.png""}","2025-11-27T14:38:48.620826+00:00",,"2025-11-27T14:38:48.620826+00:00","2025-11-27T20:13:19.856575+00:00",,"4b9e758e-7c45-4642-ac6e-641028f0d9a5","{""0"":""Gift Vouchers CAN be redeemed ONLY on https://www.fnp.com/ &amp; App."",""1"":""Only one Gift Vouchers CAN be used against one bill."",""2"":""Gift Vouchers CANNOT be used multiple times."",""3"":""Gift Vouchers CANNOT be used directly at FnP Outlets.""}","[{""image"":""https://at.valuedesign.co.in/media/uploads/products/FernsNPetals/1.png"",""title"":""Login on the website.\t""},{""image"":""https://at.valuedesign.co.in/media/uploads/products/FernsNPetals/2.png"",""title"":""Select the product and add to the cart\t""},{""image"":""https://at.valuedesign.co.in/media/uploads/products/FernsNPetals/3.png"",""title"":""On the cart page click on the <span>Have a Discount Coupon</span> Tab.\t""},{""image"":""https://at.valuedesign.co.in/media/uploads/products/FernsNPetals/4.png"",""title"":""Enter the Gift Voucher & click on Apply\t""},{""image"":null,""title"":""Proceed to the checkout & pay rest by modes on payment options available if required.\t""}]","0","0","2025-11-27T14:38:47.467+00:00","Online","Multiple","through, their, one","365"
"bba728bf-59d3-4828-8d16-00637ddc43b3","LiveMintDvNn1Yj4agYDMzie","Live Mint","E-Commerce","38","2949,4999","Fixed","0","1","Get Gift Vouchers and Gift Cards for Mint, which is one of India's premium business news publications. mint covers the economy, capital markets, corporate policies, personal finance, Startup, technology, and consumer views that make it a critical reach vehicle for the top end audience. Mint is the second most-read business paper in terms of readership in India
Live mint- Half Yearly Subscription @1799
Live mint- Yearly Subscription @2949
Live mint + Wall Street Journal- Yearly Subscription @3","{""text"":""1.This is a Live Mint Insta Gift Voucher (GV) / Gift Card (GC) of Half Yearly Subscription and would be accepted on their website. <br/>2.The person who has the Live Mint GV / GC Code is deemed to be the beneficiary. <br/>3.Live Mint is not responsible if the Gift card is lost, stolen or used without permission. <br/>4.Only One GV / GC can be used in one bill/transaction. <br/>5.This is a ONE time use GV / GC with an expiration date. <br/>6.No credit note / refund for the unused balance amount of the GV / GC will be given. <br/>7.Any such unused balance amount shall stand lapsed automatically.  <br/>8.Live Mint GV / GC CANNOT be revalidated once expired or cancelled under any situations. <br/>9.Live Mint GV / GC can be clubbed with any one of the existing offer on its website. <br/>10.Live Mint GV / GC cannot be redeemed on specific block out dates as may be intimated / updated by Live Mint on its website from time to time. Live Mint may add or delete any date(s)/period(s) on its sole discretion without any liability. <br/>11.Any dispute related to the GV / GC should be referred to the issuing company and the decision of the issuing company shall be final. In case of any legal disputes, the courts at Mumbai shall have the exclusive jurisdiction.  <br/>12.Live Mint shall on best effort basis attempt to accept Insta Gift Vouchers (GV) / Gift Card (GC), but on account of any technical reason or for any reason beyond control of Live Mint, GV / GC may not get accepted on the website and shall have no liability for the same. <br/>13.If an Insta Gift Voucher (GV) /Gift Card (GC) gets blocked on account of technical issue, it would get enabled in 72 hours. In case of transaction failures after Insta Gift Voucher (GV) / Gift Card (GC) is applied, amount would be automatically refunded to the same cards within 48 hours <br/>14.For any queries / issues related to GV / GC, you can write in to help@gyftr.com or call 1800 1033 314. <br/>15.Live Mint reserves the rights to edit/change the terms and conditions for the Insta Gift Voucher (GV) / Gift Card (GC) at any time without any notice or liability. <br/>16.Live Mint has the final authority on the interpretation of these rules. <br/>17.Live Mint reserves the right to withdraw Insta Gift Voucher (GV) / Gift Card (GC) scheme/offer before the completion of validity period without any notice or liability at its sole discretion. <br/>18.Live Mint reserves the right to deny accepting any Insta Gift Voucher (GV) / Gift Card (GC), if it suspects that there is duplicity of cards. <br/>19.In no event the liability of Live Mint for any claims shall exceed the value of the Insta Gift Voucher (GV) / Gift Card (GC) in dispute.""}","{""raw"":""https://at.valuedesign.co.in/media/uploads/products/LiveMint.png""}","2025-11-27T14:38:48.620826+00:00",,"2025-11-27T14:38:48.620826+00:00","2025-11-27T20:13:20.033896+00:00",,"4b9e758e-7c45-4642-ac6e-641028f0d9a5","{""0"":""Gift voucher CAN be used on the website at https://www.livemint.com and the app."",""1"":""Only 1 voucher can be used in one bill/transaction"",""2"":""No credit note or refund for the unused balance amount of the GV / GC will be given.""}","[]","0","0","2025-11-27T14:38:47.467+00:00","Online","Multiple","mint, get, gift","365"
"b5119edf-5ae7-471c-a53c-5798fc24b8e6","EGCGBMARI006","Marriott India Egift Card-SPA Variant-B2C","Tour & Travel","7","1000-10000","Variable","0","1","Marriott International in India encompasses a portfolio of 135 hotels under 16 leading brands spanning more than 35 cities. Marriott operates and franchises hotels and licenses vacation ownership resorts all around the world. The company offers Marriott Bonvoy™, its highly awarded travel program. For more information, please visit our website at www.marriott.com, and for the latest company news, visit www.marriottnewscenter.com. In addition, connect with us on Facebook and @MarriottIntl on Twitter and Instagram Redefining the art of gifting! Gift an experience to your loved ones with the Marriott India Gift Card and let every occasion be a special way to say you care. Enjoy luxurious stays, exquisite dining experiences, spa appointments and many more indulgences at any Marriott Hotel in India","{""text"":""1.\tThe Marriott Hotels Gift Card is issued by Pine Labs Private Limited (“Pine Labs”) under the Brand Name of Qwikcilver. This Gift Card may be applied to eligible purchases at participating Marriott hotels in India (for a list of participating hotels please refer [https://www.qwikcilver.com/terms-and-conditions/marriott-hotels].\r\n2.\tGift Card cannot be used outside of India.\r\n3.\tEligible purchases do not include advanced purchases, deposits, friends and family rates, payments for meetings, catering or group functions, negotiated rates (including volume, group, contracted, or other rates that have been previously negotiated and agreed in writing whether paid on a group or individual basis), and goods/services purchased through or provided by third parties, such as online or off-line travel agents. All other purchases made at participating Marriott hotels in India are eligible. Use of this Gift Card constitutes acceptance of terms. Certain purchases (e.g., hotel stays) may have a minimum age requirement. Subject to these terms, the Gift Card can be redeemed at hotel-operated restaurants, spa, salon or other services provided directly by participating hotel.\r\n4.\tMarriott Gift card needs to be registered before use. To register and activate your Marriott Gift Card, please send a SMS from your mobile phone as follows: ACTCardNumberCardPinFirstNameLastName to 9741352666\r\n5.\tThe registration can also happen through logging in to the SSA portal https://marriotthotelsindiagcbal.qwikcilver.com/QwikCilver/sclp.ssa/welcome.aspx?orgname=Marriott%20Hotels%20India\r\n6.\tThe sending of the said message to the designated mobile number and receipt of due acknowledgement thereto, shall constitute registration of the User. Marriott / Pine Labs shall honour and consider requests for blocking of Gift Cards only from users who have registered in accordance with the terms above.\r\n7.\tEach Gift Card shall be single use and only one transaction can be performed on Gift Card. Partial redemption of a Gift Card shall not be possible.\r\n8.\tThe Gift Card balance is only valid for one (1) year from the date of issuance/activation. Gift Card may not be reloaded.\r\n9.\tGift Card carries no value until activated. This Gift Card shall be deemed active upon loading of fixed denominations of INR 1000, INR 2500, INR 5000, INR 7500 or INR 10,000. The maximum denomination per card is limited to INR 10,000\r\n10.\tIf the purchase value exceeds the value of the Gift Card, the differential value should be paid by the customer who redeems the Gift Card.\r\n11.\tValid Gift Card in its original form (email) has to be presented at the time of availment. Gift Card is issued in Indian Rupees.\r\n12.\tNo fees or charges apply to Gift Cards.\r\n13.\tThis Gift Card cannot be transferred for balance value or redeemed for cash.\r\n14.\tNo replacement / compensation is permissible/ payable for lost /stolen or damaged Gift Card.\r\n15.\tGift Card and these terms are governed by the laws of India. Any dispute relating to the Gift Card shall be subject to the exclusive jurisdiction of courts at Bangalore. Marriott and related marks are trademarks of Marriott International Corporation or its affiliates.\r\n16.\tMarriott reserves the right to institute additional security and verification procedures at the time of card redemption for fraud prevention. Marriott and/or Pine Labs reserve the entitlement to amend these terms and conditions from time to time.\r\n17.\tFor complete Terms and Conditions, please visit [https://www.qwikcilver.com/terms-and-conditions/marriott-hotels ] and for Check Balance Enquiries the consumers are invited to refer to [ https://www.woohoo.in/balenq] . Gift Cards issued by Pine Labs Private Limited. All rights reserved.\r\n18.\tPlease refer the Customer Grievance policy for dispute resolution, unauthorized transactions and liability related aspects at [ https://www.qwikcilver.com/grievance-policy/].\r\n19.\tThe cardholder may request for the revalidation of the expired gift card. Upon receipt of such request the gift card may be revalidated after due verification and maybe subject to additional terms and conditions.\r\n20.\tList of participating hotels that accept Marriott Gift Card:\r\n21.\tJW Marriott Mussoorie Walnut Grove Resort & Spa\r\n22.\tGoa Marriott Resort & Spa\r\n23.\tJW Marriott Mumbai Sahar\r\n24.\tRenaissance Mumbai Convention Centre Hotel\r\n25.\tThe St. Regis Mumbai\r\n26.\tJW Marriott Hotel Bengaluru\r\n27.\tBengaluru Marriott Hotel Whitefield\r\n28.\tThe Ritz-Carlton, Bangalore\r\n29.\tSheraton Grand Bengaluru Whitefield & Convention Center\r\n30.\tSheraton Grand Chennai Resort & Spa\r\n31.\tThe Westin Gurugram, New Delhi\r\n32.\tThe Westin Sohna Resort & Spa\r\n33.\tJW Marriott Mumbai Juhu\r\n34.\tJW Marriott Hotel Kolkata\r\n35.\tThe Westin Kolkata Rajarhat\r\n36.\tAloft New Delhi Aerocity\r\n37.\tLe Meridien Gurugram, Delhi NCR\r\n38.\tLe Meridien Mahabaleshwar Resort & Spa\r\n39.\tW Goa\r\n40.\tCourtyard by Marriott Mumbai\r\n41.\tThe Westin Mumbai Garden City\r\n42.\tAloft Bengaluru Cessna Business Park\r\n43.\tSheraton Grand Bangalore At Brigade Gateway\r\n44.\tFairfield by Marriott Pune Kharadi\r\n45.\tThe Westin Pune Koregaon Park\r\n46.\tCourtyard by Marriott Agra\r\n47.\tJW Marriott Hotel Chandigarh\r\n48.\tCourtyard by Marriott Raipur\r\n49.\tFour Points By Sheraton, Kochi Infopark\r\n50.\tFour Points by Sheraton Mahablipuram Resort & Convention Center\r\n51.\tMarriott Suites Pune\r\n52.\tThe Ritz Carlton Pune\r\n53.\tFairfield by Marriott Belagavi\r\n54.\tSheraton Grand Pune Bund Garden Hotel\r\n55.\tJW Marriott Hotel Pune\r\n56.\tCourtyard by Marriott Pune Chakan\r\n57.\tCourtyard by Marriott Pune Hinjewadi\r\n58.\tFairfield by Marriott Amritsar\r\n59.\tLe Meridien Kochi\r\n60.\tCourtyard by Marriott Amritsar\r\n61.\tCourtyard by Marriott Bilaspur\r\n62.\tSheraton Hyderabad Hotel\r\n63.\tKochi Marriott Hotel\r\n64.\tHyderabad Marriott Hotel & Convention Centre\r\n65.\tCourtyard by Marriott Hyderabad\r\n66.\tFairfield by Marriott Coimbatore\r\n67.\tThe Westin Chennai, Valechery\r\n68.\tCourtyard by Marriott Kochi\r\n69.\tCourtyard by Marriott Siliguri\r\n70.\tIndore Marriott Hotel\r\n71.\tJW Marriott Hotel New Delhi Aerocity\r\n72.\tTribute Kochi\r\n73.\tFairfield by Marriott Sriperumbudur\r\n74.\tJaipur Marriott Hotel\r\n75.\tCourtyard by Marriott Bengaluru ORR\r\n76.\tFairfield by Marriott Bengaluru ORR\r\n77.\tRenaissance Lucknow Hotel\r\n78.\tSheraton Grand Palace Indore\r\n79.\tLe Meridien Jaipur Resort & Spa\r\n80.\tCourtyard by Marriott Madurai\r\n81.\tFairfield by Marriott Visakhapatnam\r\n82.\tFairfield by Marriott Goa Anjuna\r\n83.\tCourtyard by Marriott Gurugram\r\n84.\tMarriott Executive Apartments Hyderabad\r\n85.\tFour Points By Sheraton, Bengaluru Whitefield\r\n86.\tFour Points by Sheraton, Srinagar\r\n87.\tCourtyard by Marriott Bhopal\r\n88.\tFairfield by Marriott Bengaluru Whitefiled\r\n89.\tFairfield by Marriott Bengaluru Rajajinagar\r\n90.\tFairfield by Marriott Jodhpur Hotel\r\n91.\tCourtyard by Marriott Bengaluru Hebbal\r\n92.\tCourtyard by Marriott Chennai\r\n93.\tLe Meridien Goa, Calangute\r\n94.\tRenaissance Ahmedabad Hotel\r\n95.\tFairfield by Marriott Kolkata\r\n96.\tLe Meridien Nagpur\r\n97.\tJaisalmer Marriott Resort & Spa\r\n98.\tCourtyard by Marriott_Aravali\r\n99.\tFairfield by Marriott_Indore\r\n100.\tFairfield by Marriott Agra\r\n101.\tMarriott Executive Apartments\r\n102.\tCourtyard by Marriott_Navi Mumbai\r\n103.\tSt Regis Goa\r\n104.\tThe Westin Resort and Spa Himalayas\r\n105.\tFairfield by Marriott Goa, Benaulim\r\n106.\tJW Marriott Bengaluru Prestige Golfshire Resort & Spa\r\n107.\tE-Gift Cards are normally delivered instantly. But sometimes due to system issues, the delivery can be delayed up-to 24 - 48 hours.""}","{""raw"":""https://giftbig.s3.amazonaws.com/microsite/product/EGCGBMARI006/d/thumbnail/3320_microsite.jpg""}","2025-11-27T14:38:48.620826+00:00",,"2025-11-27T14:38:48.620826+00:00","2025-11-27T20:13:19.945467+00:00",,"b44a4dcd-7a94-4a48-a266-a96134850e89","{}","[{""image"":null,""title"":""Marriott E- Gift card needs to be registered before use. To register and activate your Marriott E-Gift Card, please send a SMS from your mobile phone as follows: ACT<space>CardNumber<space>CardPin<space>FirstName<space>LastName to 9741352666. The sending of the said message to the designated mobile number and receipt of due acknowledgement thereto, shall constitute registration of the User.""},{""image"":null,""title"":""The Marriott E-Gift Card will need to be presented via the email that the customer has received at the time of purchase.""},{""image"":null,""title"":""The customer will need to provide the 16-digit E-gift card number & the 6-digit PIN that was provided to redeem the E-Gift Card either at the time of check in or check out for room accommodation or after availing the services for F&B /Spa services at the participating Marriott Hotels""}]","1000","10000","2025-11-27T14:38:47.467+00:00","Both","Multiple","marriott, india, card","365"
"cdc5c1e7-b64a-472c-bd11-198c41b91fb3","NINTUSWORLDQUIZ","Nintendo US - World Quiz","Gaming","9","749","Fixed","0","1","","{""text"":""1. Valid for the USA accounts only\r\n2. This card cannot be exchanged for cash. \r\n3. Card balances cannot be redeemed for cash or for third-party stored value, and are non-refundable unless required by law.\r\n4. Card balances will not be replaced by Nintendo or your retailer if the card is lost or stolen.\r\n5. For the purchase of games, software, and any other item you can purchase on Nintendo E-shop""}","{""raw"":""https://at.valuedesign.co.in/media/uploads/products/US-WorldQuiz---800x800.png""}","2025-11-27T14:38:48.620826+00:00",,"2025-11-27T14:38:48.620826+00:00","2025-11-27T20:13:20.123285+00:00",,"1bbf49a5-e8bf-475d-a1fd-e542d5597afe","{}","[{""image"":null,""title"":""Valid for the USA accounts only""},{""image"":null,""title"":""Select Nintendo eShop on the HOME Menu to launch the Nintendo eShop.""},{""image"":null,""title"":""Select the account you want to use.""},{""image"":null,""title"":""Select Enter Code on the left side of the screen.""},{""image"":null,""title"":""Enter the 16 character download code.""},{""image"":null,""title"":""Select OK to confirm.""},{""image"":null,""title"":""The game will begin downloading once the code is confirmed.""}]","0","0","2025-11-27T14:38:47.467+00:00","Online","1","world","365"
"9413b0fd-7dc4-4a23-af38-a6d08b1e6560","HONSRESP1-56","Honkai: Star Rail Express Supply Pass","Gaming","10.5","434","Fixed","0","1","Honkai: Star Rail is a turn-based sci-fi RPG where players explore space stations and alien worlds with a team of anime-style characters in a richly animated universe.","{""text"":""1. Introduction\r\nThese Terms & Conditions (“T&C”) govern your use and redemption of Honkai: Star Rail gift cards. The cards are issued under the authority of COGNOSPHERE PTE. LTD. (“HoYoverse”, “we”, “us”) and subject to the Honkai: Star Rail Terms of Service (https://hsr.hoyoverse.com/en-us/company/terms).\r\n\r\n2. Acceptance of Terms\r\nBy purchasing, using, or redeeming a gift card, you accept these T&C. Redemptions further bind you to the official game TOS.\r\n\r\n3. Eligibility\r\n- Gift cards may only be redeemed in supported regions and via approved storefronts.\r\n- HoYoverse reserves the right to restrict or refuse redemption for any reason, including suspicious activity.\r\n\r\n4. Gift Card Value & Expiry\r\n- The card entitles the user to in-game credit denominated on the card (e.g. Stellar Jade).\r\n- Gift cards do not expire unless local regulations require expiry.\r\n\r\n5. Redemption & Usage\r\n- Gift card codes must be redeemed via the official Honkai: Star Rail redemption portal or approved platforms.\r\n- Once redeemed, the associated game credit is non-transferable and non-refundable.\r\n\r\n6. Refunds & Cancellations\r\n- Gift cards are non-refundable and cannot be exchanged once issued.\r\n- In case of technical errors during redemption, please contact HoYoverse customer support immediately.\r\n\r\n7. Fraud & Unauthorized Use\r\n- Any attempts at purchasing or using stolen/unauthorized accounts/dashboard codes may result in card forfeiture.\r\n- Fair play rules apply: shared, traded, or multiple accounts from a single source may lead to account bans.\r\n\r\n8. Intellectual Property\r\n- Logos, game assets, and content associated with Honkai: Star Rail remain the property of HoYoverse.\r\n- Use or link to these assets must comply with HoYoverse’s brand guidelines.\r\n\r\n9. Liability Limitation\r\n- To the maximum extent permitted by law, HoYoverse provides this gift card “as-is” without warranties.\r\n- We are not liable for indirect, incidental, or consequential damages.\r\n\r\n10. Governing Law\r\n- These T&C are governed by Singapore law, and disputes are subject to the jurisdiction of its courts.\r\n\r\n11. Updates to T&C\r\n- HoYoverse may amend these T&C at its discretion.\r\n- Users will be notified of changes, and continued use constitutes acceptance.\r\n\r\n12. Contact Information\r\nFor inquiries or issues related to gift cards, please contact official Honkai: Star Rail support via the game’s website.""}","{""raw"":""https://at.valuedesign.co.in/media/""}","2025-11-27T14:38:48.620826+00:00",,"2025-11-27T14:38:48.620826+00:00","2025-11-27T20:13:20.209671+00:00",,"1bbf49a5-e8bf-475d-a1fd-e542d5597afe","{}","[{""image"":null,""title"":""Visit the redemption website https://www.redeemcodenow.com.""},{""image"":null,""title"":""Enter your 16-digit voucher code.""},{""image"":null,""title"":""Enter your User ID select your Server and provide your email address.""},{""image"":null,""title"":""Click Redeem.""},{""image"":null,""title"":""Upon successful redemption a confirmation message will appear and the in-game currency will be credited shortly.""}]","0","0","2025-11-27T14:38:47.467+00:00","Both","1","rpg, players","365"
"eeb069b7-05d3-4c54-8037-f282c068c944","EGCGBLEE001","Lee E-Gift Card","Fashion & Lifestyle","8","500-5000","Variable","0","1","Lee is the signature of quality, innovation and durability. Following with the establishment of 'H.D. Lee Mercantile Company' by Henry David Lee in Kansas, United States, Lee becomes a legendary denim brand which continues making history by its product innovations, such as the world's first-ever zip fly jeans - 101Z in 1926, iconic 'Hair-on-hide' leather label and 'Lazy S' back pocket stitching. From the launch of the 1st Lee bib to the 13oz '101' cowboy jeans, Lee demonstrates the passion of innovation over 120 years, transforming from a practical-and-durable-workwear maker to a contemporary-and-trendy fashion giant.","{""text"":""1.\tThis is a Lee Gift Voucher (“GC”) issued by Ace Turtle Omni Private Limited (“Company”), a private limited company incorporated under the laws of India authorised to issue the GC.\r\n2.\tThe GC shall only be accepted for the purchase of eligible products at official Lee outlets, or online stores of the Lee accessible at Lee.in subject to the terms and conditions herein.\r\n3.\tThe customer can visit lee.in, link it to their lee.in account via OTP, and redeem the GC online.\r\n4.\tThe GC value will be added to the wallet.\r\n5.\tThe customer can visit the Lee store and share the GC number with the store team for redemption.\r\n6.\tThe store team will validate the E-GC by entering an OTP.\r\n7.\tIf the OTP is valid, the GC value will be added to the wallet, and the customer can use the desired amount.\r\n8.\tThe GC will expire within 12 month period from the date of activation. The GC cannot be revalidated once expired or cancelled under any situation.\r\n9.\tThe holder of the GC is deemed to be the beneficiary of the GC. The GC can only be used by a single beneficiary for multiple transactions till the amount loaded on the card expires.\r\n10.\tMaximum of 5 GC can be used against one bill.\r\n11.\tThe Company or its affiliates will not be responsible if a GC is lost, stolen, destroyed or used without permission.\r\n12.\tNo refund or credit note for the unused amount of the GC will be given.\r\n13.\tThe GC cannot be redeemed on specific block out dates as may be intimated / updated by Company from time to time. The Company may add or delete any date(s) / period(s) in its sole discretion without any liability.\r\n14.\tThe Company shall make full efforts to accept the GC, but on account of any technical, administrative reasons or any reason beyond the control of the Company, the GC may not be accepted, and the Company shall have no liability for the same.\r\n15.\tIf a GC gets blocked on account of technical issue, the Company will make best efforts to re-activate it in 72 hours\r\n16.\tThe Company reserves the right to revise the terms and conditions of the GC at its sole discretion without any notice or liability.\r\n17.\tIf a product purchased using the GC is returned and refund requested, the amount refunded will be the total order amount minus the value amount of the GC. It is clarified that if the cancellation/refund is initiated within the validity period of the Instant Gift Card then the GC will be re-activated and may be used again.\r\n18.\tAny dispute relating to the GC should be referred to the Company and the decision of the Company shall be final. In case of any legal disputes, the courts of Bengaluru shall have exclusive jurisdiction.\r\n19.\tIn no event shall the liability of the Company or its affiliates for any claims exceed the monetary value of the GC in dispute.\r\n20.\tFor any queries in relation to the GC please contact customer.care@aceturtle.com or +91- 9663601024.""}","{""raw"":""https://giftbig.s3.amazonaws.com/microsite/product/EGCGBLEE001/d/thumbnail/9368_microsite.jpg""}","2025-11-27T14:38:48.620826+00:00",,"2025-11-27T14:38:48.620826+00:00","2025-11-27T20:13:20.297882+00:00",,"4ead20e7-9a15-4b5f-bdb4-3ebafe4daf71","{}","[{""image"":null,""title"":""The customer will arrive with a Gift Card.""},{""image"":null,""title"":""They will share the Gift Card number with the store team for redemption.""},{""image"":null,""title"":""The store team will validate the E-Gift card by entering an OTP.""},{""image"":null,""title"":""If the OTP is valid, the Gift Card value will be added to the wallet, and the customer can use the desired amount.""}]","500","5000","2025-11-27T14:38:47.482+00:00","Online","Multiple","gift, card, brand","360"
"57e24896-4135-489c-a90f-bd8df352aea4","EGCGBJKJN001","JACK & JONES E-Gift Card","Fashion & Lifestyle","10","500-5000","Variable","0","1","One of Europe's leading producers of menswear, JACK & JONES is riding high on a strong legacy of craftsmanship, unmatched quality and exemplary style. With humble beginnings that are dated back to 1990, the brand today holds an inimitable position in the sphere of trend inspired fashion for the cosmopolitan man.\r\nWhile Jeans are the life-blood of JACK & JONES, the brand prides itself in offering a carefully curated selection of fashion forward apparel, accessories and footwear for the modern man. With more than 1000 stores across 38 countries, the brand has carved an indomitable niche for itself, and continues to build fashion inroads across the globe. Within India, currently the brand stands proud at 69 Exclusive Brand Outlets","{""text"":""1.This card entitles you to shop from any of the exclusive brand JACK&JONES stores in India\r\n2. This card is the property of Best United India Comforts Private Limited (Issuer)\r\n3. This card is valid for a period of one year from the date of purchase/ issue. Any amount not utilised by the user/ purchaser of the card upon the expiry on the Card, will be forfeited by the Issuer\r\n4.This card is valid for one time use only & the entire amount needs to be redeemed in a single transaction. Any balance pending after the first usage shall expire immediately\r\n5.Use of this card constitutes acceptance of the applicable terms and conditions (visit www.jackjones.in for detail terms and conditions) including any updation/amendment/ modification inforce/prescribed from time to time.\r\n6.To know the validity on this card, sms BAL [Card Number] to 9212356161\r\n7.Any amount in excess of the value of the card must be paid via alternate payment modes available at stores.\r\n8.Mailing address : Best United India Comforts Private Limited. The Lalit Residency, 2nd Floor, The Lalit Mumbai, Sahar Airport Road, Sahar, Andheri (E), Mumbai- 400 059\r\n9.In case of any dispute regarding this gift card, the decision of Best United India 10.Comforts Private Limited shall be final and binding and all the disputes arising in respect of this card shall be subject to the jurisdiction of Mumbai courts only\r\n11.In case of return of a product paid via gift card, the said amount would be available as credit note available to be redeemed at exclusive JACK&JONES stores\r\n12.This gift card is non-returnable and non-refundable neither it is encashable in part or whole.""}","{""raw"":""https://giftbig.s3.amazonaws.com/microsite/product/EGCGBJKJN001/d/thumbnail/2757_microsite.jpg""}","2025-11-27T14:38:48.620826+00:00",,"2025-11-27T14:38:48.620826+00:00","2025-11-27T20:13:20.389135+00:00",,"4ead20e7-9a15-4b5f-bdb4-3ebafe4daf71","{}","[]","500","5000","2025-11-27T14:38:47.468+00:00","Both","Multiple","gift, card, one","365"
"e4a22f9f-8780-40a9-9ba7-12a9bdd9e667","GENIMGECR330-29","Genshin Impact 330 Genesis Crystals","Gaming","13.5","435","Fixed","0","1","Genshin Impact is an open-world action RPG that lets players explore the fantasy world of Teyvat, battle powerful foes, and uncover rich storylines.","{""text"":""1. Validity\r\n* Genshin Impact Gift Card codes are typically valid for up to 12 months from the date of purchase, unless stated otherwise. Once redeemed, the Genesis Crystals do not expire. \r\n\r\n2. Redemption Process:\r\na. Visit the redemption website: https://www.redeemcodenow.com.\r\nb. Enter your 16-digit voucher code.\r\nc. Enter your User ID, select your Server, and provide your email address.\r\nd. Click Redeem.\r\ne. Upon successful redemption, a confirmation message will appear, and the in-game currency will be credited shortly.\r\n\r\n3. Usage Restrictions\r\n* Gift Card funds are credited exclusively as in?game currency.\r\n* Cards cannot be exchanged for cash, reloaded, refunded, transferred, or sold for value.  \r\n\r\n4. No Expiry or Fees (Gift Card vs Balance)\r\n* The Gift Card code expires after 12 months from the date of purchase, but once redeemed, balance in your game account does not expire or incur fees. \r\n\r\n5. Lost, Stolen, or Unauthorized Use\r\n* Genshin Impact is not responsible for lost or stolen physical cards or digital codes.\r\n* No replacements or refunds will be issued once the code is redeemed or lost.\r\n\r\n6. Limited Liability\r\n* Genshin Impact reserves the right to refuse or void redemption in cases of fraud, chargebacks, or violations of platform rules or local laws.\r\n\r\n7. Regional Variations\r\n* Gift Cards may be region?locked. Only cards matching the user s account region will redeem successfully.\r\n\r\n8. Promotional Bonuses\r\n* Some Gift Cards may include bonus items (e.g., limited-time skins or membership perks).\r\n* Bonus items are one?per?account and subject to availability and promotional terms.\r\n\r\n9. General Legal\r\n* By redeeming or using a Gift Card, you agree to these T&C and the broader Genshin Impact Terms of Service and Privacy Policy.\r\n* Genshin Impact reserves the right to amend, suspend or terminate this T&C at any time.\r\n* Where required by law, certain clauses (e.g., liability, expiration) may not apply.""}","{""raw"":""https://at.valuedesign.co.in/media/""}","2025-11-27T14:38:48.620826+00:00",,"2025-11-27T14:38:48.620826+00:00","2025-11-27T20:13:20.478316+00:00",,"1bbf49a5-e8bf-475d-a1fd-e542d5597afe","{}","[{""image"":null,""title"":""Visit the redemption websitehttps://www.redeemcodenow.com.""},{""image"":null,""title"":""Enter your 16-digit voucher code.""},{""image"":null,""title"":""Enter your User ID select your Server and provide your email address.""},{""image"":null,""title"":""Click Redeem.""},{""image"":null,""title"":""Upon successful redemption a confirmation message will appear and the in-game currency will be credited shortly.""}]","0","0","2025-11-27T14:38:47.468+00:00","Online","1","world, rpg, players","360"
"9d06e438-71ac-4f24-9642-bae3eded6241","RelianceSmartPointdNDeroKVWAJMpADf","Reliance Smart Point","Food & Beverages","3.5","250,500,1000,2000","Fixed","0","1","Smart Point are your neighborhood supermarkets from Reliance. This chain of retail stores offer daily essentials and loads more at easily accessible prices. Plus, these stores also act as delivery hubs for your digital orders. Let?s make your shopping experience better with the Reliance Smart Point gift card. These vouchers are available in different denominations and can be redeemed instantly.","{""text"":""1.This Gift Voucher is issued by Reliance Retail Limited (Reliance). <br/>2.This Gift Voucher is redeemable, and it is valid only for a minimum period of 6 months from the date of receipt. <br/>3.Gift Voucher can be redeemed at Reliance Smart Point Stores in India. <br/>4.Gift Voucher can t be exchanged for cash. <br/>5.This Gift Voucher is not valid on purchase of Gold/Silver Coins. <br/>6.This Gift Voucher can be redeemed only once. Any unused amount will lapse. <br/>7.No extension of the Validity period nor refund of the value of Gift Voucher in case of failure to use the Gift Voucher on or before the validity period. <br/>8.Reliance shall not be responsible for loss or misuse of Gift Voucher and no duplicate or compensation in lieu of the Gift Voucher shall be given by Reliance. <br/>9.Reliance overall liability will not exceed the value of the Gift Voucher. <br/>10.Bearer of the Gift Voucher shall be deemed to have read, understood and accepted these terms and conditions. <br/>11.Bearer of the code of Gift Voucher is deemed to be the beneficiary of this Gift Voucher. Any redemption by the bearer of Gift Voucher shall be considered as a valid discharge of liabilities by Reliance. <br/>12.Reliance shall not be liable under any circumstances towards any loss or damage or expenses or cost or any third-party liability, whether directly or indirectly arising out of or in relation to use of Gift Voucher and redemption thereunder by the bearer. <br/>13.Reliance reserves its right to modify/amend the terms and conditions of the Gift Voucher at any time without prior notice and such modifications shall be binding on the user/bearer of the Gift Voucher. <br/>14.Any dispute with regard to Product liability, guarantee, warranty and quality of the Products to be purchased under redemption of the Gift Voucher shall be addressed to the respective Manufacturer/ Brand Owner and Reliance shall not be held responsible/liable for the same. The guarantee and warranty of the Products shall be transferred, as received from the respective Manufacturer/Distributor. <br/>15.In case of any issue faced by the Gift Voucher bearer, the Gift Voucher bearer can reach out to Customer service desk at the Stores or Customer Care at Toll free number 18008910001/18001027382 or Email at customerservice@ril.com. <br/>16.For any Reliance Retail GV queries / issues related to receiving of the voucher, please reach out to customer care via gvhelpdesk.com or customer care toll free number 18001033314 <br/>17.The Gift Voucher is binding for all applicable laws of India. <br/>18.All disputes are subject to the jurisdiction of courts at Mumbai only.""}","{""raw"":""https://at.valuedesign.co.in/media/uploads/products/RelianceSmartPoint.jpeg""}","2025-11-27T14:38:48.620826+00:00",,"2025-11-27T14:38:48.620826+00:00","2025-11-27T20:13:20.562575+00:00",,"ad8a9a7e-38c0-46f6-8ccd-b5a53ca270b3","{""0"":""Gift Vouchers CAN be used to buy discounted products"",""1"":""Multiple Gift Vouchers CAN be used in one bill"",""2"":""Gift Vouchers CAN be used at all Listed Outlets"",""3"":""Gift Vouchers CANNOT be used online""}","[{""image"":""https://at.valuedesign.co.in/media/uploads/products/RelianceSmartPoint/1.jpeg"",""title"":""Visit listed outlet. You can locate the outlet on website""},{""image"":""https://at.valuedesign.co.in/media/uploads/products/RelianceSmartPoint/2.jpeg"",""title"":""Select your choice of product""},{""image"":""https://at.valuedesign.co.in/media/uploads/products/RelianceSmartPoint/3.PNG"",""title"":""Share the voucher code with the cashier before billing. You can make the balance payment by any other payment model.""}]","0","0","2025-11-27T14:38:47.468+00:00","Both","Multiple","chain, more, experience","180"
"6c9d08af-e8a0-4ce2-a17b-e4a1cbb97c81","CandereDiamondJewelleryZIf20Gi1iRAkVypP","Candere Diamond Jewellery","Jewellery","7.5","500,1000,2000,5000","Fixed","0","1","Get the best with Candere Gift Vouchers and Gift Cards. Candere houses a catalogue of more than 8000 products in diamond, gold, gemstone, and platinum ranging from festive, daily to workwear. Every buyer is entitled to additional privileges and an amazing shopping experience.","{""text"":""1.This is a Candere Instant Gift Voucher / Card (GV) and would only be accepted online at www.candere.com <br/>2.The person who has the Candere GV Code is deemed to be the beneficiary. <br/>3.More than one GV can be used in one bill. <br/>4.This is a ONE-time use GV. <br/>5.No Credit note / Refund for the unused amount of the GV will be given. <br/>6.Candere Insta Gift Voucher (GV) / Gift Card CANNOT be revalidated once expired. <br/>7.Candere Insta Gift Voucher (GV) / Gift Card can be used during sale/Offers & Promotions. <br/>8.Any dispute related to the Insta Gift Voucher (GV) should be referred to the issuing company and the decision of the issuing company shall be final. <br/>9.Candere makes full efforts to accept Instant Gift Voucher (GV) / Gift Card, but on account of any technical / administrative reasons an outlet may refuse to accept the same. <br/>10.Candere Diamond Jewellery Insta Gift Voucher (GV) / Gift Card can only be used to purchase Diamond Jewellery. <br/>11.If an Instant Gift Voucher (GV) / Gift Card get blocked on account of technical issue, it would get enabled in 72 hours. <br/>12.For any queries / issues related to GV / GC, raise a request at www.gvhelpdesk.com""}","{""raw"":""https://at.valuedesign.co.in/media/uploads/products/CandereDiamondJewellery.png""}","2025-11-27T14:38:48.620826+00:00",,"2025-11-27T14:38:48.620826+00:00","2025-11-27T20:13:20.651294+00:00",,"be43af8c-2f42-47e3-b5a4-726427f2308f","{""0"":""Multiple Gift Vouchers CAN be used in one transaction. "",""1"":""Gift Vouchers are only accepted online & nbsp href=\""https://www.candere.com/\"">www.candere.com</a> "",""2"":""Gift Vouchers can be used to purchase discounted products. ""}","[]","0","0","2025-11-27T14:38:47.468+00:00","Both","Multiple","diamond, jewellery, gift","365"
"5659d199-ef08-46c4-8273-38efb8bd2a7a","RelianceJewelsKVJwTEjYH0ESLO18","Reliance Jewels","Jewellery","3.75","500,1000,2000,2500,3000,5000,7500","Fixed","0","1","reliance Jewels help you celebrate every special moment with its exquisite jewellery. Discover your next piece of precious jewellery for important events or daily needs. The attention to detail and authenticity make it one of the most sought after places for jewellery lovers. Make your shopping experience better with Reliance Jewels gift vouchers. Redeem your voucher instantly on your next visit.","{""text"":""1.This Gift Voucher is issued by Reliance Retail Limited (Reliance). <br/>2.This Gift Voucher is redeemable, and it is valid only for a minimum period of 3 months to 6 months from the date of receipt. <br/>3.Gift Voucher can be redeemed at Reliance Jewels Stores in India. <br/>4.Gift Voucher can t be exchanged for cash. <br/>5.This Gift Voucher is not valid on purchase of Gold/Silver Coins. <br/>6.This Gift Voucher can be redeemed only once. Any unused amount will lapse. <br/>7.No extension of the Validity period nor refund of the value of Gift Voucher in case of failure to use the Gift Voucher on or before the validity period. <br/>8.Reliance shall not be responsible for loss or misuse of Gift Voucher and no duplicate or compensation in lieu of the Gift Voucher shall be given by Reliance. <br/>9.Reliance overall liability will not exceed the value of the Gift Voucher. <br/>10.Bearer of the Gift Voucher shall be deemed to have read, understood and accepted these terms and conditions. <br/>11.Bearer of the code of Gift Voucher is deemed to be the beneficiary of this Gift Voucher. Any redemption by the bearer of Gift Voucher shall be considered as a valid discharge of liabilities by Reliance. <br/>12.Reliance shall not be liable under any circumstances towards any loss or damage or expenses or cost or any third-party liability, whether directly or indirectly arising out of or in relation to use of Gift Voucher and redemption thereunder by the bearer. <br/>13.Reliance reserves its right to modify/amend the terms and conditions of the Gift Voucher at any time without prior notice and such modifications shall be binding on the user/bearer of the Gift Voucher. <br/>14.Any dispute with regard to Product liability, guarantee, warranty and quality of the Products to be purchased under redemption of the Gift Voucher shall be addressed to the respective Manufacturer/ Brand Owner and Reliance shall not be held responsible/liable for the same. The guarantee and warranty of the Products shall be transferred, as received from the respective Manufacturer/Distributor. <br/>15.In case of any issue faced by the Gift Voucher bearer, the Gift Voucher bearer can reach out to Customer service desk at the Stores or Customer Care at Toll free number 18008910001/18001027382 or Email at customerservice@ril.com. <br/>16.The Gift Voucher is binding for all applicable laws of India. <br/>17.All disputes are subject to the jurisdiction of courts at Mumbai only.""}","{""raw"":""https://at.valuedesign.co.in/media/uploads/products/RelianceJewels.jpeg""}","2025-11-27T14:38:48.620826+00:00",,"2025-11-27T14:38:48.620826+00:00","2025-11-27T20:13:20.736476+00:00",,"be43af8c-2f42-47e3-b5a4-726427f2308f","{""0"":""Gift Vouchers CAN be used to buy discounted products. "",""1"":""Multiple Gift Vouchers CAN be used in one bill."",""2"":""Gift Vouchers CAN be used at all Listed Outlets."",""3"":""Gift Vouchers CANNOT be used online.""}","[{""image"":null,""title"":""Visit listed outlet.""},{""image"":null,""title"":""Select your choice of product""},{""image"":null,""title"":""Share the voucher code with the cashier before billing. You can make the balance payment by any other payment mode""}]","0","0","2025-11-27T14:38:47.468+00:00","Both","Multiple","every, its, jewellery","90"
"c87376ee-65b1-4c51-897d-f86579b23428","STEAMDOUMIND6999","[Steam] DOOM: The Dark Ages Premium IND","Gaming","9","6499","Fixed","0","1","PIN / Serial / Expiration","{""text"":""""}","{""raw"":""https://vvs.paythem.net/webDisplayImage/?xPARAMETER=66a235f1db16f_yjzpuvtrofkqhtdicfkv""}","2025-11-27T14:38:48.620826+00:00",,"2025-11-27T14:38:48.620826+00:00","2025-11-27T20:13:20.827315+00:00",,"1bbf49a5-e8bf-475d-a1fd-e542d5597afe","{}","[]","0","0","2025-11-27T14:38:47.468+00:00","Online","1","steam, ind","365"
"ec726de2-a76e-4c96-a80b-4416308610d0","STEAMDORDIND5999","[Steam] DOOM: The Dark Ages Standard IND","Gaming","9","5499","Fixed","0","1","PIN / Serial / Expiration","{""text"":""""}","{""raw"":""https://vvs.paythem.net/webDisplayImage/?xPARAMETER=66a235f1db16f_yjzpuvtrofkqhtdicfkv""}","2025-11-27T14:38:48.620826+00:00",,"2025-11-27T14:38:48.620826+00:00","2025-11-27T20:13:20.914927+00:00",,"1bbf49a5-e8bf-475d-a1fd-e542d5597afe","{}","[]","0","0","2025-11-27T14:38:47.468+00:00","Online","1","steam, ind","365"
"bf2a9222-5228-4134-8d6d-6a2b3142d08e","EGCGBPUM001","Puma E-Gift Voucher","Sports & Footwears","10","500-10000","Variable","0","1","PUMA is one of the world’s leading sports brands; designing, developing, selling and marketing footwear, apparel and accessories. It offers performance and sport-inspired lifestyle products in categories such as Football, Cricket, Running, Training & Fitness, Golf, and Motorsports.","{""text"":""1.\tPuma Vouchers can only be redeemed at any ‘full price’ PUMA stores.\r\n2.\tPuma Vouchers cannot be redeemed in ‘Factory Outlets’, ‘Multi Brand Outlets’ or puma.com\r\n3.\tThis Voucher can be redeemed within 12 months from the day of receiving coupon code\r\n4.\tPuma Vouchers can be clubbed with the on-going offers/ schemes.\r\n5.\tMultiple vouchers cannot be combined in a single transaction.\r\n6.\tVoucher can be used in full or parts by the customer.\r\n7.\tPUMA loyalty points cannot be used in the offer transaction.\r\n8.\tFor any return of the product bought using the voucher, the exchanges will be given for the value paid by the customer plus the voucher value.\r\n9.\tRefund of money against the voucher will not be entertained.""}","{""raw"":""https://giftbig.s3.amazonaws.com/microsite/product/EGCGBPUM001/d/thumbnail/2216_microsite.jpg""}","2025-11-27T14:38:48.620826+00:00",,"2025-11-27T14:38:48.620826+00:00","2025-11-27T20:13:21.003951+00:00",,"28d1349d-db10-42a7-a37a-63fba3ea8d2c","{}","[{""image"":null,""title"":""Visit any ‘Full price’ PUMA store""},{""image"":null,""title"":""Choose any merchandise available in the store""},{""image"":null,""title"":""Show the E-Gift Card to the cashier""},{""image"":null,""title"":""Pay pending amount (If any), to purchase the product.""}]","500","10000","2025-11-27T14:38:47.469+00:00","Online","Multiple","gift, footwear, performance","360"
"53779662-b223-4fb3-b7e3-e4a3dd014d5f","STBETHIJGCIND","[Steam] Indiana Jones and the Great Circle IND","Gaming","9","4999","Fixed","0","1","PIN / Serial / Expiration","{""text"":""""}","{""raw"":""https://vvs.paythem.net/webDisplayImage/?xPARAMETER=66a235f1db16f_yjzpuvtrofkqhtdicfkv""}","2025-11-27T14:38:48.620826+00:00",,"2025-11-27T14:38:48.620826+00:00","2025-11-27T20:13:21.089914+00:00",,"1bbf49a5-e8bf-475d-a1fd-e542d5597afe","{}","[]","0","0","2025-11-27T14:38:47.469+00:00","Online","1","steam, ind","365"
"89a57bb0-f4f2-4a50-8511-70fda3dcb12d","STBETHIJGCPEIND","[Steam] Indiana Jones and the Great Circle Premium Edition IND","Gaming","9","7142","Fixed","0","1","PIN / Serial / Expiration","{""text"":""""}","{""raw"":""https://vvs.paythem.net/webDisplayImage/?xPARAMETER=66a235f1db16f_yjzpuvtrofkqhtdicfkv""}","2025-11-27T14:38:48.620826+00:00",,"2025-11-27T14:38:48.620826+00:00","2025-11-27T20:13:21.181446+00:00",,"1bbf49a5-e8bf-475d-a1fd-e542d5597afe","{}","[]","0","0","2025-11-27T14:38:47.469+00:00","Online","1","steam, ind","365"
"76e7d566-a817-4d4d-9d62-586af03e6637","STEWALINR250-8","Steam Wallet INR 250","Gaming","4.25","250","Fixed","0","1","STEAM is a video game digital distribution service. It is also a storefront for Valve which it uses to sell, or provide updates for its games. Gamers can select from thousands of titles including bestsellers like Red Dead Redemption and Witcher series, indie hits, casual favourites, Dota 2 items, PUBG, CS:GO, Team Fortress 2 items and more. STEAM Wallet Codes are gift cards that you can use to add funds to your Steam wallet. Use those funds to buy your favourite games or purchase in-game items.","{""text"":""""}","{""raw"":""https://at.valuedesign.co.in/media/""}","2025-11-27T14:38:48.620826+00:00",,"2025-11-27T14:38:48.620826+00:00","2025-11-27T20:13:21.267039+00:00",,"1bbf49a5-e8bf-475d-a1fd-e542d5597afe","{}","[]","0","0","2025-11-27T14:38:47.469+00:00","Both","1","steam, wallet, inr","365"
"1bacefbd-1b76-445f-893f-a0eba0db46c4","TheBodyShopmmXYvdL09LudEiLZ","The Body Shop","Wellness & Beauty","4.5","500,1000,1500,2000,2500,5000","Fixed","0","1","Enhance your natural beauty with The Body Shop's cruelty-free range with exclusively inducted 100% vegetarian and over 60% vegan products. Uncover the ingredients of natural origin from all over the world in the formulations, creating trusted products that do what they say they will and feel great on your skin. The products are gorgeous to use ?sensorial rituals create emotional connections, want a moment of Indulgence or a self-care quick fix? we have got The Body shop routine for your skin nee","{""text"":""1.This is The Body Shop Insta Gift Voucher (GV) / Gift Card (GC) and would be accepted on listed The Body Shop (TBS) outlets and on the website at https://www.thebodyshop.in 2.The person who has The Body Shop GV / GC Code is deemed to be the beneficiary. \r\n3.Gift Voucher (GV) / Gift Card (GC) can be used to purchase TBS products from the listed TBS shops and Online excluding purchase of Gift Cards and Loyalty Cards. \r\n4.The Body Shop is not responsible if the Gift card is lost, stolen or used without permission. \r\n5.Multiple GV / GC can be used in one bill/transaction and cannot be redeemed for cash.Once the voucher gets added to the EPay balance, it can be utilized till the balance gets exhausted or expires. \r\n6.No credit note / refund for the unused balance amount of the GV / GC will be given. \r\n7.Any such unused balance amount shall stand lapsed automatically. \r\n8.The Body Shop GV / GC CANNOT be revalidated once expired or cancelled under any situation. \r\n9.The Body Shop GV / GC can be clubbed with any one of the existing offers. \r\n10.The Body Shop GV / GC cannot be redeemed on specific block out dates. The Body Shop may add or delete any date(s)/period(s) on its sole discretion without any liability. \r\n11.Any dispute related to the GV / GC should be referred to the issuing company and the decision of the issuing company shall be final. In case of any legal disputes, the courts at New Delhi shall have the exclusive jurisdiction. \r\n12.The Body Shop shall on best effort basis attempt to accept Insta Gift Vouchers (GV) / Gift Card (GC), but on account of any technical reason or for any reason beyond control of The Body Shop, GV / GC may not get accepted at the outlet and on their website; The Body Shop shall have no liability for the same. \r\n13.If an Insta Gift Voucher (GV) /Gift Card (GC) gets blocked on account of technical issue, it would get enabled in 72 hours. In case of transaction failures after Insta Gift Voucher (GV) / Gift Card (GC) is applied, amount would be automatically refunded to the same card within 48 hours. \r\n14.The Body Shop reserves the rights to edit/change the terms and conditions for the Insta Gift Voucher (GV) / Gift Card (GC) at any time without any notice or liability. \r\n15.The Body Shop has the final authority on the interpretation of these terms and conditions. \r\n16.The Body Shop reserves the right to withdraw Insta Gift Voucher (GV) / Gift Card (GC) scheme/offer before the completion of validity period without any notice or liability at its sole discretion. \r\n17.The Body Shop reserves the right to deny accepting any Insta Gift Voucher (GV) / Gift Card (GC), if it suspects that there is duplicity of cards. \r\n18.In no event the liability of The Body Shop for any claims shall exceed the value of the Insta Gift Voucher (GV) / Gift Card (GC) in dispute. \r\n19.In case purchase amount is more than the balance in the GV s, GC s, the holder of GV s, GC s will have to pay the balance amount through cash/ credit card or through accepted mode of payment against the purchases. \r\n20.Use of the GV s, GC s acknowledges the holder of GV s, GC s acceptance of these terms and conditions including its amendment. \r\n21.For any queries/issues related to GV / GC, raise a request at www.gvhelpdesk.com""}","{""raw"":""https://at.valuedesign.co.in/media/uploads/products/TheBodyShop.png""}","2025-11-27T14:38:48.620826+00:00",,"2025-11-27T14:38:48.620826+00:00","2025-11-27T20:13:21.359856+00:00",,"f5575e42-86a0-4616-9408-0f096d2da35f","{""0"":""Multiple Gift Vouchers CAN be used in one bill."",""1"":""Gift Vouchers are at The Body Shop Outlets and their website."",""2"":""Gift Vouchers CAN be clubbed with in store promotions/offers.""}","[]","0","0","2025-11-27T14:38:47.485+00:00","Offline","Multiple","body, range, over","365"
"8b23a3d2-77d9-4583-9fb3-0ac373ffd213","FastrackMmaduOQnMvPY0pvt","Fastrack","Fashion & Lifestyle","8","250,500,1000,1500,2000,5000","Fixed","0","1","Shop for trendy and youthful watches and accessories for men, women, and children from Fastrack. Race against time and get yourself fashionable and affordable watches and sunglasses. Upgrade your collection at huge discounts using Fastrack gift vouchers and gift cards.","{""text"":""1.This voucher can be redeemed at all company authorized FASTRACK Stores. <br/>2.The holder of the voucher number is deemed to be the beneficiary. <br/>3.Validity of the voucher is for a maximum of 6 months from the date of issuance. <br/>4.Voucher Partial redemption is not allowed and is redeemable only once. <br/>5.Voucher is not applicable on discounted products and cannot be clubbed with any other offer in the store. <br/>6.No refund or credit note would be issued against unused or partially used voucher. <br/>7.Multiple vouchers (upto 5) can be used against single transaction. <br/>8.This voucher cannot be redeemed on specific block out dates. Fastrack may add or delete any date on its sole discretion. <br/>9.If a voucher gets blocked on account of technical issue the voucher would be usable only post 72 hours. <br/>10.For any queries / issues related to GV / GC, raise a request at www.gvhelpdesk.com .""}","{""raw"":""https://at.valuedesign.co.in/media/uploads/products/Fastrack.png""}","2025-11-27T14:38:48.620826+00:00",,"2025-11-27T14:38:48.620826+00:00","2025-11-27T20:13:21.447269+00:00",,"4ead20e7-9a15-4b5f-bdb4-3ebafe4daf71","{""0"":""This voucher can be redeemed at all company authorized FASTRACK Stores."",""1"":""Voucher Partial redemption is not allowed and is redeemable only once."",""2"":""Voucher is not applicable on discounted products and cannot be clubbed with any other offer in the store."",""3"":""Multiple vouchers (upto 5) can be used against single transaction"",""4"":""Gift Vouchers CANNOT be used Online.""}","[{""image"":""https://at.valuedesign.co.in/media/uploads/products/Fastrack/1.png"",""title"":""Check the outlet locator for a store nearby you that accepts the Gift Voucher.""},{""image"":""https://at.valuedesign.co.in/media/uploads/products/Fastrack/2.png"",""title"":""Choose your product.""},{""image"":null,""title"":""Share your Gift Voucher at the time of billing & pay rest by cash or card if required.""}]","0","0","2025-11-27T14:38:47.469+00:00","Offline","Multiple","shop, get, gift","180"
"4d4bed57-7f26-4c23-9a47-a7512a01411e","EGCGBPLD001","Polaroid E-Gift Card","Fashion & Lifestyle","9","500-20000","Variable","0","1","Polaroid safety goggles provides complete protection to eyes from dust, dirt, splash, pollution, flying objects, harmful UV rays. Unlike other googles, polaroid safety glasses are comfortable to wear for long hours and provides maximum freedom of movement. Ideal for both professional and personal use. Can be used in science laboratory to protect eyes from chemical splash, fumes, and any hazardous material. Ideal for industrial use i.e. medical, construction sites, welding, chemical factories, and any type of manufacturing plants where your eyes get exposed.","{""text"":""1.\tThe E-gift card is not a legal tender or replacement of credit/debit card.\r\n2.\tThis E-card cannot be exchanged for cash or cheque.\r\n3.\tThe holder of this E-card is deemed to be the beneficiary.\r\n4.\tThis E-Gift Card is valid at only at Carrera and Polaroid webstore.\r\n5.\tThis E-card cannot be redeemed at any of offline stores, Multi Brand Store, or any other websites (marketplaces) such as amazon.com or flipkart.com.\r\n6.\tMaximum of five E-gift cards can be redeemed against single invoice.\r\n7.\tNo replacement or compensation is permissible for lost or mutilated or defaced Gift Card.\r\n8.\tAny dispute should be referred to Delhi Jurisdiction and the decision of the company shall be final.\r\n9.\tNot applicable on return/refund /cancelled orders (if applicable).\r\n10.\tAny redemption issues related queries customer needs to get in touch with Carrera and Polaroid webstore customer care.\r\n11.\tE-Gift Cards are normally delivered instantly. But sometimes due to system issues, the delivery can be delayed up-to 24 - 48 hours.\r\n12.\tNo returns and no refunds on gift cards, e-gift cards and gift vouchers shipped by woohoo.in. Please check the refund policy at http://www.woohoo.in/faq for further details.""}","{""raw"":""https://giftbig.s3.amazonaws.com/microsite/product/EGCGBPLD001/d/thumbnail/2621_microsite.jpg""}","2025-11-27T14:38:48.620826+00:00",,"2025-11-27T14:38:48.620826+00:00","2025-11-27T20:13:21.535428+00:00",,"4ead20e7-9a15-4b5f-bdb4-3ebafe4daf71","{}","[]","500","20000","2025-11-27T14:38:47.47+00:00","Both","Multiple","gift, card, get","365"
"7d479652-9f00-4b1d-b205-1f895183fa0b","ONLYfmkYbe38kuLeAgKn","Only","Fashion & Lifestyle","11","250,500,1000,1500,2000,2500,5000","Fixed","0","1","The name of the brand is perfectly in line with the uniqueness of their collection. This women-only apparel and accessory brand are popular among fashion-forward women ever since it launched in India in 2010. Get the best deals at ONLY outlets by using the Only Gift Vouchers & Gift Cards.","{""text"":""1.The holder of the Instant Gift Voucher number is deemed to be the beneficiary <br/>2.Beneficiary should announce the intent of using the Instant Gift Voucher before making a purchase <br/>3.Only valid Instant Gift Vouchers at the sole discretion of Only shall be accepted for redemption <br/>4.This Instant Gift Voucher can be redeemed at listed 86 plus Only premium stores across India. <br/>5.Multiple Instant Gift Vouchers can be used against one bill <br/>6.Partial redemption is allowed but no refund or credit note would be issued against an unused or partially used Instant Gift Voucher <br/>7.Instant Gift Voucher cannot be revalidated once expired <br/>8.Only affiliates are not responsible on account of the beneficiary sharing the Instant Gift Voucher and the Voucher getting redeemed on that account <br/>9.Any dispute should be referred to the issuing company and the decision of the issuing company shall be final <br/>10.The Instant Gift Voucher has been issued subject to terms of the issuer company <br/>11.Only Store Staff may ask for a valid Government identity proof at the time of redeeming the Instant Gift Voucher <br/>12. Only makes full efforts to accept all Instant Gift Vouchers but on account of technical / administrative reasons, an outlet may refuse to accept vouchers <br/>13.If an Instant Gift Voucher gets blocked on account of technical issue, it would get activated in 72 hours <br/>14.For any queries / issues related to GV / GC, raise a request at www.gvhelpdesk.com""}","{""raw"":""https://at.valuedesign.co.in/media/uploads/products/Only.png""}","2025-11-27T14:38:48.620826+00:00",,"2025-11-27T14:38:48.620826+00:00","2025-11-27T20:13:21.621962+00:00",,"4ead20e7-9a15-4b5f-bdb4-3ebafe4daf71","{""0"":""\t "",""1"":""Gift Vouchers CANNOT be used Online."",""2"":""Multiple Gift Vouchers CAN be used in one bill."",""3"":""Gift Vouchers CAN be used during Sale."",""4"":""Gift Vouchers are ACCEPTED at all Listed Outlets.""}","[{""image"":""https://at.valuedesign.co.in/media/uploads/products/Only/1.png"",""title"":""Use the outlet locator to locate the nearest outlet that accepts this Gift Voucher.""},{""image"":""https://at.valuedesign.co.in/media/uploads/products/Only/2.png"",""title"":""Select your choice of product.""},{""image"":null,""title"":""Share your Gift Voucher with the cashier at the time of billing & pay the remaining amount by cash or card if required.""}]","0","0","2025-11-27T14:38:47.47+00:00","Both","Multiple","brand, fashion, india","365"
"1c255331-13b7-46fd-8099-9e0dcdccbddc","ShoppersStopWH8csv8XDfaLUAHY","Shoppers Stop","Fashion & Lifestyle","7","500,1000,2000,5000","Fixed","0","1","Shoppers Stop is the one-stop destination for all the shopping lovers out there. Pick from a wide range of apparel, footwear, accessories, cosmetics, luxury watches, and more for men, women, and children. Use Shoppers Stop gift vouchers and Gift Cards to keep up with the branded lifestyle","{""text"":""1.This is a Shoppers Stop Insta Gift Voucher (GV) / Gift Card (GC) and would be accepted online and listed outlets. <br/>2.The person who has the Shoppers Stop GV / GC Code is deemed to be the beneficiary. <br/>3.Do inform the cashier that you plan to use the GV / GC for making payments before billing. <br/>4.E Gift voucher is redeemable for merchandise at Shoppers Stop, Shoppers Stop Airport Stores, Home Stop within India. <br/>5.E Gift Voucher is redeemable for merchandise at our online store https://www.shoppersstop.com/ <br/>6.Purchase of Mobiles, Mobile Phone Accessories, Cameras, mp3 players, laptops, 22K & 24K Gold Jewellery & Gold Coins of any Jewellery brand is not allowed through this E Gift Voucher. <br/>7.E Gift Voucher is not redeemable for cash or credit nor can be exchanged for a gift voucher/Gift card. <br/>8.E Gift Voucher cannot be reloaded. <br/>9. Dispute/s subject to Mumbai jurisdiction. <br/>10.Partial redemption of E GV shall not be allowed at the store, only a credit note shall be issued for the balance amount in case of part utilization of EGV. <br/>11.If the E Gift Voucher is lost or stolen, neither will a new E Gift Voucher will be issued nor will the money be reimbursed in any manner. <br/>12.Shoppers Stop Limited shall not be liable and responsible for any unauthorized and/or fraudulent purchases made using this E Gift Voucher. The holder of this E Gift Voucher shall be solely liable. <br/>13.No duplicate E Gift Voucher will be issued. E Gift Voucher is property of Shoppers Stop Limited to whom it should be returned on request. <br/>14.For balance enquiry & expiry, contact a cashier or SMS GCBAL16 digit E Gift Voucher number to 56161 or log on to www.shoppersstop.com <br/>15.Shoppers stop reserves the right to amend the terms & conditions at its discretion without prior notice. <br/>16.For any queries / issues related to GV / GC, raise a request at www.gvhelpdesk.com""}","{""raw"":""https://at.valuedesign.co.in/media/uploads/products/ShoppersStop.png""}","2025-11-27T14:38:48.620826+00:00",,"2025-11-27T14:38:48.620826+00:00","2025-11-27T20:13:21.710332+00:00",,"4ead20e7-9a15-4b5f-bdb4-3ebafe4daf71","{""0"":"" "",""1"":""Gift Vouchers CAN be used both ONLINE and OFFLINE."",""2"":""Gift Vouchers CAN be used to buy discounted products."",""3"":""Multiple Gift Vouchers CAN be used in one bill."",""4"":""Gift Vouchers are ACCEPTED at all Listed Outlets.""}","[{""image"":""https://at.valuedesign.co.in/media/uploads/products/ShoppersStop/1.jpeg"",""title"":""Sign up to Shoppers Stop i.e. www.shoppersstop.com""},{""image"":""https://at.valuedesign.co.in/media/uploads/products/ShoppersStop/2.jpeg"",""title"":""Select products and add to BAG""},{""image"":""https://at.valuedesign.co.in/media/uploads/products/ShoppersStop/3.jpeg"",""title"":""Click on Checkout""},{""image"":""https://at.valuedesign.co.in/media/uploads/products/ShoppersStop/4.jpeg"",""title"":""Enter your delivery address then proceed to checkout""},{""image"":null,""title"":""In Gift card/E gift voucher section, Input your gift voucher code and pin under E Gift voucher and click Redeem""}]","0","0","2025-11-27T14:38:47.47+00:00","Both","Multiple","one, gift, cards","365"
"e41029f6-7fb5-4cae-89b4-3c4701557995","TEGO7llrql5Q0fiKNosM","TEGO","Sports & Footwears","16.5","1000,2000","Fixed","0","1","Upgrade your fitness game with TEGO, a brand working to create products?to inspire everyday athletes to perform at their sweatiest best. For instance, a towel that not only dries sweat more quickly but also lessens the risk of germs in gyms or a t-shirt made of performance cotton that dries twice as quickly for comfort.TEGO Gift Cards are available at discounted prices on GyFTR.","{""text"":""1.This is a TEGO Insta Gift Voucher and would be accepted only across www.tego.fit  on all products on (including all sale items). <br/>2.The person who has the TEGO GV Code is deemed to be the beneficiary. <br/>3.Multiple Gift Vouchers can be used in one single purchase.  <br/>4.TEGO Gift Voucher can be used during sale period <br/>5.No Credit note / Refund for the unused amount of GV will be given <br/>6.Gift Voucher CANNOT be revalidated once expired. <br/>7.Gift cards are non-refundable, may not be exchanged, transferred or resold, and may not be redeemed for cash, except where required by law. <br/>8.TEGO is not responsible for lost, damaged, or stolen gift cards. <br/>9.For any queries / issues related to GV / GC, raise a request at www.gvhelpdesk.com""}","{""raw"":""https://at.valuedesign.co.in/media/uploads/products/TEGO.png""}","2025-11-27T14:38:48.620826+00:00",,"2025-11-27T14:38:48.620826+00:00","2025-11-27T20:13:21.797849+00:00",,"28d1349d-db10-42a7-a37a-63fba3ea8d2c","{""0"":""Gift voucher would be accepted on www.tego.fit"",""1"":""Multiples Gift vouchers can be availed during one transaction"",""2"":""TEGO Gift Voucher can be used during sale period""}","[{""image"":""https://at.valuedesign.co.in/media/uploads/products/TEGO/1.png"",""title"":""Select the product of your choice and add to cart""},{""image"":""https://at.valuedesign.co.in/media/uploads/products/TEGO/2.png"",""title"":""On the checkout page enter your Gift Voucher code in the ?Gift Card or Discount Code? section""},{""image"":null,""title"":""Pending payment if any, can be other available payment tender modes""}]","0","0","2025-11-27T14:38:47.47+00:00","Both","Multiple","tego, brand, products","365"
"ac3a6401-9b52-45c9-9b82-1a3f2b7b77be","STBETHDOOMETERNALDEIND","[Steam] DOOM Eternal Deluxe Edition IND","Gaming","9","3199","Fixed","0","1","The DOOM Eternal Deluxe Edition includes the base game, Year One Pass, and additional content. The Year One Pass adds two expansions: The Ancient Gods Part 1 and 2. Players also get a Demonic Slayer Skin and Classic Weapon Sound Pack","{""text"":""1. Please be careful when selecting the regional code you wish to buy. Once the code leaves our secure inventory, we can no longer guarantee the validity of the code; therefore after an order has been sent we cannot return or exchange it.\r\n2. Codes have a 3 year validity from the date of purchase.\r\n3. Code will not be replaced by the brand or your retailer if the card is lost or stolen.\r\n4. Code cannot be exchanged for cash.""}","{""raw"":""https://at.valuedesign.co.in/media/uploads/products/Doom-Eternal-Deluxe-Edition_MFVrQzu.png""}","2025-11-27T14:38:48.620826+00:00",,"2025-11-27T14:38:48.620826+00:00","2025-11-27T20:13:21.888444+00:00",,"1bbf49a5-e8bf-475d-a1fd-e542d5597afe","{}","[{""image"":null,""title"":""Download and installed the Steam Client on your computer.""},{""image"":null,""title"":""Run the Steam Client.""},{""image"":null,""title"":""Create an account on Steam or login if you already have one.""},{""image"":null,""title"":""Activate your purchased keys into your Steam account and install the game.""}]","0","0","2025-11-27T14:38:47.47+00:00","Online","1","steam, ind, game","1095"
"99dcb8a9-a4c3-4bf0-8908-1e0b67451d9c","RAZGOLINR50-76","INR 50 Razer Gold Gift Card","Gaming","4.25","50","Fixed","0","1","Razer Gold is a universal gaming wallet that lets you top up and purchase in-game content across a wide range of games. Use this gift card to recharge your Razer Gold balance and enjoy seamless payments in your favorite titles.","{""text"":""""}","{""raw"":""https://postimg.cc/SXhL5dY3""}","2025-11-27T14:38:48.620826+00:00",,"2025-11-27T14:38:48.620826+00:00","2025-11-27T20:13:22.060568+00:00",,"1bbf49a5-e8bf-475d-a1fd-e542d5597afe","{}","[]","0","0","2025-11-27T14:38:47.482+00:00","Online","1","inr, razer, gold","365"
"89e125ba-e947-4cdc-ac84-7d35db0be46e","40FCPOINTSIND","40 FC Points IND","Gaming","6","39","Fixed","0","1","Available on Android and IOS. Age Rating 4+. Play through well known global tournaments with qualified and non qualified national teams. Train Football heroes- Train your favourite players increasing their stats and moving them to the next level!. Fast Game, Exciting goals- Score goals with the world best players using creative modes. Build momentum with precision passing-Dominate possession with new ways to pass, open up space and create attacking opportunities.","{""text"":""1. Your use of this card is subject to the requirements printed on the card.\r\n2. This cards full terms and conditions are available at https://redeem.meplay.com/game/eafc. By purchasing, using or accepting this card you agree to all such requirements, full terms and conditions.\r\n3. Please note, FC Points and FC Mobile Accounts are region specific, which means you can only use the FC Points codes specific to the region you have opened an account from. For example, if you have opened an account in Brazil, you can only purchase Brazil specific FC Points for that region/country.\r\n4. Once you have loaded your FC Points onto your account you are ready to play.\r\n5. Please be careful when selecting the regional code you wish to buy. Once a FC Points Digital code leaves our secure inventory, we can no longer guarantee the validity of the code; therefore, after an order has been sent we cannot return or exchange it.\r\n6. FC Points Codes have a 1 (one) year validity from date of purchase.""}","{""raw"":""https://at.valuedesign.co.in/media/uploads/products/FC-POINTS-40-INR.png""}","2025-11-27T14:38:48.620826+00:00",,"2025-11-27T14:38:48.620826+00:00","2025-11-27T20:13:21.972928+00:00",,"1bbf49a5-e8bf-475d-a1fd-e542d5597afe","{}","[]","0","0","2025-11-27T14:38:47.47+00:00","Both","1","ind, football, players","365"
"83a0aa80-9feb-46c5-957f-4f059e6f556f","SBP-PH","PH","Food & Beverages","7","250,500,1000,1500,2000","Fixed","0","1","""Pizza Hut is a global restaurant chain and international franchise based in the United States. They provide their signature pan pizza, as well as pasta, breadsticks, and desserts.

Pizza Hut has grown to become the most well-known pizza restaurant in the world, with over 16,900 outlets in 105 countries.

Pizza Hut offers lip-smacking flavors of hot and sizzling pizzas and a variety of delicious slices, including appetizers, desserts, beverages, and more. Treat yourself and your friends to some cheese-filled love with Pizza Hut Gift Cards! To save money, use your Gift Card on your next purchase.""

When you plan your Pizza Party with your Family and Friends use Pizza Hut Gift Card powered by Valuedesign. This is gonna help you save some money, as the vouchers from Valuedesign are avail","{""text"":""\""1. This Pizza Hut E-Gift Card (E-GC) is issued by Yum! Restaurants Marketing Private Limited (YUM) & its authorized franchisees for making Payments at participating Pizza Hut Stores in India.\r\n\r\n2. The person who has the E-Gift Card is deemed to be the beneficiary.\r\n\r\n3. Do inform the cashier that you plan to use E-Gift Card for making payments before billing.\r\n\r\n4. This E-Gift Card is accepted on all Dine- In, Take Away orders and on selected stores for Delivery Orders (DIL Franchisee) and not accepted for Online Orders.\r\n\r\n5. This E-Gift Card is a one-time use card & any unused balance cannot be used again or be exchanged for Cash.\r\n\r\n6. More than one E-Gift Card can be used in one bill in stores.\r\n\r\n7. No cash refunds will be given against the card (including in case of loss or otherwise).\r\n\r\n8. Any balance in this card is valid for 6 months from the date of issue and any unused balance will expire automatically. E-Gift Card Cannot be revalidated once expired.\r\n\r\n9. Rights to amend Terms & Conditions reserved with \""\""Yum\""\"" and its authorized franchisees without prior notice.\r\n\r\n10. Only participating Pizza Hut Stores would accept the E-Gift Card, YUM Restaurants and its authorized franchisees would add or remove an outlet without giving any prior notice.\r\n\r\n11. For all amendments, card balance & expiry details, please visit www.pizzzahut.co.in .\r\n\r\n12. The user unconditionally accepts all T&C and shall not raise any disputes in this regard. Any dispute related to the E-Gift Card should be referred to the issuing company and the decision of the issuing company shall be final.\r\n\r\n13. All disputes subject to exclusive jurisdiction of court at New Delhi.\r\n\r\n14. For Balance and expiry check: SMS 16-digit card no, in this format, e.g., 1234123412341234 to 55757575.\r\n\r\ndownload-image\r\nCreative ways to Showcase your business\r\nLet your agencies bring their Android APP to life with few click. Multiple designs, Easy Customization, Online Compilation, Instant Download!\r\n\r\n\r\n\r\nAvailable on the\r\nGoogle Play\r\n\r\nAvailable on the\r\nApp Store\r\nContact us\r\nManage My booking\""""}","{""raw"":""https://at.valuedesign.co.in/media/uploads/products/Pizza_Hut.png""}","2025-11-27T14:38:48.620826+00:00",,"2025-11-27T14:38:48.620826+00:00","2025-11-27T20:13:22.145551+00:00",,"ad8a9a7e-38c0-46f6-8ccd-b5a53ca270b3","{""0"":""Multiple Gift Vouchers can be used in one bill."",""1"":""One Gift Voucher cannot be used multiple times."",""2"":""Gift Vouchers accepted at all Listed Outlets."",""3"":""Gift Vouchers cannot be used Online.""}","[{""image"":""https://at.valuedesign.co.in/media/uploads/products/PH/1.jpg"",""title"":""Locate a Pizza Hut restaurant near you.""},{""image"":""https://at.valuedesign.co.in/media/uploads/products/PH/2.jpg"",""title"":""While ordering food, notify the cashier about the gift card.""},{""image"":""https://at.valuedesign.co.in/media/uploads/products/PH/3.jpg"",""title"":""Place your order and enjoy your meal! and Provide the gift card details to the cashier at the time of billing.""}]","250","2000","2025-11-27T14:38:47.47+00:00","Both","Multiple","restaurant, chain, their","180"
"14fe5331-773c-4775-9dec-3a854234ddc0","EGCGBJOY003","Joyalukkas Diamond E-Gift Card","Jewellery","4.65","500-50000","Variable","0","1","Joyalukkas vouchers can be a wonderful gift for special occasions such as birthdays, anniversaries, weddings, or other special occasions, allowing the recipient to choose their preferred jewelry piece or accessory from Joyalukkas's extensive collection. When you have a Joyalukkas voucher, you can visit any Joyalukkas store or website and choose from the vibrant collection of jewelry pieces. The voucher is then treated as a form of payment, and the value of the purchase is deducted from the total value of the voucher. In cases where the purchase exceeds the voucher's value, the recipient may need to pay the remaining balance using an additional payment method. Conversely, if the purchase amount is less than the voucher's value, the remaining balance is typically credited to the voucher for future use. Joyalukkas is known as the world's favorite jeweler, indeed with good reason. The superlative quality and purity of materials, the intricacy of the designs, the variety available, the well-trained service team, and strategic locations ensure that the brand wins the heart of all its customers since 1986. Today its operations are spread across 91 showrooms in India and presence in 13 countries across the GCC, Singapore, Malaysia, UK & USA. So just don't wait, you're one step away from giving happiness to your loved ones.","{""text"":""1.\tRedeemable only in diamond ornaments in Joyalukkas outlets.\r\n2.\tThis eGift Card needs to be presented to the cashier at the store before final billing of your purchase(s).\r\n3.\tThis eGift Card is valid at Joyalukkas outlets in India.\r\n4.\tThis eGift Card cannot be exchanged for cash.\r\n5.\tThe bearer of this eGift Card is the title holder and is entitled to exchange it for jewellery as per value indicated.\r\n6.\tThis eGift Card cannot be redeemed for gold/ silver bars/coins.""}","{""raw"":""https://giftbig.s3.amazonaws.com/microsite/product/EGCGBJOY003/d/thumbnail/1431_microsite.jpg""}","2025-11-27T14:38:48.620826+00:00",,"2025-11-27T14:38:48.620826+00:00","2025-11-27T20:13:22.236772+00:00",,"be43af8c-2f42-47e3-b5a4-726427f2308f","{}","[{""image"":null,""title"":""Walk in-to Joayalukkas store.""},{""image"":null,""title"":""Select the applicable Joayalukkas product, based on the Gift card type (refer terms & conditions).""},{""image"":null,""title"":""At the Billing Counter, inform the cashier about the choice of making payment using Gift Cards.""},{""image"":null,""title"":""Cashier selects Gift Card as payment mode, submits Gift Card & PIN details in the system and completes the billing process.""}]","500","50000","2025-11-27T14:38:47.471+00:00","Both","Multiple","joyalukkas, diamond, gift","365"
"747de717-8af6-4591-9825-1f30cea8d06d","STEWALINR500-9","Steam Wallet INR 500","Gaming","4.25","500","Fixed","0","1","STEAM is a video game digital distribution service. It is also a storefront for Valve which it uses to sell, or provide updates for its games. Gamers can select from thousands of titles including bestsellers like Red Dead Redemption and Witcher series, indie hits, casual favourites, Dota 2 items, PUBG, CS:GO, Team Fortress 2 items and more. STEAM Wallet Codes are gift cards that you can use to add funds to your Steam wallet. Use those funds to buy your favourite games or purchase in-game items.","{""text"":""""}","{""raw"":""https://at.valuedesign.co.in/media/""}","2025-11-27T14:38:48.620826+00:00",,"2025-11-27T14:38:48.620826+00:00","2025-11-27T20:13:22.323124+00:00",,"1bbf49a5-e8bf-475d-a1fd-e542d5597afe","{}","[]","0","0","2025-11-27T14:38:47.471+00:00","Both","1","steam, wallet, inr","365"
"57c8a7e6-262f-4e31-b74b-a1617402e6f0","STEWALINR1000-10","Steam Wallet INR 1000","Gaming","4.25","1000","Fixed","0","1","STEAM is a video game digital distribution service. It is also a storefront for Valve which it uses to sell, or provide updates for its games. Gamers can select from thousands of titles including bestsellers like Red Dead Redemption and Witcher series, indie hits, casual favourites, Dota 2 items, PUBG, CS:GO, Team Fortress 2 items and more. STEAM Wallet Codes are gift cards that you can use to add funds to your Steam wallet. Use those funds to buy your favourite games or purchase in-game items.","{""text"":""""}","{""raw"":""https://at.valuedesign.co.in/media/""}","2025-11-27T14:38:48.620826+00:00",,"2025-11-27T14:38:48.620826+00:00","2025-11-27T20:13:22.411112+00:00",,"1bbf49a5-e8bf-475d-a1fd-e542d5597afe","{}","[]","0","0","2025-11-27T14:38:47.471+00:00","Both","1","steam, wallet, inr","365"
"07014b35-1a14-43a3-8fc3-17b53896bd02","NINTUSHORSHIFT81","Nintendo US - Horizon Shift 81","Gaming","9","749","Fixed","0","1","","{""text"":""1. Valid for the USA accounts only\r\n2. This card cannot be exchanged for cash. \r\n3. Card balances cannot be redeemed for cash or for third-party stored value, and are non-refundable unless required by law.\r\n4. Card balances will not be replaced by Nintendo or your retailer if the card is lost or stolen.\r\n5. For the purchase of games, software, and any other item you can purchase on Nintendo E-shop""}","{""raw"":""https://at.valuedesign.co.in/media/uploads/products/US-Horizon-Shift81--800x800.png""}","2025-11-27T14:38:48.620826+00:00",,"2025-11-27T14:38:48.620826+00:00","2025-11-27T20:13:22.587339+00:00",,"1bbf49a5-e8bf-475d-a1fd-e542d5597afe","{}","[{""image"":null,""title"":""Valid for the USA accounts only""},{""image"":null,""title"":""Select Nintendo eShop on the HOME Menu to launch the Nintendo eShop.""},{""image"":null,""title"":""Select the account you want to use.""},{""image"":null,""title"":""Select Enter Code on the left side of the screen.""},{""image"":null,""title"":""Enter the 16 character download code.""},{""image"":null,""title"":""Select OK to confirm.""},{""image"":null,""title"":""The game will begin downloading once the code is confirmed.""}]","0","0","2025-11-27T14:38:47.471+00:00","Online","1","gaming","365"
"0698703f-3bde-4d2b-8028-dec36d67f30f","NetmedsGVMmgmauhrpyuTak","Netmeds","Wellness & Beauty","11","250,500,1000","Fixed","0","1","Save more with Netmeds Gift Vouchers & Gift Cards. Netmeds.com, India Ki Pharmacy, is brought to you by the Dadha & Company ? one of India?s most trusted pharmacies, with over 100 years? experience in dispensing quality medicines.","{""text"":""1.This is a Netmeds Insta Gift Voucher (GV) / Gift Card (GC) and would be accepted on https://www.netmeds.com/ and Netmeds App <br/>2.The person who has Netmeds vouchers is deemed to be the beneficiary <br/>3.This Voucher is applicable for valid customers only. <br/>4.This Voucher entitles customers to order medicines ONLY. <br/>5.Toiletries, Cosmetics, FMCG products or the products of a similar kind cannot be purchased through this Voucher. <br/>6.For prescription based medicine orders, a valid a prescription from an authorized doctor is required for the fulfilment of the order. <br/>7.For the purpose of redeeming the Voucher online at Netmeds.com, the Voucher number must be applied at the time of checkout to get the maximum discount of up to the denomination of this voucher. <br/>8.If the order value exceeds the denomination value of this voucher, then customers shall pay the differential amount by selecting the desired payment method mentioned on the Netmeds website at the time of checkout. <br/>9.If the order value is less than the Voucher value, then the balance amount shall be forfeited and cannot be refunded or adjusted in any manner whatsoever. <br/>10.Delivery and/or COD charges shall be borne by customers only. <br/>11.This Voucher is for one-time use only & cannot be combined with any other offers, schemes or discounts of any kind, available at the Netmeds s website. <br/>12.Once the prescription has been validated by Netmeds, the order delivery details will be confirmed by Netmeds at the time of placing the order. For any order related enquires, customers are advised to visit www.netmeds.com <br/>Maximum of 2 vouchers can be used by a customer in an order <br/>13.This Voucher is not redeemable for cash or credit. <br/>14.All orders shall be placed at least 7 working days before the end of the validity period of this Voucher <br/>15.Any sale of the medicines by the pharmacy will be as per the applicable Indian Drugs and Cosmetic Act 1940. <br/>16.The usage of the Voucher is at the sole discretion of customers. <br/>17.Authorised GV partner holds no responsibility, direct or indirect, for any damage, loss, or health problems that may arise from the use of any products offered by the Netmeds. <br/>18.Fulfillment of orders is subject to availability of the product(s) at the time of processing the order. <br/>19.For any queries / issues related to GV / GC, raise a request at www.gvhelpdesk.com""}","{""raw"":""https://at.valuedesign.co.in/media/uploads/products/Netmeds.png""}","2025-11-27T14:38:48.620826+00:00",,"2025-11-27T14:38:48.620826+00:00","2025-11-27T20:13:22.673367+00:00",,"f5575e42-86a0-4616-9408-0f096d2da35f","{""0"":""Gift Vouchers are only accepted at Netmeds App and Website. "",""1"":""2 Gift Vouchers CAN be used in one transaction."",""2"":""Gift Vouchers CANNOT be clubbed with offers/promotions available online."",""3"":""Voucher can be redeemed only on the purchase of Prescription Medicines, and no minimum purchase is required to avail the voucher discount.""}","[{""image"":""https://at.valuedesign.co.in/media/uploads/products/Netmeds/1.jpeg"",""title"":""Log in/Create Netmeds account on www.netmeds.com or Netmeds App""},{""image"":""https://at.valuedesign.co.in/media/uploads/products/Netmeds/2.jpeg"",""title"":""Select the Medicines to purchase and upload prescription in case of prescription drugs.""},{""image"":null,""title"":""Choose Vouchers in the Payment section, Enter the voucher code and click on Apply.""}]","0","0","2025-11-27T14:38:47.471+00:00","Offline","Multiple","more, gift, vouchers","365"
"21df291e-29cc-48bf-bf56-cfb29158db8a","EGCGBJAJ004","Jos Alukkas Jewellery E-Gift Card","Jewellery","3.75","500-50000","Variable","0","1","""Jos Alukkas is a name to reckon in the jewellery industry. Designing jewellery in gold, diamond and platinum for over five decades, Jos Alukkas is the first ISO 9001:2000 certified jewellery group in the world showcasing BIS certified 916 hallmarked gold. The jewellery brand has become a trusted name in quality, innovative, trendy jewellery, with 40-plus showrooms and an online store too.\r\nA pioneer in introducing the gold supermarket concept in India, Jos Alukkas has steadily grown into a favourite jewellery name across the country and abroad. Every Jos Alukkas showroom is a one-stop shop for your jewellery dreams. Pure jewellery, inspiring designs, comfortable ambience, courteous staff and great deals guarantee you a never-before jewellery shopping experience","{""text"":""1.\tThe validity of the e-Gift Card is 1 year from the date of issue.\r\n2.\tThis e-Gift Card is redeemable at all Jos Alukkas stores in India. Multiple e-gift cards can be used for a single transaction.\r\n3.\tThis e-Gift Cards can be used for the purchase of Gold/Diamond/Precious/Platinum/Silver ornaments except Gold Coin/Bar.\r\n4.\tThis e-Gift Card cannot be exchanged for cash/gift card/credit notes.\r\n5.\tE-Gift Cards bought from Jos Alukkas cannot be returned/refunded.\r\n6.\tE-Gift Cards can only be redeemed once""}","{""raw"":""https://at.valuedesign.co.in/media/""}","2025-11-27T14:38:48.620826+00:00",,"2025-11-27T14:38:48.620826+00:00","2025-11-27T20:13:22.765701+00:00",,"be43af8c-2f42-47e3-b5a4-726427f2308f","{}","[{""image"":null,""title"":""Walk in-to Jos Alukkas store.""},{""image"":null,""title"":""Select the applicable Jos Alukkas product, based on the Gift card type (refer terms & conditions).""},{""image"":null,""title"":""At the Billing Counter, inform the cashier about the choice of making payment using Gift Cards.""},{""image"":null,""title"":""Cashier selects Gift Card as payment mode, submits Gift Card & PIN details in the system and completes the billing process.""}]","500","50000","2025-11-27T14:38:47.471+00:00","Both","Multiple","jewellery, gift, card","365"
"8819a2bf-c5f1-4622-b5b5-f7f6a3ff55ff","NINTUSSUPSTRRACER","Nintendo US - Super Street Racer","Gaming","9","1199","Fixed","0","1","","{""text"":""1. Valid for the USA accounts only\r\n2. This card cannot be exchanged for cash. \r\n3. Card balances cannot be redeemed for cash or for third-party stored value, and are non-refundable unless required by law.\r\n4. Card balances will not be replaced by Nintendo or your retailer if the card is lost or stolen.\r\n5. For the purchase of games, software, and any other item you can purchase on Nintendo E-shop""}","{""raw"":""https://at.valuedesign.co.in/media/uploads/products/US-SuperStreetRacer---800x800.png""}","2025-11-27T14:38:48.620826+00:00",,"2025-11-27T14:38:48.620826+00:00","2025-11-27T20:13:22.850626+00:00",,"1bbf49a5-e8bf-475d-a1fd-e542d5597afe","{}","[{""image"":null,""title"":""Valid for the USA accounts only""},{""image"":null,""title"":""Select Nintendo eShop on the HOME Menu to launch the Nintendo eShop.""},{""image"":null,""title"":""Select the account you want to use.""},{""image"":null,""title"":""Select Enter Code on the left side of the screen.""},{""image"":null,""title"":""Enter the 16 character download code.""},{""image"":null,""title"":""Select OK to confirm.""},{""image"":null,""title"":""The game will begin downloading once the code is confirmed.""}]","0","0","2025-11-27T14:38:47.471+00:00","Online","1","gaming","365"
"fc09f1d2-b896-45c6-a014-0cc2f830c13a","MamaearthWJALwyfgmJj4z0De","Mamaearth","Wellness & Beauty","12","500,1000,1500,2000","Fixed","0","1","Discover Mamaearth, the personal care brand that champions honesty, embraces nature's goodness and ensures safety in every product. Mama Earth is an expert in crafting safe, natural, and toxin-free baby and personal care products. The brand is certified cruelty-free by PETA.? With Mama Earth Gift Cards and Gift Vouchers Choose from over 200 products across categories like hair, skin, body, and baby care - all packed with nature?s goodness.","{""text"":""1. This is a Mamaearth Gift Voucher (GV)/e-Pay and is valid only at mamaearth.in (website). It cannot be returned/refunded once issued. <br/>2. The holder of the Mamaearth GV/e-Pay is deemed to be the beneficiary. <br/>3. The GV can be converted into e-Pay, as per convenience of the holder. <br/>4. Multiple GVs can be combined and added to the e-Pay balance. No additional offer can be clubbed with the GV/e-Pay redemption. <br/>5. Only valid Mamaearth GVs/e-Pay, at the sole discretion of Mamaearth, shall be accepted for redemption. <br/>6. The Mamaearth e-Pay balance must be linked to the registered mobile number. <br/>7. The Mamaearth GV/e-Pay cannot be transferred to another e-Pay account, exchanged for cash/ Mama Cash, or any other form of currency. <br/>8. The Mamaearth GV/e-Pay can be used for eligible purchases of products and services at the Mamaearth website. GV/ e-Pay is not applicable at the offline stores. <br/>9. Mamaearth GV/e-Pay cannot be revalidated once it expires. <br/>10.The validity of the e-Pay shall match that of the GV from which it was converted. <br/>11. Mamaearth, GyFTR, or its affiliates shall not be responsible if the beneficiary shares the GV number, pin, or account credentials resulting in unauthorized use of the GV/e-Pay balance. <br/>12. Mamaearth GV/e-Pay cannot be redeemed on specific block-out dates. Mamaearth reserves the right to add or delete any date at its sole discretion. <br/>13. In case of a technical issue leading to the blockage of Mamaearth GV/e-Pay, it shall be reactivated within 72 hours. <br/>14. Any dispute should be referred to the company from where the Mamaearth GV/e-Pay has been received, and the company s decision shall be final. <br/>15. Mamaearth or GyFTR may terminate or suspend Mamaearth GV/e-Pay if any fraudulent or unauthorized activities are detected. <br/>16. Mamaearth or GyFTR reserves the right to modify or update the terms and conditions of the Mamaearth GV/e-Pay at any time. <br/>17. For any queries/issues related to Mamaearth GV/e-Pay, please raise a request at gvhelpdesk.com""}","{""raw"":""https://at.valuedesign.co.in/media/uploads/products/Mamaearth.webp""}","2025-11-27T14:38:48.620826+00:00",,"2025-11-27T14:38:48.620826+00:00","2025-11-27T20:13:22.497778+00:00",,"f5575e42-86a0-4616-9408-0f096d2da35f","{""0"":""This E-Gift Cards are valid only at mamaearth.in (website)."",""1"":""E-Gift Card cannot be exchanged for Cash / Mama Cash."",""2"":""This E-Gift Vouchers once issued cannot be returned/refunded."",""3"":""No additional offer will be clubbed with the gift cards redemption."",""4"":""Gift cards are not applicable at Offline Stores.""}","[{""image"":""https://at.valuedesign.co.in/media/uploads/products/Mamaearth/1.png"",""title"":""Visit Mamaearth - https://mamaearth.in/\t""},{""image"":""https://at.valuedesign.co.in/media/uploads/products/Mamaearth/2.png"",""title"":""Make your selection and add products to the cart.\t""},{""image"":""https://at.valuedesign.co.in/media/uploads/products/Mamaearth/3.png"",""title"":""Customer adds the vouchers to the E-Pay balance or can input the voucher details manually and Proceed for Checkout.""}]","0","0","2025-11-27T14:38:47.471+00:00","Both","Multiple","care, brand, products","365"
"4cce4971-4601-4200-9c2e-f8228ef2123c","STBETHFALLOUT76IND","[Steam] Fallout 76 IND","Gaming","9","2499","Fixed","0","1","Fallout 76 is an online multiplayer action RPG. It is set in West Virginia and focuses on player interaction in a shared world. Players can build settlements, craft items, and participate in events. It features a blend of survival, crafting, and combat.","{""text"":""1. Please be careful when selecting the regional code you wish to buy. Once the code leaves our secure inventory, we can no longer guarantee the validity of the code; therefore after an order has been sent we cannot return or exchange it.\r\n2. Codes have a 3 year validity from the date of purchase.\r\n3. Code will not be replaced by the brand or your retailer if the card is lost or stolen.\r\n4. Code cannot be exchanged for cash.""}","{""raw"":""https://at.valuedesign.co.in/media/uploads/products/Fallout-76_SVIacPy.png""}","2025-11-27T14:38:48.620826+00:00",,"2025-11-27T14:38:48.620826+00:00","2025-11-27T20:13:22.940118+00:00",,"1bbf49a5-e8bf-475d-a1fd-e542d5597afe","{}","[{""image"":null,""title"":""Download and installed the Steam Client on your computer.""},{""image"":null,""title"":""Run the Steam Client.""},{""image"":null,""title"":""Create an account on Steam or login if you already have one.""},{""image"":null,""title"":""Activate your purchased keys into your Steam account and install the game.""}]","0","0","2025-11-27T14:38:47.472+00:00","Online","1","steam, ind, rpg","1095"
"80c4d62b-14dc-433f-ad79-e0c100ce46b8","100FCPOINTSI","100 FC Points IND","E-Commerce","6","89","Fixed","0","1","Available on Android and IOS. Age Rating 4+. Play through well known global tournaments with qualified and non qualified national teams. Train Football heroes- Train your favourite players increasing their stats and moving them to the next level!. Fast Game, Exciting goals- Score goals with the world best players using creative modes. Build momentum with precision passing-Dominate possession with new ways to pass, open up space and create attacking opportunities.","{""text"":""1. Your use of this card is subject to the requirements printed on the card.\r\n2. This cards full terms and conditions are available at https://redeem.meplay.com/game/eafc. By purchasing, using or accepting this card you agree to all such requirements, full terms and conditions.\r\n3. Please note, FC Points and FC Mobile Accounts are region specific, which means you can only use the FC Points codes specific to the region you have opened an account from. For example, if you have opened an account in Brazil, you can only purchase Brazil specific FC Points for that region/country.\r\n4. Once you have loaded your FC Points onto your account you are ready to play.\r\n5. Please be careful when selecting the regional code you wish to buy. Once a FC Points Digital code leaves our secure inventory, we can no longer guarantee the validity of the code; therefore, after an order has been sent we cannot return or exchange it.\r\n6. FC Points Codes have a 1 (one) year validity from date of purchase.""}","{""raw"":""https://at.valuedesign.co.in/media/""}","2025-11-27T14:38:48.620826+00:00",,"2025-11-27T14:38:48.620826+00:00","2025-11-27T20:13:23.11722+00:00",,"4b9e758e-7c45-4642-ac6e-641028f0d9a5","{}","[]","0","0","2025-11-27T14:38:47.482+00:00","Both","1","through, qualified, train","365"
"d8f2d56a-fa0c-41b5-9254-edbecc7804ef","WilliamPenntcH1q4sE9xgYoz7v","William Penn","Fashion & Lifestyle","6.5","500,1000,2000,5000","Fixed","0","1","Write in style with William Penn luxury and branded pens. Shop for desktop accessories, corporate gifts, personalized gifts and more at best prices using William Penn gift vouchers and gift cards.","{""text"":""1.This is a William Penn Insta Gift Voucher (GV) / Gift Card (GC) and would be accepted at listed outlets. For Outlet List, please visit https://www.gyftr.com/william-penn <br/>2.The person who has the William Penn GV / GC Code is deemed to be the beneficiary. <br/>3.Do inform the cashier that you plan to use the GV / GC for making payments before billing. <br/>4.Only the listed William Penn outlets at its sole discretion accept the GV / GC. William Penn may add or remove an outlet without giving any prior notice. Please note vouchers cannot be redeemed at airport stores.  <br/>5.More than one GV / GC can be used in one bill. <br/>6.This is a ONE time use GV / GC. <br/>7.No credit note/refund for the unused balance amount of the GV / GC will be given. <br/>8.The GV/GC cannot be redeemed for cash in exchange. <br/>9.Any such unused balance amount shall remain in the EPay balance which can be utilized till the balance gets exhausted or expires. <br/>10.William Penn GV / GC can be used during sale. <br/>11.William Penn GV / GC cannot be redeemed on specific block out dates. William Penn may add or delete any date on its sole discretion. <br/>12.Any dispute related to the GV / GC should be referred to the issuing company and the decision of the issuing company shall be final. <br/>13.William Penn makes full efforts to accept Insta Gift Vouchers (GV) / Gift Card (GC), but on account of any technical / administrative reasons an outlet may refuse to accept the same. <br/>14.If an Insta Gift Voucher (GV) /Gift Card (GC) gets blocked on account of technical issue, it would get enabled in 72 hours. <br/>15.Please contact William Penn store manager for any acceptance issue and for any queries related to GV / GC, raise a request at www.gvhelpdesk.com""}","{""raw"":""https://at.valuedesign.co.in/media/uploads/products/WilliamPenn.png""}","2025-11-27T14:38:48.620826+00:00",,"2025-11-27T14:38:48.620826+00:00","2025-11-27T20:13:23.026409+00:00",,"4ead20e7-9a15-4b5f-bdb4-3ebafe4daf71","{""0"":""Multiple Gift Vouchers CAN be used in one bill "",""1"":""Gift Vouchers CAN be used during sale "",""2"":""Gift Vouchers are ACCEPTED all listed outlet "",""3"":""Gift Vouchers CANNOT be redeemed Online "",""4"":""Visit https://www.gftr.it to activate/add E-Pay Code to your account.""}","[{""image"":""https://at.valuedesign.co.in/media/uploads/products/WilliamPenn/1.png"",""title"":""Use the outlet locator to locate the nearest outlet that accepts this Gift Voucher.""},{""image"":""https://at.valuedesign.co.in/media/uploads/products/WilliamPenn/2.png"",""title"":""Select your choice of product""},{""image"":null,""title"":""Share your Gift Voucher with the cashier at the time of billing & pay the remaining amount by cash or card if required.""}]","0","0","2025-11-27T14:38:47.472+00:00","Offline","Multiple","shop, prices, gift","365"
"5b0caacc-580e-4862-b623-64728d977347","SBP-CC","CC","Food & Beverages","9","10,250,500,1000,2000,2500","Fixed","0","1","""Costa Coffee is the one-stop destination for coffee lovers across 31 countries. This renowned coffee-house chain supplies roasted coffee, while its branches make the day of coffee lovers with their hot and cold coffee drinks, cakes, sandwiches, pastries, and more.

Want to rejuvenate your mind and body with a perfect cup of coffee? Check in a Costa cafe near you to live the true experience of delicious coffee prepared with exceptional perfection and care. Costa coffee offers umpteen reasons to its customers to find time in their hectic schedules and have a coffee drink every day.

Did you know you can enjoy Costa Coffee with gift cards? Yes, you can buy gift cards to make your Costa coffee more affordable and also enjoy discounted deals that the Costa Coffee menu already comes with. What's more, you can also buy Costa Coffee gift cards to say Thank You, wish Happy Birthday, throw a birthday party and do more in a more special and economical way.""

When you plan your next Coffee Visit use Costa Coffee Gift Card powered by Valuedesign. This is gonna help you save some money, as the vouchers from Valuedesign are avail","{""text"":""\""1. This Costa Coffee card (E-GC) is issued by Devyani International Limited (DIL) for making Payments at participating Costa Coffee stores in India.\r\n\r\n2. The person who has the E-Gift Card is deemed to be the beneficiary.\r\n\r\n3. Do inform the cashier that you plan to use E-Gift Card for making payments before billing.\r\n\r\n4. This E-Gift Card is a one-time use card & any unused balance cannot be used again or be exchanged for Cash.\r\n\r\n5. More than one E-Gift Card can be used in one bill in stores.\r\n\r\n6. No cash refunds will be given against the card (including in case of loss or otherwise).\r\n\r\n7. Any balance in this card is valid for 6 months from the date of issue and any unused balance will expire automatically. E-Gift Card Cannot be revalidated once expired.\r\n\r\n8. Rights to amend Terms & Conditions reserved with \""\""DIL\""\"" without prior notice.\r\n\r\n9. Only participating Costa Coffee Stores would accept the E-Gift Card, DIL would add or remove an outlet without giving any prior notice.\r\n\r\n10. The user unconditionally accepts all T&C and shall not raise any disputes in this regard. Any dispute related to the E-Gift Card should be referred to the issuing company and the decision of the issuing company shall be final.\r\n\r\n11. All disputes subject to exclusive jurisdiction of court at New Delhi.\r\n\r\n12. For Balance and expiry check: SMS 16-digit card no, in this format, e.g., 1234123412341234 to 55757575.\r\n\r\ndownload-image\r\nCreative ways to Showcase your business\r\nLet your agencies bring their Android APP to life with few click. Multiple designs, Easy Customization, Online Compilation, Instant Download!\r\n\r\n\r\n\r\nAvailable on the\r\nGoogle Play\r\n\r\nAvailable on the\r\nApp Store\r\nContact us\r\nManag\""""}","{""raw"":""https://at.valuedesign.co.in/media/uploads/products/Costa_Coffee.png""}","2025-11-27T14:38:48.620826+00:00",,"2025-11-27T14:38:48.620826+00:00","2025-11-27T20:13:23.207033+00:00",,"ad8a9a7e-38c0-46f6-8ccd-b5a53ca270b3","{""0"":""Gift Vouchers cannot be used Online."",""1"":""This is a one time use GV / GC."",""2"":""Multiple Gift Vouchers can be used in one bill."",""3"":""Gift Vouchers are accepted at all Listed Outlets.""}","[{""image"":""https://at.valuedesign.co.in/media/uploads/products/CC/1.png"",""title"":""Find the Costa Coffee shop near you that accepts gift cards.""},{""image"":""https://at.valuedesign.co.in/media/uploads/products/CC/2.png"",""title"":""Enjoy the coffee and snacks of your choice and after placing an order.""},{""image"":""https://at.valuedesign.co.in/media/uploads/products/CC/3.png"",""title"":""Provide the Gift Card to the cashier at the time of billing and payment and pay the remaining amount via cash or card if any.""}]","250","2500","2025-11-27T14:38:47.472+00:00","Both","Multiple","coffee, chain, its","180"
"3d999b1f-ae31-4a74-bb97-bbc9cc47597c","EGCGBBIRSTK001","Birkenstock E-Gift Card","E-Commerce","9","1000-20000","Variable","0","1","Birkenstock is a premium luxury German brand started in 1774 known to have invented the footbed and shaped the meaning of the word footbed. The revolutionary footbed is specifically designed to mould to the person’s feet and it is one of the core components that none of the footwear brands in the market have. The brand portfolio consists of more than 800 models and is therefore, a brand for the whole family: women, men and children. On top of that, the brand uses high quality raw materials only which makes them more durable.","{""text"":""1.\tBirkenstock Gift Cards can only be redeemed at the Birkenstock Online Shop (www.birkenstock.in). The gift cards can be bought by any Birkenstock customer who shall be deemed as “sender”. Post the purchase of the online gift cards it shall be emailed to the mentioned email address by the sender at the time of purchase to the “receiver”.\r\n2.\tGift cards can be only purchased through prepaid mode of payment, cash on delivery will not be applicable during the purchase of gift cards.\r\n3.\tThe Gift Cards can be redeemed for all goods in the Birkenstock India website (www.birkenstock.in).\r\n4.\tGift cards cannot be used to purchase other Gift cards.\r\n5.\tGift cards can be combined with promotional vouchers, but discretion of use remains with Birkenstock India team. If the value of the gift card is not sufficient for an order, the difference would need to be paid with another payment method approved by Birkenstock India (Cash on Delivery is not applicable)\r\n6.\tGift cards that are purchased on Birkenstock Online Shop (www.birkenstock.in) cannot be redeemed at any Birkenstock Offline Stores.\r\n7.\tCustomers can redeem upto 5 gift cards at the same time and any remaining balance in the gift card will be saved for next purchase against the last used gift cards.\r\n8.\tAt redemption the Gift Card number sent in email to receiver will be validated at Birkenstock India to ensure there is no revocation.\r\n9.\tAny balance remaining in the Gift Card will be carried over to next purchase.\r\n10.\tAll Birkenstock India Gift Cards are valid for 1 year from the date of issue. The validity of gift cards cannot be extended after the expiry date. If there are any technical issues, please reach out to customer care immediately.\r\n11.\tGift cards cannot be exchanged in the form of cash or monetary transfers.\r\n12.\tCustomers having issues with Gift Cards can reach out to customercare-india@birkenstock.com.\r\n13.\tGift cards are not transferrable to any subsequent users or email ids\r\nBirkenstock India is not responsible if a Gift Card is lost, stolen, destroyed, or used without permission.\r\n14.\tIn the event of loss of gift card or has been compromised kindly reach out to customercare-india@birkenstock.com. In such events we shall block the existing card and re-issue another gift card with the existing value after validating the authenticity of the “receiver”.\r\n15.\tProducts purchased with gift cards follow the same refund/return policy as general orders in the Birkenstock India website.\r\n16.\tIn events of product refunds, we will issue the refund into the same gift card that was used at the time of purchase, refund to any bank accounts will not be possible.\r\n17.\tThese terms and conditions are governed by and construed in accordance with the laws of India. You, Pine labs private limited and Birkenstock India each agree to submit to the exclusive jurisdiction of the courts at Delhi.""}","{""raw"":""https://giftbig.s3.amazonaws.com/microsite/product/EGCGBBIRSTK001/d/thumbnail/7136_microsite.png""}","2025-11-27T14:38:48.620826+00:00",,"2025-11-27T14:38:48.620826+00:00","2025-11-27T20:13:23.293041+00:00",,"4b9e758e-7c45-4642-ac6e-641028f0d9a5","{}","[{""image"":null,""title"":""Customer visits the Birkenstock.in""},{""image"":null,""title"":""Completes shopping""},{""image"":null,""title"":""Goes to checkout and selects gift card tender""},{""image"":null,""title"":""Enters Gift card no and pin and clicks redeem""},{""image"":null,""title"":""Any additional value is paid by customer using other tender modes""}]","1000","20000","2025-11-27T14:38:47.465+00:00","Online","Multiple","gift, card, designed","365"
"c72b1ea4-72d8-49c9-9ca0-228555e6ba40","EGCGBHME001","@ Home E-Gift Card","Fashion & Lifestyle","7","500-5000","Variable","0","1","@home is the retail division of Nilkamal Limited, the world's largest manufacturer of moulded furniture & India's leading manufacturer of Material Handling Systems.","{""text"":""1.\tBy purchasing the e-Gift Card(s), you are agreeing to and accepting these Terms & Conditions.\r\n2.\tThis E-Gift card is valid for one year from the date of Purchase.\r\n3.\tThe E-Gift card is issued by @home, Nilkamal Limited (Company)\r\n4.\tThe E – Gift cards can be redeemed at www.at-home.co.in and at @home stores only.\r\n5.\tNo refund, replacement or cash back would be considered against this E-Gift card.\r\n6.\tGift Card can’t be replaced or duplicated if stolen or lost.\r\n7.\tOnce E-Gift Card is purchased, the company will not accept any request for cancellation\r\n8.\tE– Gift card can be redeemed only once. If the value of the merchandise exceeds the value of the E – Gift card, the differential amount of such purchase should be paid by using modes of payment available on website or at store. Balance if any, of the E-Gift after purchase shall not be carried forward.\r\n9.\tFor any query, please contact any @home store or call on customer care at 1-800-121-1414.\r\n10.\tIn case of Returns/cancellations of the redemption done via E-Gift, the refund of the same will be done to the effect of the value of contribution of the E-Gift to the sale. The balance will be done via the contribution of the other respective payment mode to the sale. In the case of multiple products being purchased and a combination of the E-Gift and any other mode of payment being used to complete the transaction, the individual products being sold, will get the assignment of the value of the E-Gift and any other mode of payment being used based on the tender percentage contribution in total order value. The refund will happen in the same percentage split as per the original tender used.\r\n11.\tThe E-Gift can be utilized with combination of other promotional offers at store or website.\r\n12.\tRedemption of E- Gift by its bearer shall be valid discharge of the company's liabilities in respect of E- Gift\r\n13.\tAny dispute need to be referred to the Company and the decision of the company shall be final.\r\n14.\tThe E-Gift Card is subject to applicable laws.\r\n15.\tAny dispute relating to the E-Gift Card shall be subject to the exclusive jurisdiction of courts at Mumbai.\r\n16.\tNilkamal Ltd shall be entitled to amend these terms and conditions from time to time. Any change in these terms and conditions can be viewed on our Website and/or at any of the @home stores.\r\n17.\tE-Gift Cards are normally delivered instantly. But sometimes due to system issues, the delivery can be delayed up-to 24 - 48 hours""}","{""raw"":""https://giftbig.s3.amazonaws.com/microsite/product/EGCGBHME001/d/thumbnail/4429_microsite.jpg""}","2025-11-27T14:38:48.620826+00:00",,"2025-11-27T14:38:48.620826+00:00","2025-11-27T20:13:23.470128+00:00",,"4ead20e7-9a15-4b5f-bdb4-3ebafe4daf71","{}","[{""image"":null,""title"":""Use outlet locator to locate the nearest store around you that accepts this E-Gift Card.""},{""image"":null,""title"":""Choose your desired option from their collection.""},{""image"":null,""title"":""At the checkout, use your E-Gift Card to redeem it.""}]","500","5000","2025-11-27T14:38:47.485+00:00","Both","Multiple","home, gift, card","365"
"92b8ba9e-964e-4f88-b77e-69fba5dffec4","STBETHTESVSEIND","[Steam] The Elder Scrolls V: Skyrim Special Edition IND","Gaming","9","1799","Fixed","0","1","Skyrim Special Edition is a remastered version. It features enhanced graphics and includes the base game and all DLCs. The Special Edition also introduces mod support on consoles. Known for its vast open world and immersive gameplay, Skyrim remains a staple in the RPG genre. The Special Edition provides an updated experience for modern platforms.","{""text"":""1. Please be careful when selecting the regional code you wish to buy. Once the code leaves our secure inventory, we can no longer guarantee the validity of the code; therefore after an order has been sent we cannot return or exchange it.\r\n2. Codes have a 3 year validity from the date of purchase.\r\n3. Code will not be replaced by the brand or your retailer if the card is lost or stolen.\r\n4. Code cannot be exchanged for cash.""}","{""raw"":""https://at.valuedesign.co.in/media/uploads/products/Skyrim-SE_0csLu9r.png""}","2025-11-27T14:38:48.620826+00:00",,"2025-11-27T14:38:48.620826+00:00","2025-11-27T20:13:23.66941+00:00",,"1bbf49a5-e8bf-475d-a1fd-e542d5597afe","{}","[{""image"":null,""title"":""Download and installed the Steam Client on your computer.""},{""image"":null,""title"":""Run the Steam Client.""},{""image"":null,""title"":""Create an account on Steam or login if you already have one.""},{""image"":null,""title"":""Activate your purchased keys into your Steam account and install the game.""}]","0","0","2025-11-27T14:38:47.472+00:00","Online","1","steam, ind, game","1095"
"1aef9a35-b879-42d5-a586-ae981a042d47","ZENZOZEMO3880-47","Zenless Zone Zero 3880 MONOCHROME","Gaming","10.5","4349","Fixed","0","1","Zenless Zone Zero is an urban fantasy action RPG where players battle supernatural enemies in a post-apocalyptic city using fast-paced, stylish combat and a cast of unique characters.","{""text"":""1. Introduction\r\nThese Terms & Conditions (“T&C”) govern your use and redemption of Zenless Zone Zero gift cards. The cards are issued under the authority of COGNOSPHERE PTE. LTD. (“HoYoverse”, “we”, “us”) and are subject to the Zenless Zone Zero Terms of Service (https://zenless.hoyoverse.com/en-us/company/terms).\r\n\r\n2. Acceptance of Terms\r\nBy purchasing, using, or redeeming a gift card, you accept these T&C. Redemptions also require compliance with the official game TOS.\r\n\r\n3. Eligibility\r\n- Gift cards may be redeemed only in supported regions and through approved platforms.\r\n- HoYoverse reserves the right to limit or refuse redemption if any suspicious or unauthorized activity is detected.\r\n\r\n4. Gift Card Value & Expiry\r\n- Gift cards provide in-game credits or currency as specified on the card (e.g., Polychromes).\r\n- Gift cards do not expire unless local laws require otherwise.\r\n\r\n5. Redemption & Usage\r\n- Redemption must occur through official Zenless Zone Zero channels or affiliated platforms.\r\n- Once redeemed, credits are non-transferable and cannot be refunded or exchanged for cash.\r\n\r\n6. Refunds & Cancellations\r\n- All gift card purchases are final and non-refundable.\r\n- If any error occurs during redemption, users must contact HoYoverse support promptly.\r\n\r\n7. Fraud & Unauthorized Use\r\n- Fraudulent, stolen, or misused cards may be deactivated or confiscated without notice.\r\n- HoYoverse enforces anti-cheat and fair-use policies across all platforms.\r\n\r\n8. Intellectual Property\r\n- All branding, content, and assets associated with Zenless Zone Zero are the property of HoYoverse.\r\n- Use of such materials must comply with HoYoverse's brand and legal policies.\r\n\r\n9. Liability Limitation\r\n- Gift cards and their associated services are provided “as-is” without any warranty.\r\n- HoYoverse disclaims liability for indirect or consequential damages.\r\n\r\n10. Governing Law\r\n- These terms are governed by the laws of Singapore. Disputes shall be resolved under its jurisdiction.\r\n\r\n11. Updates to T&C\r\n- HoYoverse may modify these T&C at its discretion without prior notice.\r\n- Continued use after changes constitutes acceptance of the new terms.\r\n\r\n12. Contact Information\r\nFor gift card inquiries, contact Zenless Zone Zero support through the official game website.""}","{""raw"":""https://at.valuedesign.co.in/media/""}","2025-11-27T14:38:48.620826+00:00",,"2025-11-27T14:38:48.620826+00:00","2025-11-27T20:13:23.756032+00:00",,"1bbf49a5-e8bf-475d-a1fd-e542d5597afe","{}","[{""image"":null,""title"":""Go to the redemption website https://www.redeemcodenow.com.""},{""image"":null,""title"":""Enter your 16-digit voucher code.""},{""image"":null,""title"":""Enter your User ID select your Server and provide your email address.""},{""image"":null,""title"":""Click Redeem.""},{""image"":null,""title"":""If successful you’ll see a confirmation message and the in-game currency will be credited shortly.""}]","0","0","2025-11-27T14:38:47.472+00:00","Both","1","rpg, players","365"
"e8a7a8f6-4db0-4fc6-a309-36c8685c40e5","STEAMTHONIND4995","[Steam] The Elder Scrolls IV: Oblivion Remastered - Deluxe Edition IND","Gaming","9","4995","Fixed","0","1","","{""text"":""1. Please be careful when selecting the regional code you wish to buy. Once the code leaves our secure inventory, we can no longer guarantee the validity of the code; therefore after an order has been sent we cannot return or exchange it.\r\n2. Codes have a 3 year validity from the date of purchase.\r\n3. Code will not be replaced by the brand or your retailer if the card is lost or stolen.\r\n4. Code cannot be exchanged for cash.""}","{""raw"":""https://at.valuedesign.co.in/media/""}","2025-11-27T14:38:48.620826+00:00",,"2025-11-27T14:38:48.620826+00:00","2025-11-27T20:13:23.846824+00:00",,"1bbf49a5-e8bf-475d-a1fd-e542d5597afe","{}","[{""image"":null,""title"":""Download and installed the Steam Client on your computer.""},{""image"":null,""title"":""Run the Steam Client.""},{""image"":null,""title"":""Create an account on Steam or login if you already have one.""},{""image"":null,""title"":""Activate your purchased keys into your Steam account and install the game.""}]","0","0","2025-11-27T14:38:47.473+00:00","Online","1","steam, ind","1095"
"a72f91ce-bd31-4b45-af92-b1722cbbb54d","RAZGOLINR100-77","INR 100 Razer Gold Gift Card","Gaming","4.25","100","Fixed","0","1","Razer Gold is a universal gaming wallet that lets you top up and purchase in-game content across a wide range of games. Use this gift card to recharge your Razer Gold balance and enjoy seamless payments in your favorite titles.","{""text"":""""}","{""raw"":""https://postimg.cc/SXhL5dY3""}","2025-11-27T14:38:48.620826+00:00",,"2025-11-27T14:38:48.620826+00:00","2025-11-27T20:13:23.932167+00:00",,"1bbf49a5-e8bf-475d-a1fd-e542d5597afe","{}","[]","0","0","2025-11-27T14:38:47.482+00:00","Online","1","inr, razer, gold","365"
"267b8266-d37a-4e22-9caf-b32c64f279af","STBETHTESVAEIND","[Steam] The Elder Scrolls V: Skyrim Anniversary Edition IND","Gaming","9","2199","Fixed","0","1","Skyrim Anniversary Edition is an enhanced version of the beloved RPG. It includes the base game, all DLCs, and over 500 pieces of content from the Creation Club. Launched for Skyrim’s 10th anniversary, it offers an enriched experience. The game’s open world, deep lore, and modding community are highly regarded.","{""text"":""1. Please be careful when selecting the regional code you wish to buy. Once the code leaves our secure inventory, we can no longer guarantee the validity of the code; therefore after an order has been sent we cannot return or exchange it.\r\n2. Codes have a 3 year validity from the date of purchase.\r\n3. Code will not be replaced by the brand or your retailer if the card is lost or stolen.\r\n4. Code cannot be exchanged for cash.""}","{""raw"":""https://at.valuedesign.co.in/media/uploads/products/Skyrim-Anniversary-Edition_HcMMMsO.png""}","2025-11-27T14:38:48.620826+00:00",,"2025-11-27T14:38:48.620826+00:00","2025-11-27T20:13:23.380048+00:00",,"1bbf49a5-e8bf-475d-a1fd-e542d5597afe","{}","[{""image"":null,""title"":""Download and installed the Steam Client on your computer.""},{""image"":null,""title"":""Run the Steam Client.""},{""image"":null,""title"":""Create an account on Steam or login if you already have one.""},{""image"":null,""title"":""Activate your purchased keys into your Steam account and install the game.""}]","0","0","2025-11-27T14:38:47.472+00:00","Online","1","steam, ind, rpg","1095"
"664781d4-26d2-453f-a6bc-89c983d7e029","EGCGBLPMX002","LOIPL Max E-Gift Cards","Fashion & Lifestyle","9.5","100-10000","Variable","0","1","LOIPL Max eGift card will be sold across QC distribution channels. Customer can redeem this Gift card by visiting Max website.","{""text"":""1.\tMax Online e-Gift Cards are provided by Landmark Online India Private Limited.\r\n2.\tMax Online e-Gift Cards can be used on Max Online platforms - maxfashion.com - website & apps.\r\n3.\tMax Online Gift Cards cannot be redeemed at the physical / brick and mortar stores of Max.\r\n4.\tMax Online e-Gift Cards have a validity of 12 months from the date of purchase / activation, whichever is later.\r\n5.\tMax Online e-Gift Cards can be partially redeemed and can be used multiple times till balance exists in the E-Gift Card.\r\n6.\tIn case the value of the merchandise exceeds the value of the E-Gift card, then the differential amount shall be paid by the customer,\r\n7.\tE-Gift Cards cannot be exchanged or redeemed for cash, under any circumstances.\r\n8.\tFor balance enquiry or other queries, check our website – Maxfashion.com or call our helpline 1800-123-1444.\r\n9.\tThe E-Gift card number and the PIN are required for redemption.\r\n10.\tMax Online e-Gift Cards can also be used during sales & promotions.\r\n11.\tNo replacement/compensation is permissible for lost or damaged E- Gift cards.\r\nOnce the eGift card is issued, Landmark Online India Private Limited will not entertain any request for cancellation.\r\n12.\tAny exchange by the bearer will be considered a valid and legal discharge of Landmark Online India’s liability.E- Gift Card redemption is provided on “as-is” and “as-available” basis.\r\n13.\tLandmark Online India Private Limited reserves the right to amend, withdraw eGift Card services along with these terms at its discretion, without prior notice.\r\n14.\tLandmark Online India Private Limited shall not assume any liability in case the e-gift card pin gets stolen/compromised due to fraud, date theft, negligence, phishing, or any other illegal activity. Under these circumstances Landmark Online India Private Limited shall neither be liable to replace the eGift card nor refund the cash. Customer further indemnifies and holds Landmark Online India Private Limited harmless from any claims arising out of these circumstances.\r\n15.\tAll grievances shall be referred to Landmark Online India Private Limited & the decision of the company shall be final & binding.\r\n16.\tAll disputes are subject to exclusive jurisdiction of Bangalore Courts.\r\n17.\tThe total liability of Landmark Online India Private Limited for all demands, claims, actions, causes of action, proceedings, suits, assessments, losses, damages, liabilities, costs and expenses shall be limited to the value of the E-Gift cards issued to the customer.\r\n18.\tE-Gift Cards are normally delivered instantly. But sometimes due to system issues, the delivery can be delayed up-to 24 - 48 hours.""}","{""raw"":""https://giftbig.s3.amazonaws.com/microsite/product/EGCGBLPMX002/d/thumbnail/8089_microsite.jpg""}","2025-11-27T14:38:48.620826+00:00",,"2025-11-27T14:38:48.620826+00:00","2025-11-27T20:13:24.105395+00:00",,"4ead20e7-9a15-4b5f-bdb4-3ebafe4daf71","{}","[{""image"":null,""title"":""Select Merchandise""},{""image"":null,""title"":""Go To Cart""},{""image"":null,""title"":""Select GC as Payment Mode""},{""image"":null,""title"":""Enter 16 digit Code and Pin Number""},{""image"":null,""title"":""Balance Payment By Debit/Card.""}]","100","10000","2025-11-27T14:38:47.462+00:00","Online","Multiple","gift, cards, card","360"
"e7790375-9a32-44ac-a9e9-da4cd12ffa77","SkechersQFyLMZ9NGAsfKQRa","Skechers","Sports & Footwears","10","250,500,1000,1500,2000,2500,5000","Fixed","0","1","Skechers, a global leader in the high performance and lifestyle footwear industry, designs and develops more than 3,000 styles of lifestyle and performance products known for style, innovation, quality and comfort.","{""text"":""1.This is a Skechers Insta Gift Voucher (GV) and would be accepted on https://www.skechers.in and in all the listed retail outlets. <br/>2. The person who has the Skechers GV is deemed to be the beneficiary. <br/>3. Skechers is not responsible if the Gift card is lost, stolen or used without permission. <br/>4. Multiple GV can be used in one bill/transaction. <br/>5.This is a ONE time use GV with an expiration date. <br/>6. No credit note / refund for the unused balance amount of the GV will be given. <br/>7. Once the voucher gets added to the EPay balance, it can be utilized till the balance gets exhausted or expires.No credit note or refund for the unused balance amount will be given. <br/>8. Skechers GV CANNOT be revalidated once expired or cancelled under any situations. <br/>9. Skechers GV can be clubbed with any one of the existing offer. <br/>10. Skechers GV cannot be redeemed on specific block out dates as may be intimated / updated by Skechers on its website from time to time. Skechers may add or delete any date(s)/period(s) on its sole discretion without any liability. <br/>11. Any dispute related to the GV should be referred to the issuing company and the decision of the issuing company shall be final. In case of any legal disputes, the courts at Mumbai shall have the exclusive jurisdiction. <br/>12. Skechers shall on best effort basis attempt to accept Insta Gift Vouchers (GV), but on account of any technical reason or for any reason beyond control Skechers, GV may not get accepted on the website and Skechers shall have no liability for the same. <br/>13. If an Insta Gift Voucher (GV) gets blocked on account of technical issue, it would get enabled in 72 hours. In case of transaction failures after Insta Gift Voucher (GV) is applied, amount would be automatically refunded to the same cards within 48 hours <br/>14. Skechers reserves the rights to edit/change the terms and conditions for the Insta Gift Voucher (GV at any time without any notice or liability. <br/>15. Skechers has the final authority on the interpretation of these rules. <br/>16. Skechers reserves the right to withdraw Insta Gift Voucher (GV) scheme/offer before the completion of validity period without any notice or liability at its sole discretion. <br/>17. Skechers reserves the right to deny accepting any Insta Gift Voucher (GV) if it suspects that there is duplicity of cards. <br/>18. In no event the liability of Skechers for any claims shall exceed the value of the Insta Gift Voucher (GV) in dispute. <br/>19. For any queries or issues related to GV or GC, raise a request at www.gvhelpdesk.com""}","{""raw"":""https://at.valuedesign.co.in/media/uploads/products/Skechers.png""}","2025-11-27T14:38:48.620826+00:00",,"2025-11-27T14:38:48.620826+00:00","2025-11-27T20:13:24.28043+00:00",,"28d1349d-db10-42a7-a37a-63fba3ea8d2c","{""0"":""This is a Skechers Insta Gift Voucher (GV) and would be accepted online at https://www.skechers.in & listed outlets."",""1"":""Multiple GV can be used in one bill/transaction."",""2"":""Gift Vouchers CAN be used during sale."",""3"":""Visit https://www.gftr.it to activate/add E-Pay Code to your account.""}","[{""image"":""https://at.valuedesign.co.in/media/uploads/products/Skechers/1.jpeg"",""title"":"" Visit Skechers website at www.skechers.in Visit Skechers listed outlet""},{""image"":""https://at.valuedesign.co.in/media/uploads/products/Skechers/2.jpeg"",""title"":""Please share the voucher code with the cashier before billing.""},{""image"":null,""title"":""Make your order and click on Proceed to cart. Enter the Gift Voucher in Apply  Gift Card code  section & click on Apply. Enter the Mobile number and Click on Submit on the pop up Enter your details and Login in to the Account. Confirm the Shipping Address and click on Next. Select the Payment Mode and Click on  Place Order""}]","0","0","2025-11-27T14:38:47.484+00:00","Both","Multiple","high, performance, lifestyle","365"
"52b497b8-bef5-4967-aefc-bb14c1b89296","EGCGBMCDGC001","McDonald’s McCafe Membership Card - Gold","Food & Beverages","4","900-900","Variable","0","1","Hardcastle Restaurants Private Limited (“HRPL”) operates quick service restaurants in the West and South of India under the brand name of ‘McDonald’s’. HRPL for ease of reference is hereinafter referred to as “McDonald’s”.\r\nMcDonald’s has introduced an ‘McDonald’s McCafe Gift Card -Gold (Instant Voucher) “the Card” or “card”. Save 69%- Buy 8 Coffee Get 8 Free. The Card permits the owner to purchase products in McDonald’s restaurants across west and south of India.","{""text"":""1.\tThe card can be used multiple times.\r\n2.\tThe card is valid for 1 year from date of purchase.\r\n3.\tThe card is available only in domination mentioned on site of purchase.\r\n4.\tThe card can be used only for purchase in McDonald's' restaurants in the west and south of India.\r\n5.\tMcDonald's shall not be liable if the Card cannot be used at any particular restaurant due to technical errors or other such operating system glitches.\r\n6.\tThe card can be used to purchase any McDonald's' products at its restaurants only (It cannot be used on McDelivery App, SOK or any third party app where McDonald's' products is listed).\r\n7.\tTo check your balance, please send an SMS to 9975933517 as follows: BAL < space > 16-Digit Card Number E.g. BAL 1234123412341234 or visit https://www.woohoo.in/balenq\r\n8.\tThe card can’t be exchanged for cash or any other tender.\r\n9.\tOnce the card has been purchased it is considered sold and cannot be cancelled, refunded ,exchanged or refilled.\r\n10.\tNo refund will be made for any lost card and no revalidation is allowed for expired gift card balance.\r\n11.\tMaximum one card can be used per order.\r\n12.\tMcDonald's at it’s own discretion may withdraw issuance/redemption of the card, without any prior notice in this regard.\r\n13.\tMcDonald's maximum liability for any reason whatsoever shall not exceed the purchase value of the voucher.\r\n14.\tRemaining balance in case if the order value is more than card value can be paid only through cash (No other mode of payment is acceptable)\r\n15.\tFor any further enquires, email at myfeedback@mcdonaldsindia.com\r\n16.\tThe usage of the Card is subject to force majeure conditions including acts of God, strikes, war, riots, change of law, lockdowns, statutory prohibitions/ restrictions and on occurrence of any force majeure event. In such cases at the sole discretion of McDonald's the validity period of the Card maybe extended.\r\n17.\tIn case of any dispute or difference with respect to the promotion/offer, the decision of McDonald's shall be final and binding on all concerned.\r\n18.\tAll disputes arising here from are subject to the exclusive jurisdiction of the courts at Mumbai.\r\n19.\tE-Gift Cards are normally delivered instantly. But sometimes due to system issues, the delivery can be delayed up-to 24 - 48 hours.\r\n20.\tNo returns and no refunds on gift cards, e-gift cards and gift vouchers shipped by woohoo.in. Please check the refund policy at http://www.woohoo.in/faq for further details.""}","{""raw"":""https://giftbig.s3.amazonaws.com/microsite/product/EGCGBMCDGC001/d/thumbnail/3287_microsite.jpg""}","2025-11-27T14:38:48.620826+00:00",,"2025-11-27T14:38:48.620826+00:00","2025-11-27T20:13:24.369691+00:00",,"ad8a9a7e-38c0-46f6-8ccd-b5a53ca270b3","{}","[{""image"":null,""title"":""Use outlet locator to locate the nearest store around you that accepts this E-Gift Card""},{""image"":null,""title"":""Choose your desired option from their collection.""},{""image"":null,""title"":""At the checkout, use your E-Gift Card to redeem it.""}]","900","900","2025-11-27T14:38:47.467+00:00","Both","Multiple","mcdonald, card, restaurants","365"
"d1ba7fbd-7c64-4211-a477-2f83a9a3736e","EGCGBREL005","Reliance Trends E-Gift Voucher","Fashion & Lifestyle","5","100-10000","Variable","0","1","Trends is India’s largest and fastest growing apparel and accessories specialty chain of Reliance Retail, with a strong network of more than 1500 stores in more than 850 cities across all its formats in India. It also houses more than 100 national and international apparel & accessory brands along with 20 own brands across men, women and children’s categories to fulfill every customer need. Trends is an inspirational fashion destination, with a vision to democratize fashion to millions of Indians across the country, by enabling and empowering them to make fashion choices at unbeatable value. Spread over 8,000 – 24,000 square feet of shopping area, Trends provides inspiration, guidance, and support through one’s journey of their fashion exploration.","{""text"":""1.This Gift Voucher is issued by Reliance Retail Limited (Reliance).\r\n2.This Gift Voucher is redeemable, and it is valid only for a period of 12 months from the date of receipt.\r\n3.Gift Voucher can be redeemed only against the purchase of qualified products from Reliance Trends Stores in India.\r\n4.Gift Voucher can’t be exchanged for cash. This Gift Voucher can be redeemed only once.\r\n5.This Gift Voucher is not valid on purchase of Gold/Silver Coins.\r\n6.This Gift Voucher cannot be redeemed in parts and needs to be redeemed for full value.\r\n7.No extension of the Validity period nor refund of the value of Gift Voucher in case of failure to use the Gift Voucher on or before the validity period.\r\n8.Reliance shall not be responsible for loss or misuse of Gift Voucher and no duplicate or compensation in lieu of the Gift Voucher shall be given by Reliance.\r\n9.Reliance’s overall liability will not exceed the value of the Gift Voucher.\r\n10.Gift Vouchers CAN be used to buy discounted products\r\n11.Multiple Gift Vouchers CAN be used in one bill\r\n12.Gift Vouchers CAN be used at all Listed Outlets on storelocator.ril.com/Retail\r\n13.Gift Vouchers CANNOT be used online\r\n14.Bearer of the Gift Voucher shall be deemed to have read, understood and accepted these terms and conditions.\r\n15.Bearer of the code of Gift Voucher is deemed to be the beneficiary of this Gift Voucher. Any redemption by the bearer of Gift Voucher shall be considered as a valid discharge of liabilities by Reliance.\r\n16.Reliance shall not be liable under any circumstances towards any loss or damage or expenses or cost or any third-party liability, whether directly or indirectly arising out of or in relation to use of Gift Voucher and redemption thereunder by the bearer.\r\n17.Reliance reserves its right to modify/amend the terms and conditions of the Gift Voucher at any time without prior notice and such modifications shall be binding on the user/bearer of the Gift Voucher.\r\n18.Any dispute with regard to Product liability, guarantee, warranty and quality of the Products to be purchased under redemption of the Gift Voucher shall be addressed to the respective Manufacturer/ Brand Owner and Reliance shall not be held responsible/liable for the same. The guarantee and warranty of the Products shall be transferred, as received from the respective Manufacturer/Buyer.\r\n19.In case of any issue faced by the Gift Voucher bearer, the Gift Voucher bearer can reach out to Customer service desk at the Stores or Customer Care at Toll free number 18008910001/18001027382 or Email at customerservice@ril.com.\r\n20.For any Reliance Retail GV queries / issues related to receiving of the voucher, please reach out to customer care of Qwikcilver at RRLsupport@pinelabs.com\r\n21.The Gift Voucher is binding for all applicable laws of India.\r\n22.All disputes are subject to the jurisdiction of courts at Mumbai only.\r\n23.E-Gift Cards are normally delivered instantly. But sometimes due to system issues, the delivery can be delayed up-to 24 - 48 hours.\r\n24.No returns and no refunds on gift cards, e-gift cards and gift vouchers shipped by woohoo.in. Please check the refund policy at http://www.woohoo.in/faq for further details.""}","{""raw"":""https://giftbig.s3.amazonaws.com/microsite/product/EGCGBREL005/d/thumbnail/8212_microsite.jpg""}","2025-11-27T14:38:48.620826+00:00",,"2025-11-27T14:38:48.620826+00:00","2025-11-27T20:13:24.545494+00:00",,"4ead20e7-9a15-4b5f-bdb4-3ebafe4daf71","{}","[{""image"":null,""title"":""Visit the outlet near you.""},{""image"":null,""title"":""Before making the purchase confirm about the acceptance of Gift Voucher at the store.""},{""image"":null,""title"":""Choose the products you would like to buy.""},{""image"":null,""title"":""Show your Gift Voucher details to the cashier at the time of billing & pay any balance amount by cash or card.""}]","100","10000","2025-11-27T14:38:47.467+00:00","Both","Multiple","gift, india, across","360"
"66cd9268-0922-45a5-b983-3a2779ece790","Nykaato3tBHlVEhDmY6lI","Nykaa","Wellness & Beauty","6","500,1000,1500,2000,5000","Fixed","0","1","Nykaa is a one stop shop for all cosmeholics. It has over 1,00,000 products & over 2000 brands to choose from. Gyftr offers Nykaa Gift Vouchers through which you can shop your heart right from the comfort of your home and save big bucks at the same time. If you?re a fashionista and want to be under the spotlight get going, browse homegrown, international popular, premium and luxury brands. Nykaa Gift Cards from Nykaa Gift Vouchers is a gateway to stay tuned with the latest beauty trends and rock","{""text"":""1.This E-Gift Card is redeemable on the online ecommerce platforms of Nykaa group entities to include Nykaa.com, NykaaMan.com, NykaaFashion.com, and used at Nykaa Retail stores (Lux and On Trend formats) <br/>2.This E - Gift Card cannot be used to purchase other gift cards.  <br/>3.E -Gift Cards cannot be redeemed for Cash or Credit and cannot be reloaded.  <br/>4. This E-Gift Card can be redeemed online against sellers listed on Nykaa.com, NykaaMan.com, NykaaFashion.com, and used at Nykaa Retail stores (Lux and On Trend).  <br/>5.The Gift Card once purchased cannot be cancelled, refunded or returned. Once purchased, the recipient email ID or mobile number cannot be changed. <br/>6.You can redeem only 1 Gift Card per order. To redeem multiple gift cards, please add the gift card to the Nykaa Wallet. The Gift Card can be combined with promotional codes and with other payment options. <br/>7.Nykaa reserves the right to cancel the E - Gift Card if the same have been found to be purchased with fraudulent means and/or the beneficiary/Know Your Customer (\""KYC\"") details as per RBI Guidelines are found to be incorrect/insufficient. In such cases, the funds shall be credited back to the same source from where these were received from. You agree to provide truthful and accurate information during the purchase of e-Gift Cards. Nykaa may call for further information and documents from you in compliance to know Your customer and Anti Money Laundering guidelines issued by RBI from time to time. In the event the information provided by you, end beneficiary/Know Your Customer(KYC) details are found to be incorrect/ insufficient, Nykaa retains the right to cancel or block the e-Gift Cards issued.  <br/>8.You agree and understand that E - Gift Cards are a prepaid payment Instrument subjected to regulations by RBI Under the RBI guidelines, Nykaa may be required to share KYC details of the purchaser/ redeemer of the Gift Card and/or any other information with relation to the purchase of the Gift Cards and/or transaction undertaken using the Gift Card with RBI or such statutory authorities. Nykaa may contact the purchaser/redeemer of the GC for any such information.  <br/>9.Nykaa is not responsible if a card is used without permission. You agree and acknowledge that you shall be solely responsible for maintaining secrecy of the code provided to activate the e-Gift Card.  <br/>10.If the order value exceeds the e-Gift Card amount, the balance must be paid by another payment option. <br/>11.Nykaa will have the right to cancel the e-Gift Card obtained fraudulently and the funds have to be credited back to the same source from where these were received. <br/>12.Nykaa does not warrant that the services and products provided to you pursuant to this Agreement will be free of interruptions, errors, bugs, viruses or security problems. <br/>13.Nykaa E-Retail Pvt. Ltd. does not make any warranties, express or implied, with respect to e-Gift Cards including without limitation, any express or implied warranty of merchantability or fitness for a particular purpose. In the event an e-Gift Card is non-functional, your sole remedy will be the issuance of another e-Gift Card, for the value remaining in the non-functional card. <br/>14.The conditions stated in these Terms and Conditions are in addition to the terms and conditions of every e-commerce platform of the Nykaa group. Nykaa reserves the right to change these terms and conditions from time to time in its discretion and without prior notice to you. <br/>15.Registered users can add multiple Nykaa Gift Cards to their Nykaa Wallet and use the combined Nykaa Wallet Balance for redemption. <br/>16.Nykaa Gift Cards/E Gift Cards / Nykaa Wallet Balance cannot be used to purchase Gold/Silver Coins, Gold/Silver Bars and Jewellery. <br/>15.For any queries / issues related to GV / GC, raise a request at www.gvhelpdesk.com""}","{""raw"":""https://at.valuedesign.co.in/media/uploads/products/Nykaa.png""}","2025-11-27T14:38:48.620826+00:00",,"2025-11-27T14:38:48.620826+00:00","2025-11-27T20:13:24.723481+00:00",,"f5575e42-86a0-4616-9408-0f096d2da35f","{""0"":""You can redeem only 1 Gift Card per order."",""1"":""To redeem Multiple gift cards, please add the gift cards to the Nykaa Wallet."",""2"":""Gift Vouchers CAN be used during Sale."",""3"":""Gift Vouchers ACCEPTED at all Listed Outlets."",""4"":""Gift Vouchers CAN be used Online.""}","[{""image"":""https://at.valuedesign.co.in/media/uploads/products/Nykaa/1.png"",""title"":""Go to Nykaa.com and select the items you want to purchase.""},{""image"":""https://at.valuedesign.co.in/media/uploads/products/Nykaa/2.png"",""title"":""Once you reach our payment page, select the Gift Card payment option.  Enter your 16-digit Card Code and the corresponding Card PIN and click on apply. The Gift Card amount will be deducted from the payable amount.""},{""image"":""https://at.valuedesign.co.in/media/uploads/products/Nykaa/3.png"",""title"":""To use multiple gift cards add them in your wallet.""},{""image"":""https://at.valuedesign.co.in/media/uploads/products/Nykaa/4.png"",""title"":""Go to any Nykaa retail store and select the items you want to purchase.""},{""image"":null,""title"":""Share the 16-digit card code and the corresponding card PIN with the cashier while making the payment.  If the order value is less than the e-Gift Card amount, e-Gift Card won't be applied to the order.""}]","0","0","2025-11-27T14:38:47.468+00:00","Both","Multiple","over, products, offers","365"
"3a6ab252-258a-41e6-8d43-e149179452f2","RelaxoQZYn7uTnFUrS3Thk","Relaxo","Sports & Footwears","9","100,250,500,1000,2000","Fixed","0","1","Get yourself comfortable and affordable footwear from Relaxo. With brands like the Bahamas, Flite, Sparx, Schoolmate under its umbrella, Relaxo has a nostalgia associated with it. From back to school shoes to party wear footwear, the brand boasts of a rich catalog. Give your feet the comfort they deserve with Relaxo shoes, sandals, slippers and more with Relaxo Gift Vouchers and Gift cards to maximize your savings.","{""text"":""1.This is a Relaxo Footwears limitedInsta Gift Voucher (GV)and would be acceptedat Relaxo Footwears Exclusive Retail outlet. <br/>2.The person who has the GV Code is deemed to be the beneficiary. <br/>3.Do inform thecashier that you plan to use the GV for making payments before billing. <br/>4.More than one GVcan be used in one bill. <br/>5.This is a ONE time use GV. <br/>6.No Credit note / Refund for the unused amount of the GV will be given. <br/>7.Relaxo Footwears Ltd GV CANNOT be revalidated once expired. <br/>8.Relaxo Footwears Ltd GV can be clubbed with on-going promotions. <br/>9.Relaxo Footwears Ltd GVcannot be redeemed on specific block out dates. Relaxo Footwears Ltd may add or delete any date on its sole discretion  <br/>10.Any dispute related to the GV should be referred to the issuing company and the decision of the issuing company shall be final. <br/>11.Relaxo Footwears Ltd makes full efforts to accept Insta Gift Vouchers (GV) but on account of any technical reasons GV may not be redeemed. <br/>12.If an Insta Gift Voucher (GV) get blocked on account of technical issue, it would get enabled in 72 hours. <br/>13.For any queries / issues related to GV / GC, raise a request at www.gvhelpdesk.com""}","{""raw"":""https://at.valuedesign.co.in/media/uploads/products/Relaxo.png""}","2025-11-27T14:38:48.620826+00:00",,"2025-11-27T14:38:48.620826+00:00","2025-11-27T20:13:24.900511+00:00",,"28d1349d-db10-42a7-a37a-63fba3ea8d2c","{""0"":""Gift Vouchers CANNOT be used Online."",""1"":""Multiple Gift Vouchers CAN be used in one bill."",""2"":""Gift Vouchers CAN be clubbed with on-going promotions/offers."",""3"":""Gift Vouchers are ACCEPTED at listed Relaxo Outlets.""}","[{""image"":""https://at.valuedesign.co.in/media/uploads/products/Relaxo/1.png"",""title"":""Use the outlet locator to locate the nearest outlet that accepts this Gift Voucher.""},{""image"":""https://at.valuedesign.co.in/media/uploads/products/Relaxo/2.png"",""title"":""Select your choice of product.""},{""image"":null,""title"":""Share your Gift Voucher with the cashier at the time of billing & pay the remaining amount by cash or card if required.""}]","0","0","2025-11-27T14:38:47.469+00:00","Offline","Multiple","relaxo, footwear, its","365"
"45a0982c-9e89-4d72-8735-e56f1e7f5f02","VMartxsGM7IuO8yfHbcnu","V Mart","Fashion & Lifestyle","9.5","250,500,1000,2000,3000,5000","Fixed","0","1","Ever since 2022, V-Mart is perfect one stop shopping destination for you and your family. With 17 years of expertise, V-Mart delivers the finest quality of clothing affordably. With V-Mart Gift Cards you can shop from the world?s best performing departmental at discounted prices and be a part of 3 crore satisfied customers. Explore a range of home decors, general merchandise, toys, utensils, and other home utility items with your V-Mart Gift Cards, while you shop more and save more.","{""text"":""1.This is V Mart/ Unlimited Insta Gift Voucher (GV) / Gift Card (GC) and would be accepted on listed V Mart/ Unlimited outlets only. \r\n2.The person who has V Mart GV / GC Code is deemed to be the beneficiary. \r\n3.For list of stores please visit http://stores.vmart.co.in/ \r\n4.This Gift Card is NOT VALID for online purchase i.e. can not be redeemed on VMART app or the website \r\n5.Gift card Redemption is not allowed for FMCG / Kirana sales \r\n6.This Gift Card CANNOT be exchanged for cash or cheque or credit note or gift cards \r\n7.This Gift Card CANNOT be revalidated once it is expired \r\n8.No other offers, discounts, promotions and loyalty points are valid with this deal \r\n9.This Gift Card is non-refundable and non-returnable \r\n10.In case the value of the merchandise exceeds the value of the card, the difference shall be paid by the bearer in cash or by card \r\n11.VMRL will NOT be liable to issue another card in case this card is lost be the customer \r\n12.VMRL shall NOT be liable and responsible for any unauthorized and/or fraudulent purchase/s made using this card \r\n13.The holder of this card shall be solely responsible for the safe custody of the card and the credentials mentioned on it. \r\n14.In case of return of any or all items purchased using a card, the standard return policy of VMRL will be applicable \r\n15.Any liability raised by the customer or gift-card bearer is limited to the liability of the gift-card value \r\n16.For any queries / issues related to GV / GC, raise a request at www.gvhelpdesk.com""}","{""raw"":""https://at.valuedesign.co.in/media/uploads/products/VMart.png""}","2025-11-27T14:38:48.620826+00:00",,"2025-11-27T14:38:48.620826+00:00","2025-11-27T20:13:24.987827+00:00",,"4ead20e7-9a15-4b5f-bdb4-3ebafe4daf71","{""0"":""Gift Vouchers are accepted at all Listed Outlets."",""1"":""Multiple Gift Vouchers CAN be used in one bill at the Stores."",""2"":""This is a one-time usage Voucher."",""3"":""Gift Vouchers CAN NOT be used on grocery purchases.""}","[{""image"":""https://at.valuedesign.co.in/media/uploads/products/VMart/1.png"",""title"":""Visit V mart listed outlet""},{""image"":""https://at.valuedesign.co.in/media/uploads/products/VMart/2.png"",""title"":""Select the choice of your product.""},{""image"":null,""title"":""Please share the Gift Card with the cashier before billing""}]","0","0","2025-11-27T14:38:47.469+00:00","Both","Multiple","one, gift, cards","365"
"050f030c-d6f8-4c8b-9b9e-8674aac1cc54","EsteleUeainMi47NNRzgTE","Estele","Jewellery","18.5","250,500,1000,2000,5000","Fixed","0","1","Estele is India?s first and most loved fashion jewellery brand. Find millions of lovely designs with precious metal plating and imitation plating. GyFTR brings you Estele Gift Cards with amazing deals and discounts. You can easily redeem your Gift Card on your next jewellery purchase.","{""text"":""1.This is an Estele Insta Voucher (GV) / Gift Card (GC) and is valid only at Estele E-Commerce Portal www.estele.co <br/>2.The holder of the Instant Gift Voucher is deemed to be the beneficiary. <br/>3.Beneficiary should announce the intent of using the Instant Gift Voucher before making a purchase. <br/>4.The gift card is not a legal tender or replacement of credit / debit card <br/>5.This card cannot be exchanged for cash or cheque <br/>6.This card cannot be redeemed at offline retail Outlets, any other multi brand or departmental stores or any other marketplaces like Amazon, Flipkart, Paytm etc. for purchase of Estele products <br/>7.The validity of the Estele Gift Card will be for One Year I.e. 365 days from date of activation (purchase) of card <br/>8.Maximum of five gift cards can be redeemed against single invoice <br/>9.No replacement or compensation is permissible for lost or mutilated or defaced Gift Card. <br/>10.Any dispute or redemption issues should be referred to Estele customer support (info@estele.co) and the decision of the company shall be final <br/>11.All disputes must be referred to Hyderabad Jurisdiction only <br/>12.E-Gift cards are normally delivered instantly. But sometimes due to system issues, the delivery can be delayed up-to 24 hours. <br/>13.For any queries / issues related to GV / GC, raise a request at www.gvhelpdesk.com""}","{""raw"":""https://at.valuedesign.co.in/media/uploads/products/Estele.png""}","2025-11-27T14:38:48.620826+00:00",,"2025-11-27T14:38:48.620826+00:00","2025-11-27T20:13:25.075104+00:00",,"be43af8c-2f42-47e3-b5a4-726427f2308f","{""0"":""Gift Vouchers are ACCEPTED only at Estele E-Commerce Portal www.estele.co"",""1"":""Gift Vouchers CAN be used during Sale."",""2"":""Multiple codes can be clubbed for single purchase. Maximum of five gift cards can be redeemed against single invoice"",""3"":""The e-voucher codes are unique and one time usage only.""}","[{""image"":""https://at.valuedesign.co.in/media/uploads/products/Estele/1.png"",""title"":""Go to www.estele.co. Select the product to purchase and click add to cart""},{""image"":""https://at.valuedesign.co.in/media/uploads/products/Estele/2.png"",""title"":""Add if any discount code note: This is discount not gift coupon code.Fill in Address details and phone number""},{""image"":""https://at.valuedesign.co.in/media/uploads/products/Estele/3.png"",""title"":""Add the Gift card codes as many as 5 can be used and if any balance payment is needed use Razorpay to pay the balance. (Note: The gift cards retain unspent value for a period of 1 year, i.e if you use 700 out of a 1000 INR Gift card you retain 300 INR for next order)""}]","0","0","2025-11-27T14:38:47.469+00:00","Online","Multiple","india, jewellery, brand","133225"
"91b45608-b607-4923-8ead-d36d75ab394d","EGCGBGIRI001","Girias E-Gift Card","Fashion & Lifestyle","2.25","1000-10000","Variable","0","1","Our Journey started from a 300sq.ft store to a 1000000+ sq. ft which is a multi-city showroom brand, more than 4 decades of quality delivery and unmatched service - Girias has come a long way and is undoubtedly India's leading retailer with 85 Mega Stores.\r\nGirias have branches in the major cities such as Ballari, Bangalore, Bangalore rural, Belagavi, Chengalpattu, Chennai, Chikkaballapur, Coimbatore, Dakshina kannada, Davangeree, Dharmapuri, Dharwad, Erode, Hassan, Kalaburagi, Kanchipuram, Karur, Kolar, Krishnagiri, Kumbakonam, Madurai, Mandya, Mysore, Nagercoil, Namakkal, Pollachi, Pondicherry, Raichur, Ramanagara, Ramanathapuram, Salem, Shivamogga, Thiruvallur, Tiruchirapalli, Tiruneveli, Tiruppur, Tumkur, and Vellore.\r\nGIRIAS believes in the philosophy of providing the latest products to customers at the best market price. The very fact that thousands of customers come back to GIRIAS for their consumer durable needs proves the quality of service and delivery promise that we give to our Customers, GIRIAS - \""The One Stop Shop for Consumer Durable Needs\"".""","{""text"":""1.\tThe gift card is not a legal tender or replacement of credit / debit card.\r\n2.\tThis card cannot be refunded/redeemed for cash/reissued, if lost / stolen.\r\n3.\tE-Gift card cannot be redeemed partially.\r\n4.\tMinimum Invoice value for card redemption is Rs. 1000\r\n5.\tShould the purchase value be more than the gift card value the difference should be paid by other payment methods.\r\n6.\tThe holder of this card is deemed to be the beneficiary.\r\n7.\tThis Gift Card is valid for 1 year from the date of issuance and can be redeemed only at Girias Retail Outlets.\r\n8.\tValidity cannot be extended if card gets expired.\r\n9.\tMaximum of five gift cards can be redeemed against single invoice.\r\n10.\tNo replacement or compensation is permissible for lost or mutilated or defaced Gift Card.\r\n11.\tAny dispute should be referred to Girias customer support and the decision of the company shall be final.\r\n12.\tFor any redemption issues related queries customer needs to get in touch with Girias customer care only.\r\n13.\tAll disputes must be referred to Bangalore jurisdiction and the decision of the company shall be final.""}","{""raw"":""https://giftbig.s3.amazonaws.com/microsite/product/EGCGBGIRI001/d/thumbnail/2878_microsite.jpg""}","2025-11-27T14:38:48.620826+00:00",,"2025-11-27T14:38:48.620826+00:00","2025-11-27T20:13:25.160792+00:00",,"4ead20e7-9a15-4b5f-bdb4-3ebafe4daf71","{}","[{""image"":null,""title"":""Customer comes to Girias outlet and expresses his/her intent to use Gift Card as payment mode""},{""image"":null,""title"":""Selects merchandise and asks for total invoice value and shares gift card details with cashier""},{""image"":null,""title"":""Cashier reaches to checkout page in the billing system""},{""image"":null,""title"":""Selects gift card as a mode for payment""},{""image"":null,""title"":""Initialize validation of Gift Card by submitting card details & PIN""},{""image"":null,""title"":""Qwikcilver system validates card details and a response will be sent to the POS (Billing system)""},{""image"":null,""title"":""On successful validation – Cashier will be prompted to click on redeem button- Card gets redeemed and invoice gets reduced by redeemed amount""},{""image"":null,""title"":""In case of the total bill value goes higher than GC Redemption value, customer is requested to opt for other mode of payment like credit / debit / wallet etc. for balance payment""},{""image"":null,""title"":""On successful payment invoice gets raised / closed.""}]","1000","10000","2025-11-27T14:38:47.47+00:00","Both","Multiple","gift, card, brand","365"
"c6da911f-89a6-483a-b600-ad3893ebfae3","SBP-VN","Vaango","Food & Beverages","9","100,250,500,1000,1500,2000,2500,3000,5000","Fixed","0","1","""Vaango is the most sought-after name among South Indian food lovers. Vaango means “come in” in Tamil - a classic way to welcome guests. It offers a modern and contemporary yet authentic South Indian dining experience while ensuring home-like comfort. This South Indian restaurant chain was launched by Devyani International Limited - the largest franchisee of Yum Brands in India. Vaango offers the traditional South Indian delicacies loved by people of all ages. 

So, hands down, Vaango is clearly a one-stop destination for all people who love eating out but want good value. A highly desirable, world-class South Indian Pure Veg QSR (Quick Service Restaurant) chain, Vaango has created a distinct name for its inviting ambiance. Consequently, when it’s about enjoying the Authentic Flavors of South India, Vaango is the one name that comes to our mind. 

When you order your South Indian Food use Gift Card powered by Valuedesign. This is gonna help you save some money, as the vouchers from Valuedesign are avail","{""text"":""\""1.\tThis card is issued by Devyani International limited for exchange of goods & services at participate on Vaango restaurant in India. \r\n2.\tThis card can be used in full or part for available e-coupon/offer cannot be exchanged, also no cash refund will be given against this card for event whatsoever (including in case of loss, stolen, expired or otherwise). \r\n3.\tThis card is non-reloadable and any e-coupon/offer in this card is valid for 6 months from the date of issue. \r\n4.\tThe e-coupon offers on this card cannot be clubbed with any other offer/e-coupons/advertised specials at restaurants. \r\n5.\tOffer conditions would be final as mentioned in restaurants. Taxes and other charges extra are as applicable. \r\n6.\tRights to amend terms & conditions are reserved with Devyani International limited without prior notice. \r\n7.\tTo check e-coupon/offer & expiry details, please visit www.dil.rjcorp.com. \r\n8.\tThe user unconditionally accepts all terms & conditions and shall not raise any disputes in this regard. All disputes subject to exclusive jurisdiction of Courts at New Delhi.\""""}","{""raw"":""https://at.valuedesign.co.in/media/uploads/products/Vaango.png""}","2025-11-27T14:38:48.620826+00:00",,"2025-11-27T14:38:48.620826+00:00","2025-11-27T20:13:25.341677+00:00",,"ad8a9a7e-38c0-46f6-8ccd-b5a53ca270b3","{""0"":""This is a Vaango Insta Gift Voucher (GV) / Gift Card (GC) and would only be accepted at listed Vaango outlets."",""1"":""The offers on this card cannot be clubbed with any other offer/e-coupons/advertised specials at restaurants.""}","[{""image"":""https://at.valuedesign.co.in/media/uploads/products/Vaango/1.png"",""title"":""Locate a listed Vaango DIL Store near you.""},{""image"":""https://at.valuedesign.co.in/media/uploads/products/Vaango/2.png"",""title"":""Order the food options that you enjoy from the menu.""},{""image"":""https://at.valuedesign.co.in/media/uploads/products/Vaango/3.png"",""title"":""Provide the Gift Card at the billing and payment time to redeem your gift card.""}]","100","5000","2025-11-27T14:38:47.471+00:00","Offline","Multiple","south, food, experience","180"
"de6ed276-1cf7-42d8-bd14-293d5d04ad4f","HeliosNzGDEb6jJuEU9tTL","Helios","Fashion & Lifestyle","8","250,500,1000,2000","Fixed","0","1","Get luxury, fashion, and Swiss watches in India from Helios. This Titan backed store is your one-stop destination for watches from over 40 international brands. Get yours at a discounted price using Helios Gift Vouchers.","{""text"":""1.The holder of the voucher number is deemed to be the beneficiary. <br/>2. Beneficiary should announce the intent of using the voucher before making a purchase. Only valid vouchers at the sole discretion of HELIOS shall be accepted for redemption. <br/>3. Voucher partial redemption is not allowed.This is a one time use voucher. <br/>4.No refund or credit note would be issued against unused or partially used voucher. <br/>5. Helios Voucher is not applicable on discounted products and cannot be clubbed with any other offer in the store. <br/>6.Voucher cannot be redeemed for Smart Wearable products & Titan Nebula collection of Watches. <br/>7.This voucher can be redeemed at all company authorized HELIOS Stores. <br/>8.Multiple voucher cards (upto 5) can be used against single transaction. <br/>9.Voucher cannot be revalidated once expired. <br/>10.HELIOS/ affiliates are not responsible on account of the beneficiary sharing the voucher number and the voucher getting redeemed on that account. <br/>11.The Brand may ask for a valid Government identity proof at the time of redeeming the voucher. <br/>12.Vouchers will be accepted across all outlets mentioned but HELIOS at its sole discretion may add or remove an outlet from the list without giving any prior notice. <br/>13.HELIOS make full efforts to accept voucher but on account of any technical / administrative reasons an outlet may refuse to accept a voucher. <br/>14.This voucher cannot be redeemed on specific block out dates HELIOS may add or delete any date on its sole discretion. <br/>15.HELIOS or any of its partners would not be liable for any form of compensation on account of an outlet not being able to accept the voucher. The customer would be liable to settle the Invoice. <br/>16.If a voucher gets blocked on account of technical issue the voucher would be usable only post 72 hours. <br/>17.Any dispute should be referred to the company from where the voucher has been received, decision of the HELIOS shall be final. <br/>18. Validity of the voucher is for a maximum of 6 months from the date of issuance <br/>19. For any queries / issues related to GV / GC, raise a request at www.gvhelpdesk.com.""}","{""raw"":""https://at.valuedesign.co.in/media/uploads/products/Helios.png""}","2025-11-27T14:38:48.620826+00:00",,"2025-11-27T14:38:48.620826+00:00","2025-11-27T20:13:25.431785+00:00",,"4ead20e7-9a15-4b5f-bdb4-3ebafe4daf71","{""0"":""Gift Vouchers CAN be used at all company authorized HELIOS Stores."",""1"":""Gift Vouchers CANNOT be used during sale. Voucher cannot be redeemed for Smart Wearable products &amp; Titan Nebula collection of Watches."",""2"":""Maximum 5 Gift Vouchers be used in single bill."",""3"":""Gift Vouchers CANNOT be used Online."",""4"":""Gift Vouchers minimum denomination would be 500."",""5"":""Helios Voucher is not applicable on discounted products and cannot be clubbed with any other offer in the store.""}","[{""image"":""https://at.valuedesign.co.in/media/uploads/products/Helios/1.png"",""title"":""Check the outlet locator for a store nearby you that accepts the Gift Voucher.""},{""image"":""https://at.valuedesign.co.in/media/uploads/products/Helios/2.png"",""title"":""Choose your product.""},{""image"":null,""title"":""Share your Gift Voucher at the time of billing & pay rest by cash or card if required.""}]","0","0","2025-11-27T14:38:47.471+00:00","Offline","Multiple","get, fashion, india","180"
"83a6fae3-fbe8-4f22-a156-34094aa9c523","STEWALINR2500-15","Steam Wallet INR 2500","Gaming","4.25","2500","Fixed","0","1","STEAM is a video game digital distribution service. It is also a storefront for Valve which it uses to sell, or provide updates for its games. Gamers can select from thousands of titles including bestsellers like Red Dead Redemption and Witcher series, indie hits, casual favourites, Dota 2 items, PUBG, CS:GO, Team Fortress 2 items and more. STEAM Wallet Codes are gift cards that you can use to add funds to your Steam wallet. Use those funds to buy your favourite games or purchase in-game items.","{""text"":""""}","{""raw"":""https://at.valuedesign.co.in/media/""}","2025-11-27T14:38:48.620826+00:00",,"2025-11-27T14:38:48.620826+00:00","2025-11-27T20:13:25.516097+00:00",,"1bbf49a5-e8bf-475d-a1fd-e542d5597afe","{}","[]","0","0","2025-11-27T14:38:47.472+00:00","Both","1","steam, wallet, inr","365"
"f98e9d82-d19e-4dfc-97f9-b7c2809a4ae1","AmericanTourister7LEYHh60azvaR9uX","American Tourister","Tour & Travel","4","1000,2000","Fixed","0","1","When it comes to travel backpacks and trolley bags, American Tourister is regarded as one of the leading manufacturers. The company sells backpacks, laptop bags, briefcases, trolley bags, and other travel items that are durable, tried, and attractive. American Tourister baggage is renowned for withstanding challenging travel circumstances and provides the best luggage option for all of your travel needs. Travelers on business or for pleasure will appreciate the American Tourister's, Gift Card. G","{""text"":""1.This is a American Tourister Insta Gift Voucher and would be accepted at the store <br/>2.The person who has the American Tourister GV Code is deemed to be the beneficiary <br/>3.Multiple GV's can be used in one single purchase <br/>4.GV will be Valid for redemption only on products on discount upto 30% in case of Samsonite and upto 50% on American Tourister respectively. <br/>5.American Tourister GV is a One-Time use Gift Voucher <br/>6.No credit note/ Refund for the unused amount of the GV will be given <br/>7.The GV's are neither transferable nor redeemable in cash nor negotiable <br/>8.No replacement will be given for any misplaced voucher. <br/>9.American Tourister Gift Voucher CANNOT be revalidated once expired <br/>10.Partial redemption of the voucher is not permitted. <br/>11.If the order value exceeds the e-Gift Card amount, the balance must be paid by another payment option. <br/>12.All disputes shall be governed by Indian laws and are subject to the exclusive jurisdiction of the competent courts/tribunals of Mumbai <br/>13.The participation in the offer is entirely voluntary and it is understood, that the participation shall be deemed to have been made on a voluntary basis <br/>14.In all matters relating to the Offer, the decision of Samsonite South Asia Private Limited shall be final and binding in all respects. <br/>15.The discount is not available wherever prohibited and/or on products/services for which such offers cannot be made available for any reason whatsoever <br/>16.For any queries / issues related to GV / GC, raise a request at www.gvhelpdesk.com""}","{""raw"":""https://at.valuedesign.co.in/media/uploads/products/AmericanTourister.png""}","2025-11-27T14:38:48.620826+00:00",,"2025-11-27T14:38:48.620826+00:00","2025-11-27T20:13:23.57756+00:00",,"b44a4dcd-7a94-4a48-a266-a96134850e89","{""0"":""Multiple Gift Vouchers CAN be used in one bill."",""1"":""Gift Vouchers CAN be used during Sale."",""2"":""Gift Vouchers are ACCEPTED at all listed American Tourister Outlets ."",""3"":""Gift Vouchers CANNOT be used Online."",""4"":""GV will be Valid for redemption only on products on discount upto 30% in case of Samsonite and upto 50% on American Tourister respectively.""}","[{""image"":""https://at.valuedesign.co.in/media/uploads/products/AmericanTourister/1.jpeg"",""title"":""Use the outlet locator to locate the nearest outlet that accepts this Gift Voucher.\t""},{""image"":""https://at.valuedesign.co.in/media/uploads/products/AmericanTourister/2.jpeg"",""title"":""Select your choice of merchandise\t""},{""image"":null,""title"":""Share your Gift Voucher with the cashier at the time of billing & pay the remaining amount by cash or card if required.\t""}]","0","0","2025-11-27T14:38:47.465+00:00","Online","Multiple","travel, company, gift","365"
"f651e9a8-c6e1-4022-bcc7-fa51da7bd496","STBETHSTARFIELDIND","[Steam] STARFIELD IND","Gaming","9","4999","Fixed","0","1","Starfield is an action RPG and space exploration game. The game features a vast universe with planets to explore, spaceships to build, and space combat. Players can shape their journey with branching narratives and faction choices. It has been highly anticipated for its ambitious scope.","{""text"":""1. Please be careful when selecting the regional code you wish to buy. Once the code leaves our secure inventory, we can no longer guarantee the validity of the code; therefore after an order has been sent we cannot return or exchange it.\r\n2. Codes have a 3 year validity from the date of purchase.\r\n3. Code will not be replaced by the brand or your retailer if the card is lost or stolen.\r\n4. Code cannot be exchanged for cash.""}","{""raw"":""https://at.valuedesign.co.in/media/uploads/products/Starfield_SlkSjNU.png""}","2025-11-27T14:38:48.620826+00:00",,"2025-11-27T14:38:48.620826+00:00","2025-11-27T20:13:25.869022+00:00",,"1bbf49a5-e8bf-475d-a1fd-e542d5597afe","{}","[{""image"":null,""title"":""Download and installed the Steam Client on your computer.""},{""image"":null,""title"":""Run the Steam Client.""},{""image"":null,""title"":""Create an account on Steam or login if you already have one.""},{""image"":null,""title"":""Activate your purchased keys into your Steam account and install the game.""}]","0","0","2025-11-27T14:38:47.472+00:00","Both","1","steam, ind, rpg","1095"
"cd23b571-ec9a-4ab6-a6dd-cb0311fbbe2f","FITPASS47fT158bQo1ofYHK","FITPASS","Wellness & Beauty","20.5","500,1000,2000","Fixed","0","1","One membership to India?s largest network of 5500+ premium gyms and studios high quality assets, variety of workouts, network density and more.
Workout anywhere, anytime and anyhow with your smart membership.You can visit any listed gym or exercise studio with top-notch equipment and fierce energy by using a Fitpass Gift Card from GyFTR. With a Fitpass Gift Card, you can achieve your exercise goals without going over budget. So, are you prepared to be more active and energized with your Fitpass","{""text"":""1. This is a FITPASS Gift Voucher (GV) and would be accepted on the FITPASS app.  <br/>2. The person who has the FITPASS GV is deemed to be the beneficiary.  <br/>3. Single/ Multiple GV s can be clubbed in one bill/transaction. <br/>4. This is a One-time use GV with an expiration date. <br/>5. No credit note / refund for the unused balance amount of the GV will be given.  <br/>6. Any such unused balance amount shall stand lapsed automatically.  <br/>7. FITPASS GV CANNOT be revalidated once expired or cancelled under any situations. <br/>8. FITPASS GV can be clubbed with any one of the existing offers. <br/>9. FITPASS GV cannot be redeemed on specific block out dates as may be intimated / updated by FITPASS from time to time. FITPASS may add or delete any date(s)/period(s) on its sole discretion without any liability.  <br/>10. Any dispute related to the GV should be referred to the issuing company and the decision of the issuing company shall be final. <br/>11. For any queries / issues related to GV, raise a request at www.gvhelpdesk.com.""}","{""raw"":""https://at.valuedesign.co.in/media/uploads/products/FITPass.png""}","2025-11-27T14:38:48.620826+00:00",,"2025-11-27T14:38:48.620826+00:00","2025-11-27T20:13:25.959449+00:00",,"f5575e42-86a0-4616-9408-0f096d2da35f","{""0"":""This is a FITPASS Gift Voucher (GV) and would be accepted only on FITPASS app."",""1"":""Standard FITPASS terms and conditions apply as available on FITPASS electronic media Platform."",""2"":""No credit note/refund for the unused balance amount of the Gift Voucher will be given.""}","[{""image"":""https://at.valuedesign.co.in/media/uploads/products/FITPass/1.png"",""title"":""Download FITPASS App.\t""},{""image"":""https://at.valuedesign.co.in/media/uploads/products/FITPass/2.png"",""title"":""On the screen, select GyFTR Voucher and validate the mobile number through OTP.\t""},{""image"":null,""title"":""Add the Gift Voucher to your Pay Balance. Click on Proceed and it gets added to your FITCASH.\t""}]","0","0","2025-11-27T14:38:47.463+00:00","Offline","Multiple","india, more, gift","365"
"d0cc9338-25df-4f25-bcd2-6cfe65f31a00","RAZGOLINR250-78","INR 250 Razer Gold Gift Card","Gaming","4.25","250","Fixed","0","1","Razer Gold is a universal gaming wallet that lets you top up and purchase in-game content across a wide range of games. Use this gift card to recharge your Razer Gold balance and enjoy seamless payments in your favorite titles.","{""text"":""""}","{""raw"":""https://postimg.cc/SXhL5dY3""}","2025-11-27T14:38:48.620826+00:00",,"2025-11-27T14:38:48.620826+00:00","2025-11-27T20:13:26.140417+00:00",,"1bbf49a5-e8bf-475d-a1fd-e542d5597afe","{}","[]","0","0","2025-11-27T14:38:47.482+00:00","Online","1","inr, razer, gold","365"
"60ae7049-e4c6-490c-b3b9-da2597765ae5","Machaane3FcnF4Q25cJbCEg","Machaan","Food & Beverages","12.5","250,500,1000,1500,2000,2500,3000,5000","Fixed","0","1","Machaan restaurant went out of their way to give customers a peaceful environment. Their restaurant is set up on the outskirts of the cluttered city. Plus, a jungle theme livens up the mood. Choose Machaan gift cards and gift vouchers for a cashless shopping experience.","{""text"":""1.This is a Speciality Restaurants (Mainland China, Machaan, Sigree, Oh! Calcutta and Sweet Bengal) Insta Gift Voucher (GV) / Gift Card (GC) and would be accepted at listed outlets. (For Outlet List, please visit www.gyftr.com ) <br/>2.The person who has the Speciality Restaurants GV / GC Code is deemed to be the beneficiary. <br/>3.Speciality Restaurants GV / GC cannot be clubbed with any other offer or voucher. <br/>4.Do inform the cashier that you plan to use the GV / GC for making payments before billing. <br/>5.Only the listed Speciality Restaurants outlets at its sole discretion accept the GV / GC. Speciality Restaurants may add or remove an outlet without giving any prior notice. <br/>6.More than one GV / GC can be used in one bill. <br/>7.This is a ONE time use GV / GC. <br/>8.No Credit note / Refund for the unused amount of the GV / GC will be given. <br/>9.Speciality Restaurants GV / GC CANNOT be revalidated once expired. <br/>10.Speciality Restaurants GV / GC is valid only on Food & Non-Alcoholic beverages <br/>11.Speciality Restaurants GV / GC cannot be redeemed on specific block out dates. Speciality Restaurants may add or delete any date on its sole discretion. <br/>12.Any dispute related to the GV / GC should be referred to the issuing company and the decision of the issuing company shall be final. <br/>13.Speciality Restaurants makes full efforts to accept Insta Gift Vouchers (GV) / Gift Card (GC), but on account of any technical / administrative reasons an outlet may refuse to accept the same. <br/>14.If an Insta Gift Voucher (GV) /Gift Card (GC) gets blocked on account of technical issue, it would get enabled in 72 hours. <br/>15.For any queries / issues related to GV / GC, raise a request at www.gvhelpdesk.com""}","{""raw"":""https://at.valuedesign.co.in/media/uploads/products/Machaan.png""}","2025-11-27T14:38:48.620826+00:00",,"2025-11-27T14:38:48.620826+00:00","2025-11-27T20:13:26.225861+00:00",,"ad8a9a7e-38c0-46f6-8ccd-b5a53ca270b3","{""0"":""\t"",""1"":""Gift Vouchers CANNOT be used Online."",""2"":""Multiple Gift Vouchers CAN be used in one bill."",""3"":""Gift Vouchers CANNOT be used for Meal Combos."",""4"":""Gift Vouchers are ACCEPTED at all Listed Outlets.""}","[{""image"":""https://at.valuedesign.co.in/media/uploads/products/Machaan/1.png"",""title"":""Visit the restaurant as per your Gift Voucher!! Inform the cashier about the Gift Voucher before ordering food.""},{""image"":""https://at.valuedesign.co.in/media/uploads/products/Machaan/2.png"",""title"":""Order food & enjoy your meal!""},{""image"":null,""title"":""Provide the Gift Voucher to the cashier at the time of billing & pay remaining amount by card or cash if any.""}]","0","0","2025-11-27T14:38:47.467+00:00","Both","Multiple","restaurant, their, gift","365"
"f8422344-2874-4292-8a29-7dc9433fec7e","RAZGOLINR500-79","INR 500 Razer Gold Gift Card","Gaming","4.25","500","Fixed","0","1","Razer Gold is a universal gaming wallet that lets you top up and purchase in-game content across a wide range of games. Use this gift card to recharge your Razer Gold balance and enjoy seamless payments in your favorite titles.","{""text"":""""}","{""raw"":""https://postimg.cc/SXhL5dY3""}","2025-11-27T14:38:48.620826+00:00",,"2025-11-27T14:38:48.620826+00:00","2025-11-27T20:13:26.312659+00:00",,"1bbf49a5-e8bf-475d-a1fd-e542d5597afe","{}","[]","0","0","2025-11-27T14:38:47.482+00:00","Online","1","inr, razer, gold","365"
"ada662e0-9e57-4cd3-929a-ed3cdb2a8356","4999FCSILVERIND","4999 Silver IND","Gaming","6","4499","Fixed","0","1","Available on Android and iOS. Age Rating 12+. EA SPORTS FC™ is here—the next chapter in The World's Game. Join us in building the future of football on a foundation of innovation and authenticity with more than 19,000 fully licensed players, 700 teams, and 30 leagues. Created for fans by fans, EA SPORTS FC is a new Football Club for the future of football we want to build together. Silver: can be used to buy in-game items such as Star Pass & Welcome Bundles. Silver Store: can be accessed from the in-game store under the Silver Category","{""text"":""1. Your use of this card is subject to the requirements printed on the card.\r\n2. This cards full terms and conditions are available at https://redeem.meplay.com/game/eafc. By purchasing, using or accepting this card you agree to all such requirements, full terms and conditions.\r\n3. Please note, FC Silver and FC Silver Accounts are region specific, which means you can only use the FC Silver codes specific to the region you have opened an account from. For example, if you have opened an account in Brazil, you can only purchase Brazil specific FC Silver Points for that region/country.\r\n4. Once you have loaded your FC Silver onto your account you are ready to play.\r\n5. Please be careful when selecting the regional code you wish to buy. Once a FC Silver Digital code leaves our secure inventory, we can no longer guarantee the validity of the code; therefore, after an order has been sent we cannot return or exchange it.\r\n6. FC Silver Codes have a 1 (one) year validity from date of purchase.""}","{""raw"":""https://at.valuedesign.co.in/media/uploads/products/Silver-4999-8-IND.png""}","2025-11-27T14:38:48.620826+00:00",,"2025-11-27T14:38:48.620826+00:00","2025-11-27T20:13:26.484753+00:00",,"1bbf49a5-e8bf-475d-a1fd-e542d5597afe","{}","[]","0","0","2025-11-27T14:38:47.473+00:00","Both","1","silver, ind, world","365"
"d4646deb-f9dc-464a-8e0a-c94781a90fb7","EGCGBKJ014","Kalyan Diamond E-Gift Card","Jewellery","6.8","1500-100000","Variable","0","1","""Kalyan Jewellers offer a wide array of traditional and contemporary Jewellery designs in Gold, Diamond, Silver, Uncut, Polki, Solitaire and Platinum. Kalyan Jewellers is build on a strong foundation of Trust, Quality, Purity and Innovation in its Journey over the last so many years. Kalyan Jewellers has evolved into one of the most trusted brands across India and has ramped up its presence across PAN India with a direct presence of 104 stores across 84 Cities and growing","{""text"":""1.\tThis E-Gift is Redeemable Diamond, Uncut, Polki, Solitaire, Platinum in Kalyan Stores in India.\r\n2.\tThis E-Gift card is not redeemable on Gold & Silver Coin and Gold Jewellery\r\n3.\tThis E-Gift Valid for 364 days from issue\r\n4.\tE-Gift cannot be exchanged for cash\r\n5.\tE-Gift can be redeemed only once\r\n6.\tE-Gift has to be presented in the store in original condition\r\n7.\tE-Gift is valid at only Kalyan Jewellers Stores in India\r\n8.\tNo Photocopy/Reproduction of the E-Gift will be accepted\r\n9.\tNo Duplicate E-Gift will be issued in case of the same being misplaced or lost.\r\n10.\tE-Gift is redeemable on one cash memo only.\r\n11.\tE-Gift is not a legal tender.\r\n12.\tA Maximum of 10 cards can be added in a single bill.\r\n13.\tFor support, please write in to support@woohoo.in or call 080 67181401\r\n14.\tE-Gifts are normally delivered instantly. But sometimes due to system issues, the delivery can be delayed up-to 24 - 48 hours.\r\n15.\tIn case of any store redemption issue, customer can reach out to Kalyan support number # 022-49769725/15.\r\n16.\tThis voucher cannot be clubbed with redemption of Gold/Diamond Purchase Advance Schemes\r\n17.\tThis voucher cannot be clubbed with Package invoices and Special Priced Items""}","{""raw"":""https://giftbig.s3.amazonaws.com/microsite/product/EGCGBKJ014/d/thumbnail/1484_microsite.jpg""}","2025-11-27T14:38:48.620826+00:00",,"2025-11-27T14:38:48.620826+00:00","2025-11-27T20:13:24.020104+00:00",,"be43af8c-2f42-47e3-b5a4-726427f2308f","{}","[{""image"":null,""title"":""Walk in-to Kalyan Store""},{""image"":null,""title"":""Select the applicable Kalyan product""},{""image"":null,""title"":""At the Billing Counter, inform the cashier about the choice of making payment using Gift Cards.""},{""image"":null,""title"":""Cashier selects Gift Card as payment mode, submits card details in the system and completes the billing process""}]","1500","100000","2025-11-27T14:38:47.464+00:00","Both","Multiple","diamond, gift, card","364"
"a8e6a1f2-9647-47af-a4ca-c8086bf35619","EGCGBEPON002","Epic On  E-Gift Cards-3 month subscription","Entertainment","6","159-159","Variable","0","1","EPIC ON is the go-to destination for endless entertainment in the form of TV shows, short videos, eBooks, podcasts, games, music, audiobooks, contests, and LIVE channels. The streaming service offers free and premium Videos-On-Demand, exciting audio content, and popular books and games - easily accessible on mobile devices, desktop, and Smart TVs. Explore, discover, and be inspired by EPIC ON.","{""text"":""1.\tThis E-Gift Card is available only with Enfagrow products and its various combos.\r\n2.\tEPIC ON eGift cards gets you premium subscription service from ‘IN10 MEDIA NETWORK’. Users get access to unlimited premium content on EPIC ON for the specified period of the subscription on eGift card.\r\n3.\tThe subscription can be used by new or existing EPIC ON users. Those not registered on the service will need to register themselves first.\r\n4.\tTo avail the eGift card option, go to https://www.epicon.in/getSubscription and select the specific plan the gift card is for. Customer can enter the eGift card details in the eGift card section in the payments options.\r\n5.\tThis service is only available on Web, android app and iOS.\r\n6.\tFor further details, please check https://www.epicon.in/getSubscription.\r\n7.\tThe eGift card can be used only once by a user and will be valid for 12 months from the date of purchase.\r\n8.\tEvery coupon code on eGift card will be applicable for a specific pack. One code applicable for a subscription pack cannot be used for any other subscription pack.\r\n9.\tAn email with the eGift card details will be sent to customers upon purchase of the gift card.\r\n10.\tEPIC ON reserves the right to terminate, modify or extend the timelines and features of the eGift card, at any time at its absolute discretion, without assigning any reason.\r\n11.\teGift card offers are subject to promotional availability. This eGift card has no monetary value, is not transferable, is not for sale or re-sale nor redeemable for cash.\r\n12.\tEPIC ON accepts no responsibility, financial or otherwise for the misuse of the eGift card.\r\n13.\teGift cards are normally delivered instantly. But sometimes due to system issues, the delivery can be delayed up-to 24 hours.\r\n14.\tNo returns and no refunds on Gift cards, eGift cards and Gift vouchers shipped by Valuedesign.\r\n15.\tFor any support or assistance regarding EPIC ON subscription, please contact EPIC ON customer care at epicon@in10media.com. The query will be addressed within 48 hours.""}","{""raw"":""https://at.valuedesign.co.in/media/""}","2025-11-27T14:38:48.620826+00:00",,"2025-11-27T14:38:48.620826+00:00","2025-11-27T20:13:26.659833+00:00",,"502892c1-e901-4c40-8b77-8fdbf8b41a62","{}","[{""image"":null,""title"":""Visit https://www.epicon.in or download the EPIC ON app""},{""image"":null,""title"":""Sign up / log in to EPIC ON app/website""},{""image"":null,""title"":""Click on subscribe now https://www.epicon.in/getSubscription.""},{""image"":null,""title"":""Enter the unique promo code in the section below and apply it. Your 1 month subscription will be automatically generated""},{""image"":null,""title"":""IOS users can redeem the code only on website""},{""image"":null,""title"":""Enjoy your EPIC ON premium 1-month subscription""}]","159","159","2025-11-27T14:38:47.494+00:00","Online","Multiple","epic, gift, cards","360"
"535bf1ef-dbf4-47d9-9deb-3e5596ba0e2e","99FCSILVERIND","99 Silver IND","Gaming","6","89","Fixed","0","1","Available on Android and iOS. Age Rating 12+. EA SPORTS FC™ is here—the next chapter in The World's Game. Join us in building the future of football on a foundation of innovation and authenticity with more than 19,000 fully licensed players, 700 teams, and 30 leagues. Created for fans by fans, EA SPORTS FC is a new Football Club for the future of football we want to build together. Silver: can be used to buy in-game items such as Star Pass & Welcome Bundles. Silver Store: can be accessed from the in-game store under the Silver Category","{""text"":""1. Your use of this card is subject to the requirements printed on the card.\r\n2. This cards full terms and conditions are available at https://redeem.meplay.com/game/eafc. By purchasing, using or accepting this card you agree to all such requirements, full terms and conditions.\r\n3. Please note, FC Silver and FC Silver Accounts are region specific, which means you can only use the FC Silver codes specific to the region you have opened an account from. For example, if you have opened an account in Brazil, you can only purchase Brazil specific FC Silver Points for that region/country.\r\n4. Once you have loaded your FC Silver onto your account you are ready to play.\r\n5. Please be careful when selecting the regional code you wish to buy. Once a FC Silver Digital code leaves our secure inventory, we can no longer guarantee the validity of the code; therefore, after an order has been sent we cannot return or exchange it.\r\n6. FC Silver Codes have a 1 (one) year validity from date of purchase.""}","{""raw"":""https://at.valuedesign.co.in/media/uploads/products/Silver-99-8-IND.png""}","2025-11-27T14:38:48.620826+00:00",,"2025-11-27T14:38:48.620826+00:00","2025-11-27T20:13:26.836234+00:00",,"1bbf49a5-e8bf-475d-a1fd-e542d5597afe","{}","[]","0","0","2025-11-27T14:38:47.474+00:00","Both","1","silver, ind, world","365"
"5bdaab6c-565c-4125-af68-a5aa03aba1af","PVRGgerXyr63MoeJH9I","PVR","Entertainment","12","100,250,500,1000","Fixed","0","1","Experience film viewing in the most enigmatic way. With over 750 screens across the country, PVR Cinemas gives you the option to pick from PVR?s Gold Class and Mainstream Cinemas to Director?s Cut to PVR Icon. Watch the latest film in exceptional technology like IMAX, ECX, and 4 DX. To save on your next PVR ticket buying, use PVR Gift Vouchers and Gift Cards.","{""text"":""1.This is a PVR CINEMAS Insta Gift Voucher (GV) / and would be accepted on www.pvrcinemas.com and on PVR cinemas APP <br/>2.The Gift Voucher will not be applicable on the INOX screens. The same needs to be applied for booking PVR screens only. <br/>3.PVR CINEMAS is not responsible if the voucher is lost, stolen or used without permission. <br/>4.Single/Multiple voucher can be used in one bill/transaction. <br/>5.This is a One-time use GV with an expiration date. <br/>6.No credit note refund for the unused balance amount of the GV will be given. <br/>7.Any such unused balance amount shall stand lapsed automatically. <br/>8.PVR CINEMAS GV CANNOT be revalidated once expired or cancelled under any situations. <br/>9.PVR CINEMAS GV can be clubbed with any one of the existing offers on its website. <br/>10.PVR CINEMAS GV cannot be redeemed on specific block out dates as may be intimated / updated by PVR CINEMAS on its website from time to time <br/>11.Any dispute related to the GV should be referred to the issuing company and the decision of the issuing company shall be final <br/>12.PVR CINEMAS shall on best effort basis attempt to accept Insta Gift Vouchers (GV) / but on account of any technical reason or for any reason beyond control of PVR CINEMAS, GV may not get accepted on the website and PVR CINEMAS shall have no liability for the same. <br/>13.If an Insta Gift Voucher (GV) gets blocked on account of technical issue, it would get enabled in 72 hours <br/>14.PVR CINEMAS reserves the rights to edit change the terms and conditions for the Insta Gift Voucher (GV) at any time without any notice or liability. <br/>15.PVR CINEMAS has the final authority on the interpretation of these rules. <br/>16.PVR CINEMAS reserves the right to withdraw Insta Gift Voucher (GV) / scheme/offer before the completion of validity period without any notice or liability at its sole discretion. <br/>17.PVR CINEMAS reserves the right to deny accepting any Insta Gift Voucher (GV) / if it suspects that there is duplicity of cards. <br/>18.In no event the liability of PVR for any claims shall exceed the value of the Insta Gift Voucher (GV) / in dispute.""}","{""raw"":""https://at.valuedesign.co.in/media/uploads/products/PVR.png""}","2025-11-27T14:38:48.620826+00:00",,"2025-11-27T14:38:48.620826+00:00","2025-11-27T20:13:27.012887+00:00",,"502892c1-e901-4c40-8b77-8fdbf8b41a62","{""0"":""Gift Vouchers CAN be used ONLINE at www.pvrcinemas.com &amp; PVR Cinemas Mobile App"",""1"":""Gift Vouchers CAN be clubbed with on-going promotion/offers."",""2"":""Multiple Gift Vouchers CAN be used in one bill."",""3"":""Gift Vouchers CANNOT be used directly at Cinema Halls."",""4"":""The Gift Vouchers will not be applicable on the INOX screens. The same needs to be applied for booking PVR screens only""}","[{""image"":""https://at.valuedesign.co.in/media/uploads/products/PVR/1.jpeg"",""title"":""Log on to https://www.pvrcinemas.com/ or on PVR Cinemas Mobile App""},{""image"":""https://at.valuedesign.co.in/media/uploads/products/PVR/2.jpeg"",""title"":""Click on Book Tickets radio button to proceed further.""},{""image"":""https://at.valuedesign.co.in/media/uploads/products/PVR/3.jpeg"",""title"":""Select Location, Event, Venue, Show Date, Time and Seats of your preference as the logic flows""},{""image"":""https://at.valuedesign.co.in/media/uploads/products/PVR/4.jpeg"",""title"":""Click on Gift Voucher tab to enter Gift Voucher e-code in the text box that appears.""},{""image"":null,""title"":""Click on Make The Payment to apply & pay rest by other modes of payment if required.""}]","0","0","2025-11-27T14:38:47.475+00:00","Both","Multiple","pvr, gift, cards","365"
"94f0296e-274f-48d0-82b9-7be91dc947c0","BlueStoneGoldJewelleryVwUBOhHgnwKMcUZB","BlueStone Gold Jewellery","Jewellery","3","500,1000,2000,5000","Fixed","0","1","Modern consumers choose BlueStone for authentic gold jewellery. The exquisite designs are crafted with great attention to detail and the use of the latest technology. Get certified jewellery with a lifetime exchange and a 30-day money-back guarantee. Get BlueStone gold jewellery gift cards with multiple denominations from GyFTR. You can easily redeem your gift card when buying your gold jewellery.","{""text"":""1.This is a BlueStone Gift Card(s) can be redeemed online- https://www.bluestone.com and listed outlets. <br/>2.The person who has the BlueStone GV / GC Code is deemed to be the beneficiary. <br/>3.Multiple Gift Card(s) can be used in a single transaction. Gift Card(s) can be combined with any other payment type on BlueStone.com and at the store. <br/>4.Gift cards cannot be redeemed partially <br/>5.Gift card can be redeemed on Diamond Jewellery and Gemstone Jewellery, Plain Gold & Preset Solitaires. This gift card is not valid for redemption on Gold coins. <br/>6.Gift cards cannot be used to purchase another Gift Card. <br/>7.Payment mode will be Net Banking, Credit/Debit Card, Blue Cash. <br/>8.Gift Card(s) once bought online, shall be considered as sold and cannot be Cancelled, Exchanged or Refunded. <br/>9.If lost or misused, the Gift Card(s) cannot be replaced. Gift cards are void if resold and cannot be exchanged for credit(s) or cash and cannot be re-validated once past expiry date. <br/>10.In addition to these Terms and Conditions, BlueStone Gift Card(s) and their use on our website are also subject to BlueStone's general Terms of Use & BlueStone's decision will be final in case of any dispute. <br/>11.BlueStone may change (add to, delete, or amend) these terms from time to time. Unless stated otherwise, the changes will apply to any new BlueStone gift card. Any gift cards that you purchase are for personal, non-commercial use and enjoyment only. The same may be shared with family and friends, but may not be advertised, sold or used as promotional items by the purchaser or anyone else without BlueStone's prior written consent. <br/>12.All disputes, with respect to the products and services offered in this connection, are subject to Bangalore jurisdiction. <br/>13.For any queries / issues related to GV / GC, raise a request at www.gvhelpdesk.com""}","{""raw"":""https://at.valuedesign.co.in/media/uploads/products/BlueStoneGoldJewellery.jpeg""}","2025-11-27T14:38:48.620826+00:00",,"2025-11-27T14:38:48.620826+00:00","2025-11-27T20:13:27.102585+00:00",,"be43af8c-2f42-47e3-b5a4-726427f2308f","{""0"":""BlueStone Gift Card(s) can be redeemed online https://www.bluestone.com & www.bluestone.com and at listed outlets."",""1"":""Gift cards cannot be redeemed partially"",""2"":""Multiple Gift Cards can be used in a single transaction.""}","[{""image"":""https://at.valuedesign.co.in/media/uploads/products/BlueStoneGoldJewellery/1.png"",""title"":""Visit BlueStone website at BlueStone.com or visit BlueStone listed outlet""},{""image"":""https://at.valuedesign.co.in/media/uploads/products/BlueStoneGoldJewellery/2.png"",""title"":""Share the voucher code with the cashier. You can make the balance payment by any other payment mode.""},{""image"":""https://at.valuedesign.co.in/media/uploads/products/BlueStoneGoldJewellery/3.png"",""title"":""Click on Voucher Card, Gift Card & Enter the voucher details and click on Apply and Proceed for payment""}]","0","0","2025-11-27T14:38:47.476+00:00","Online","Multiple","gold, jewellery, designs","365"
"f3048317-e5b6-420b-af86-7ced9adcdd0c","1070FCPOINTSI","1070 FC Points IND","E-Commerce","6","929.04","Fixed","0","1","Available on Android and IOS. Age Rating 4+. Play through well known global tournaments with qualified and non qualified national teams. Train Football heroes- Train your favourite players increasing their stats and moving them to the next level!. Fast Game, Exciting goals- Score goals with the world best players using creative modes. Build momentum with precision passing-Dominate possession with new ways to pass, open up space and create attacking opportunities.","{""text"":""1. Your use of this card is subject to the requirements printed on the card.\r\n2. This cards full terms and conditions are available at https://redeem.meplay.com/game/eafc. By purchasing, using or accepting this card you agree to all such requirements, full terms and conditions.\r\n3. Please note, FC Points and FC Mobile Accounts are region specific, which means you can only use the FC Points codes specific to the region you have opened an account from. For example, if you have opened an account in Brazil, you can only purchase Brazil specific FC Points for that region/country.\r\n4. Once you have loaded your FC Points onto your account you are ready to play.\r\n5. Please be careful when selecting the regional code you wish to buy. Once a FC Points Digital code leaves our secure inventory, we can no longer guarantee the validity of the code; therefore, after an order has been sent we cannot return or exchange it.\r\n6. FC Points Codes have a 1 (one) year validity from date of purchase.""}","{""raw"":""https://at.valuedesign.co.in/media/""}","2025-11-27T14:38:48.620826+00:00",,"2025-11-27T14:38:48.620826+00:00","2025-11-27T20:13:27.192874+00:00",,"4b9e758e-7c45-4642-ac6e-641028f0d9a5","{}","[]","0","0","2025-11-27T14:38:47.476+00:00","Both","1","through, qualified, train","365"
"3ec3ddee-30bd-484f-bcfb-d6cb4eeb720d","EGVGBLNCL001","Linen Club E-Gift Card","Fashion & Lifestyle","9","100-100000","Variable","0","1","Linen Club is a leading manufacturer of 100% pure linen fabric since more than 60 years. Our entire linen collection is made from handpicked fibres sourced from France, Belgium and other parts of Europe, and spun, woven and dyed with the best European technology","{""text"":""1.\tThe gift card can be redeemed only at exclusive Linen Club showrooms across India. To locate your nearest Linen Club showroom, visit- www.linenclub.com\r\n2.\tTo redeem the gift card, the card no and card PIN should be given to the cashier before making the bill.\r\n3.\tThe gift card is valid for 365 days from the date of activation.\r\n4.\tThis gift card redemption cannot be combined with any existing discount or offer. Valid on MRP sale only\r\n5.\tThe gift card cannot be redeemed or exchanged for cash.\r\n6.\tThe gift card can be redeemed only once and should be used for full value.\r\n7.\tNo refunds/credit note shall be issued for the part utilization of the gift Card.\r\n8.\tThe gift card is freely transferrable.\r\n9.\tTo check the gift card balance visit- www.woohoo.in/balenq\r\n10.\tFor any assistance on gift card write to us at – linenclub@adityabirla.com\r\n11.\tIn case of any dispute, the decision of Linen Club will be final.\r\n12.\tE-Gift Cards are normally delivered instantly. But sometimes due to system issues, the delivery can be delayed up-to 48-72 hours.\r\n13.\tNo returns and no refunds on gift cards, E- gift cards and gift vouchers shipped by woohoo.in.\r\n14.\tPlease check the refund policy at http://www.woohoo.in/faq for further details.""}","{""raw"":""https://giftbig.s3.amazonaws.com/microsite/product/EGVGBLNCL001/d/thumbnail/2857_microsite.jpg""}","2025-11-27T14:38:48.620826+00:00",,"2025-11-27T14:38:48.620826+00:00","2025-11-27T20:13:27.460264+00:00",,"4ead20e7-9a15-4b5f-bdb4-3ebafe4daf71","{}","[{""image"":null,""title"":""The gift card can be redeemed only at exclusive Linen Club showrooms across India. To locate your nearest Linen Club showroom, visit- www.linenclub.com""}]","100","100000","2025-11-27T14:38:47.477+00:00","Online","Multiple","gift, card","365"
"5493156c-159c-4c6f-bf5b-0b1c7fff66bd","EGCGBASS001","Allen Solly E-Gift Card","Fashion & Lifestyle","3.75","500-10000","Variable","0","1","Allen Solly is another brand of Madura Fashion & Lifestyle’s luxurious, high-end clothing brands for men and women. For those looking for stylish casual and corporate work wear, Allen Solly is the very best bet. Your friend will be emailed the Allen Solly e-Gift card within a few minutes of your order.","{""text"":""1.\tThis EGC shall have a validity period of 1 year from the date of issuance\r\n2.\tThis E-Gift Card can be used across all Allen Solly stores only.\r\n3.\tThis E-Gift Card can be redeemed just once.\r\n4.\tThis is an E-Gift Card is not valid until activated at a participating Allen Solly store.\r\n5.\tThis Gift card/ E- Gift Card can be redeemed only at selected outlets.\r\n6.\tThis E-Gift Card is solely for the use of purchasing merchandise at participating Allen Solly exclusive stores only.\r\n7.\tPlease present this card to the customer representative before billing.\r\n8.\tProtect the card numbers and pin numbers to avoid misuse. In case the card number gets stolen, it cannot be replaced, nor cash refunded.\r\n9.\tE-Gift Cards are normally delivered instantly. But sometimes due to system issues, the delivery can be delayed up-to 24 hours.""}","{""raw"":""https://at.valuedesign.co.in/media/""}","2025-11-27T14:38:48.620826+00:00",,"2025-11-27T14:38:48.620826+00:00","2025-11-27T20:13:27.548671+00:00",,"4ead20e7-9a15-4b5f-bdb4-3ebafe4daf71","{}","[{""image"":null,""title"":""Visit the outlet near you.""},{""image"":null,""title"":""Before making the purchase confirm about the acceptance of Gift Card at the store.""},{""image"":null,""title"":""Choose the products you would like to buy.""},{""image"":null,""title"":""Show your Gift Card details to the cashier at the time of billing & pay any balance amount by cash or card.""}]","500","10000","2025-11-27T14:38:47.477+00:00","Online","Multiple","gift, card, brand","365"
"92e13248-e435-4136-adc5-2b2becad9173","MOBLEDIA706-35","Mobile Legends 706 Diamonds","Gaming","10.5","1063","Fixed","0","1","Mobile Legends: Bang Bang is a fast-paced 5v5 multiplayer online battle arena (MOBA) game designed for mobile.","{""text"":""1. Validity\r\n* Each Gift Card is valid for 6 months from the date of purchase or issuance, unless stated otherwise. \r\n\r\n2. Redemption Process:\r\na. Visit the redemption website: https://www.redeemcodenow.com.\r\nb. Enter your 16-digit voucher code.\r\nc. Provide your game account details ( User ID and Zone ID ) and your email address.\r\nd. Click Redeem.\r\ne. Once successful, you'll see a confirmation message, and the in-game currency will be credited shortly.\r\n\r\n3. Usage Restrictions\r\n* Gift Card funds are credited exclusively as in?game currency.\r\n* Cards cannot be exchanged for cash, reloaded, refunded, transferred, or sold for value.  \r\n\r\n4. No Expiry or Fees (Card vs Balance)\r\n* The Gift Card code expires after 6 months, but once redeemed, balance in your game account does not expire or incur fees. \r\n\r\n5. Lost, Stolen, or Unauthorized Use\r\n* MobaLegend is not responsible for lost or stolen physical cards or digital codes.\r\n* No replacements or refunds will be issued once the code is redeemed or lost.\r\n\r\n6. Limited Liability\r\n* MobaLegend reserves the right to refuse or void redemption in cases of fraud, chargebacks, or violations of platform rules or local laws.\r\n\r\n7. Regional Variations\r\n* Gift Cards may be region?locked. Only cards matching the user s account region will redeem successfully.\r\n\r\n8. Promotional Bonuses\r\n* Some Gift Cards may include bonus items (e.g., limited-time skins or membership perks).\r\n* Bonus items are one?per?account and subject to availability and promotional terms.\r\n\r\n9. General Legal\r\n* By redeeming or using a Gift Card, you agree to these T&C and the broader MobaLegend Terms of Service and Privacy Policy.\r\n* MobaLegend reserves the right to amend, suspend or terminate this T&C at any time.\r\n* Where required by law, certain clauses (e.g., liability, expiration) may not apply.""}","{""raw"":""https://at.valuedesign.co.in/media/""}","2025-11-27T14:38:48.620826+00:00",,"2025-11-27T14:38:48.620826+00:00","2025-11-27T20:13:27.638369+00:00",,"1bbf49a5-e8bf-475d-a1fd-e542d5597afe","{}","[{""image"":null,""title"":""Visit the redemption website https://www.redeemcodenow.com.""},{""image"":null,""title"":""Enter your 16-digit voucher code.""},{""image"":null,""title"":""Provide your game account details ( User ID and Zone ID ) and your email address.""},{""image"":null,""title"":""Click Redeem.""},{""image"":null,""title"":""Once successful you'll see a confirmation message and the in-game currency will be credited shortly.""}]","0","0","2025-11-27T14:38:47.478+00:00","Online","1","game","180"
"2b30672d-3218-4f48-b2fd-77912ef9af4c","RAZGOLINR1000-80","INR 1000 Razer Gold Gift Card","Gaming","4.25","1000","Fixed","0","1","Razer Gold is a universal gaming wallet that lets you top up and purchase in-game content across a wide range of games. Use this gift card to recharge your Razer Gold balance and enjoy seamless payments in your favorite titles.","{""text"":""""}","{""raw"":""https://postimg.cc/SXhL5dY3""}","2025-11-27T14:38:48.620826+00:00",,"2025-11-27T14:38:48.620826+00:00","2025-11-27T20:13:27.728011+00:00",,"1bbf49a5-e8bf-475d-a1fd-e542d5597afe","{}","[]","0","0","2025-11-27T14:38:47.482+00:00","Online","1","inr, razer, gold","365"
"d7c09460-3e39-4644-aaac-795bd2fc138c","MOBLEDIA86-27","Mobile Legends 86 Diamonds","Gaming","10.5","133","Fixed","0","1","Mobile Legends: Bang Bang is a fast-paced 5v5 multiplayer online battle arena (MOBA) game designed for mobile.","{""text"":""1. Validity\r\n* Each Gift Card is valid for 6 months from the date of purchase or issuance, unless stated otherwise. \r\n\r\n2. Redemption Process:\r\na. Visit the redemption website: https://www.redeemcodenow.com.\r\nb. Enter your 16-digit voucher code.\r\nc. Provide your game account details ( User ID and Zone ID ) and your email address.\r\nd. Click Redeem.\r\ne. Once successful, you'll see a confirmation message, and the in-game currency will be credited shortly.\r\n\r\n3. Usage Restrictions\r\n* Gift Card funds are credited exclusively as in?game currency.\r\n* Cards cannot be exchanged for cash, reloaded, refunded, transferred, or sold for value.  \r\n\r\n4. No Expiry or Fees (Card vs Balance)\r\n* The Gift Card code expires after 6 months, but once redeemed, balance in your game account does not expire or incur fees. \r\n\r\n5. Lost, Stolen, or Unauthorized Use\r\n* MobaLegend is not responsible for lost or stolen physical cards or digital codes.\r\n* No replacements or refunds will be issued once the code is redeemed or lost.\r\n\r\n6. Limited Liability\r\n* MobaLegend reserves the right to refuse or void redemption in cases of fraud, chargebacks, or violations of platform rules or local laws.\r\n\r\n7. Regional Variations\r\n* Gift Cards may be region?locked. Only cards matching the user s account region will redeem successfully.\r\n\r\n8. Promotional Bonuses\r\n* Some Gift Cards may include bonus items (e.g., limited-time skins or membership perks).\r\n* Bonus items are one?per?account and subject to availability and promotional terms.\r\n\r\n9. General Legal\r\n* By redeeming or using a Gift Card, you agree to these T&C and the broader MobaLegend Terms of Service and Privacy Policy.\r\n* MobaLegend reserves the right to amend, suspend or terminate this T&C at any time.\r\n* Where required by law, certain clauses (e.g., liability, expiration) may not apply.""}","{""raw"":""https://at.valuedesign.co.in/media/""}","2025-11-27T14:38:48.620826+00:00",,"2025-11-27T14:38:48.620826+00:00","2025-11-27T20:13:27.814562+00:00",,"1bbf49a5-e8bf-475d-a1fd-e542d5597afe","{}","[{""image"":null,""title"":""Visit the redemption website https://www.redeemcodenow.com.""},{""image"":null,""title"":""Enter your 16-digit voucher code.""},{""image"":null,""title"":""Provide your game account details ( User ID and Zone ID ) and your email address.""},{""image"":null,""title"":""Click Redeem.""},{""image"":null,""title"":""Once successful you'll see a confirmation message and the in-game currency will be credited shortly.""}]","0","0","2025-11-27T14:38:47.479+00:00","Online","1","game","180"
"34c1cd21-e6db-4068-a8be-91b9cb3ed50b","EGCGBLVSS001","Levi's E-Gift Card","Fashion & Lifestyle","9","250-50000","Variable","0","1","A pair of Levi’s jeans is an absolutely perfect gift for any denim lover. After all, Levi’s invented the Blue Jean, much before regular people even started wearing jeans. A Levi’s e-Gift card is absolutely perfect for a friend who’s traveling around India, or whose address you don’t have","{""text"":""1.\tThis E-Gift card is Powered by QWIKCILVER.\r\n2.\tThis E-Gift Card is redeemable for merchandise at participating Exclusive Levi's Stores only in India.\r\n3.\tThis E- Gift Card can be redeemed only once.\r\n4.\tThis Gift card/ E- Gift Card can be redeemed only at selected outlets.\r\n5.\tThe E-Gift Card balance is redeemable for merchandise only, and will not be redeemed for cash.\r\n6.\tThis E-Gift Card is transferable.\r\n7.\tThis E-Gift Card is valid for a period of 1 year from the date of activation.\r\n8.\tFor balance enquiry & expiry, SMS LEVIGC<16 digit card number> to 9841646669.\r\n9.\tThis E-Gift Card will not be replaced if lost or stolen.\r\n10.\tThis E-Gift Card is property of Levi's to whom it must be returned upon request or if found. The jurisdiction for any legal dispute with regard to the E-Gift Card, shall be in Courts in Bangalore.\r\n11.\tE-Gift Cards are normally delivered instantly. But sometimes due to system issues, the delivery can be delayed upto 24 hours.""}","{""raw"":""https://giftbig.s3.amazonaws.com/microsite/product/EGCGBLVSS001/d/thumbnail/110_microsite.jpg""}","2025-11-27T14:38:48.620826+00:00",,"2025-11-27T14:38:48.620826+00:00","2025-11-27T20:13:27.984393+00:00",,"4ead20e7-9a15-4b5f-bdb4-3ebafe4daf71","{}","[{""image"":null,""title"":""Visit the outlet near you.""},{""image"":null,""title"":""Before making the purchase confirm about the acceptance of Gift Card at the store.""},{""image"":null,""title"":""Choose the products you would like to buy.""},{""image"":null,""title"":""Show your Gift Card details to the cashier at the time of billing & pay any balance amount by cash or card.""}]","250","50000","2025-11-27T14:38:47.483+00:00","Online","Multiple","gift, card, india","365"
"f37cae88-6f1c-4cf5-8b63-d3a7f8f363e0","HushPuppiesAnIkWsDt6y90HDDV","Hush Puppies","Sports & Footwears","12.5","500,1500,2000,2500,5000","Fixed","0","1","Hush Puppies is a footwear and accessory brand that gives you timeless style and dependable comfort with high quality. This American brand manufactures contemporary, and casual footwear for men, women, and children. Their classics suede shoes are a popular choice among its customers which have been made more affordable for you with Hush Puppies Gift Cards and Gift Vouchers.","{""text"":""1.This is a Hush Puppies Insta Gift Voucher (GV) / Gift Card (GC) and would be accepted at listed outlets. 2.The person who has the Hush Puppies GV / GC Code is deemed to be the beneficiary. <br/>3.Do inform the cashier that you plan to use the GV / GC for making payments before billing. <br/>4.Only the listed Hush Puppies outlets at its sole discretion accept the GV / GC. Hush Puppies may add or remove an outlet without giving any prior notice. <br/>5.A maximum of 7 GV / GC can be used in one bill. <br/>6.This is a ONE time use GV / GC. <br/>7.No Credit note / Refund for the unused amount of the GV / GC will be given. <br/>8.Hush Puppies GV / GC CANNOT be revalidated once expired. <br/>9.Hush Puppies GV / GC can be used during sale. <br/>10.Hush Puppies GV / GC cannot be redeemed on specific block out dates. Hush Puppies may add or delete any date on its sole discretion. <br/>11.Any dispute related to the GV / GC should be referred to the issuing company and the decision of the issuing company shall be final. <br/>12.Hush Puppies makes full efforts to accept Insta Gift Vouchers (GV) / Gift Card (GC), but on account of any technical / administrative reasons an outlet may refuse to accept the same. <br/>13.If an Insta Gift Voucher (GV) /Gift Card (GC) get blocked on account of technical issue, it would get enabled in 72 hours. <br/>14. For any queries / issues related to GV / GC, raise a request at www.gvhelpdesk.com""}","{""raw"":""https://at.valuedesign.co.in/media/uploads/products/HushPuppies.png""}","2025-11-27T14:38:48.620826+00:00",,"2025-11-27T14:38:48.620826+00:00","2025-11-27T20:13:28.071166+00:00",,"28d1349d-db10-42a7-a37a-63fba3ea8d2c","{""0"":"" "",""1"":""Gift Vouchers are ACCEPTED at all Listed Outlets."",""2"":""Gift Vouchers CAN be used during Sale."",""3"":""A maximum of 7 Gift Vouchers CAN be used in one bill.""}","[{""image"":""https://at.valuedesign.co.in/media/uploads/products/HushPuppies/1.jpeg"",""title"":""Use the outlet locator to locate the nearest outlet that accepts this Gift Voucher.""},{""image"":""https://at.valuedesign.co.in/media/uploads/products/HushPuppies/2.jpeg"",""title"":""Select your choice of product.""},{""image"":null,""title"":""Share your Gift Voucher with the cashier at the time of billing & pay the remaining amount by cash or card if required.""}]","0","0","2025-11-27T14:38:47.483+00:00","Both","Multiple","footwear, brand, comfort","365"
"88c038f5-6a9e-4ca8-a430-f4b7e88268a0","RAZGOLINR5000-299","INR 5000 Razer Gold Gift Card","Gaming","4.25","5000","Fixed","0","1","Razer Gold is a universal gaming wallet that lets you top up and purchase in-game content across a wide range of games. Use this gift card to recharge your Razer Gold balance and enjoy seamless payments in your favorite titles.","{""text"":""""}","{""raw"":""https://postimg.cc/SXhL5dY3""}","2025-11-27T14:38:48.620826+00:00",,"2025-11-27T14:38:48.620826+00:00","2025-11-27T20:13:28.245426+00:00",,"1bbf49a5-e8bf-475d-a1fd-e542d5597afe","{}","[]","0","0","2025-11-27T14:38:47.483+00:00","Online","1","inr, razer, gold","365"
"69dfd16e-2618-425b-9351-f839a40ee102","Tanishqm27tTWmOxYvLNKws","Tanishq","Jewellery","0.25","500,1000,2000,5000","Fixed","0","1","Founded in 1994 and owned by Tata Company, Tanishq is one of the biggest jewellery brands in the country. From gold chains to pearl necklaces, there is no jewel that Tanishq does not sell. Choose Tanishq gift cards and gift vouchers for cashless shopping.","{""text"":""1.This Voucher is valid only for the purchase of Tanishq Products from authorized Tanishq showrooms. <br/>2.This Voucher is only entitled to a credit to the extent of the face value of the voucher. <br/>3.If the value of the purchase is less than the value of the Voucher, the balance is non-refundable. <br/>4.No replacement or compensation is permissible for lost or mutilated or defaced Voucher. <br/>5.Voucher can be combined with other ongoing offers at Tanishq stores. <br/>6.Customers are required to bring along Photo ID proof (with address) for redeeming the Gift Voucher. Below mentioned ID proofs will be Valid   <br/> Aadhar Card <br/> Voter ID Card <br/> Driving License <br/> Passport <br/>7. For any queries / issues related to GV / GC, raise a request at www.gvhelpdesk.com""}","{""raw"":""https://at.valuedesign.co.in/media/uploads/products/Tanishq.png""}","2025-11-27T14:38:48.620826+00:00",,"2025-11-27T14:38:48.620826+00:00","2025-11-27T20:13:28.418523+00:00",,"be43af8c-2f42-47e3-b5a4-726427f2308f","{""0"":""Multiple Gift Vouchers CAN be used in one bill."",""1"":""Gift Vouchers CAN be clubbed with on-going promotions/offers."",""2"":""Gift Vouchers are ACCEPTED at only listed Tanishq Outlets."",""3"":""Gift Vouchers CANNOT be used Online."",""4"":""Cashback offer is not applicable on Tanishq brand""}","[{""image"":""https://at.valuedesign.co.in/media/uploads/products/Tanishq/1.png"",""title"":""Use the outlet locator to locate the nearest outlet that accepts this Gift Voucher.""},{""image"":""https://at.valuedesign.co.in/media/uploads/products/Tanishq/2.png"",""title"":""Select your choice of product.""},{""image"":null,""title"":""Share your Gift Voucher with the cashier at the time of billing & pay the remaining amount by cash or card if required.""}]","0","0","2025-11-27T14:38:47.484+00:00","Both","Multiple","one, jewellery, gold","365"
"bce1e1e7-938a-45f0-b43b-326b32f5c395","BrainGymJrnwwwxEUuKL0HyUK4","BrainGymJr","Wellness & Beauty","11","199,499,799,1499","Fixed","0","1","Develop your child?s 21-century skills with BrainGymJr. This child development program helps you sharpen your child?s math, language, reasoning, logic, and other essential skills. The team customizes the program to precisely match your needs and expectations. The available plans include:
?	Starter Pack: Rs 199
?	Booster Pack: Rs. 499
?	Turbo Pack: Rs. 799
?	Jet Pack: Rs. 1499
BrainGymJr gift cards are available at the best prices from GyFTR. Redeem your gift card instantly when you plan to.","{""text"":""1.Starter Pack Is Valid for One(1) Month  <br/>2.E-Gift voucher is redeemable on www.BrainGymJr.com or on the BrainGymJr Android Application (bit.ly/BrainGymJr) against a BrainGymJr Plan subscription only  <br/>3.E-Gift Voucher is not redeemable for cash or credit nor can be exchanged for a gift voucher/Gift card. <br/>4.E-Gift Voucher cannot be reloaded. <br/>5.E-Gift Voucher cannot be clubbed with any other offer. <br/>6.E-Gift Voucher cannot be redeemed in part. <br/>7.E-Gift Voucher is a single use voucher against the given BrainGymJr Plan subscription and will be tagged to the subscriber against the chosen credentials. <br/>8.E-Gift Voucher is valid for a period of 6 months from its date of issue. <br/>9.If the E Gift Voucher is lost or stolen, neither will a new E-Gift Voucher will be issued nor will the money be reimbursed in any manner. <br/>10.The holder of this E Gift Voucher shall be solely responsible for the safe custody of the E Gift Voucher and the credentials mentioned on it. <br/>11.No duplicate E-Gift Voucher will be issued. <br/>12.BrainGymJr Education Private Limited reserves the right to amend the terms & conditions at its discretion without prior notice.""}","{""raw"":""https://at.valuedesign.co.in/media/uploads/products/BrainGymJr.png""}","2025-11-27T14:38:48.620826+00:00",,"2025-11-27T14:38:48.620826+00:00","2025-11-27T20:13:28.504022+00:00",,"f5575e42-86a0-4616-9408-0f096d2da35f","{""0"":""This is a single use voucher against the given BrainGymJr subscription."",""1"":""E-Gift voucher is redeemable only on www.BrainGymJr.com or on the BrainGymJr Android Application (bit.ly/BrainGymJr)"",""2"":""The voucher cannot be partially redeemed or reloaded or exchanged for cash.""}","[{""image"":""https://at.valuedesign.co.in/media/uploads/products/BrainGymJr/1.png"",""title"":""Visit BrainGymJr.com or download its Android App. Sign up using your credentials.\t""},{""image"":""https://at.valuedesign.co.in/media/uploads/products/BrainGymJr/2.png"",""title"":""Enter voucher code in the space provided.\t""},{""image"":""https://at.valuedesign.co.in/media/uploads/products/BrainGymJr/3.png"",""title"":""Choose a subscription plan valid against your voucher code.\t""}]","0","0","2025-11-27T14:38:47.484+00:00","Both","Multiple","gift, cards, card","180"
"5c751926-486e-4af6-870e-6a930848d428","RAZGOLINR3000-298","INR 3000 Razer Gold Gift Card","Gaming","4.25","3000","Fixed","0","1","Razer Gold is a universal gaming wallet that lets you top up and purchase in-game content across a wide range of games. Use this gift card to recharge your Razer Gold balance and enjoy seamless payments in your favorite titles.","{""text"":""""}","{""raw"":""https://postimg.cc/SXhL5dY3""}","2025-11-27T14:38:48.620826+00:00",,"2025-11-27T14:38:48.620826+00:00","2025-11-27T20:13:28.672179+00:00",,"1bbf49a5-e8bf-475d-a1fd-e542d5597afe","{}","[]","0","0","2025-11-27T14:38:47.483+00:00","Online","1","inr, razer, gold","365"
"f09e0e82-bd89-496e-bb6e-4794b68a4f93","RelianceJioMart2g72mTWnDrCInViV","Reliance Jio Mart","E-Commerce","3.75","250,500,1000,2000","Fixed","0","1","Discover a vast selection of electronics, apparel, groceries, home essentials, and more on Jiomart, one of India's leading e-commerce platforms. With top brands and a wide range of products, you'll find everything you need in one convenient place. Grab great deals on Jiomart Gift Vouchers and Gift Cards from GyFTR and make your online shopping experience seamless like never before.","{""text"":""1.This Gift Voucher is issued by Reliance Retail Limited (Reliance). <br/>2.This Gift Voucher is redeemable, and it is valid only for a period of 12 months from the date of receipt. <br/>3.Gift Voucher can be redeemed at JioMart online platform in India. This GV cannot be used on 3P products (Third party products listed on Jio Mart Platform) <br/>4.Gift Voucher can t be exchanged for cash. This Gift Voucher can be redeemed only once.  <br/>5.This Gift Voucher is not valid on purchase of Gold/Silver Coins and fine jewellery. <br/>6.This Gift Voucher cannot be redeemed in parts and needs to be redeemed for full value. <br/>7.A Gift Voucher is redeemable for a single order only. Also, multiple Gift Vouchers cannot be redeemed in a single order.  <br/>8.No extension of the Validity period nor refund of the value of Gift Voucher in case of failure to use the Gift Voucher on or before the validity period. <br/>9.Reliance shall not be responsible for loss or misuse of Gift Voucher and no duplicate or compensation in lieu of the Gift Voucher shall be given by Reliance. <br/>10.Reliance overall liability will not exceed the value of the Gift Voucher. <br/>11.Bearer of the Gift Voucher shall be deemed to have read, understood and accepted these terms and conditions. <br/>12.Bearer of the code of Gift Voucher is deemed to be the beneficiary of this Gift Voucher. Any redemption by the bearer of Gift Voucher shall be considered as a valid discharge of liabilities by Reliance. <br/>13.Reliance shall not be liable under any circumstances towards any loss or damage or expenses or cost or any third-party liability, whether directly or indirectly arising out of or in relation to use of Gift Voucher and redemption thereunder by the bearer. <br/>14.Reliance reserves its right to modify/amend the terms and conditions of the Gift Voucher at any time without prior notice and such modifications shall be binding on the user/bearer of the Gift Voucher. <br/>15.Any dispute with regard to Product liability, guarantee, warranty and quality of the Products to be purchased under redemption of the Gift Voucher shall be addressed to the respective Manufacturer/ Brand Owner and Reliance shall not be held responsible/liable for the same. The guarantee and warranty of the Products shall be transferred, as received from the respective Manufacturer/Distributor. <br/>16.In case of any issue faced by the Gift Voucher bearer, the Gift Voucher bearer can reach out to Customer service desk at the Stores or Customer Care at Toll free number 18008910001/18001027382 or Email at customerservice@ril.com. <br/>17.For any Reliance Retail GV queries / issues related to receiving of the voucher, please reach out to customer care via gvhelpdesk.com or customer care toll free number 18001033314 <br/>18.The Gift Voucher is binding for all applicable laws of India. <br/>19.All disputes are subject to the jurisdiction of courts at Mumbai only.""}","{""raw"":""https://at.valuedesign.co.in/media/uploads/products/RelianceJioMart.png""}","2025-11-27T14:38:48.620826+00:00",,"2025-11-27T14:38:48.620826+00:00","2025-11-27T20:13:28.845035+00:00",,"4b9e758e-7c45-4642-ac6e-641028f0d9a5","{""0"":""Multiple vouchers CANNOT be used in one transaction"",""1"":""This GV cannot be used on 3P products (Third party products listed on Jio Mart Platform)"",""2"":""JioMart Insta Gift Voucher (GV) / Gift Card (GC) and would be accepted on JioMart"",""3"":""This Gift Voucher is not valid on purchase of Gold/Silver Coins and fine jewellery.""}","[{""image"":""https://at.valuedesign.co.in/media/uploads/products/RelianceJioMart/1.webp"",""title"":""Download the JioMart application on your mobile ""},{""image"":""https://at.valuedesign.co.in/media/uploads/products/RelianceJioMart/2.webp"",""title"":""Select the products of your choice and add to cart""},{""image"":""https://at.valuedesign.co.in/media/uploads/products/RelianceJioMart/3.webp"",""title"":""Move to checkout page and select Add Gift Card/ Voucher Code""},{""image"":null,""title"":""Enter the 16 digit voucher code and redeem the voucher""}]","0","0","2025-11-27T14:38:47.486+00:00","Both","Multiple","jio, home, one","360"
"ddb0b23b-ba35-473c-b3a9-bb95be4607cb","EGCGBARE001","Armani Exchange-Luxe E-Gift Card","Fashion & Lifestyle","12","1000-10000","Variable","0","1","With one ‘Luxe gift card’, shop across 30+ fashion & lifestyle brands. Use this gift card across 380+ stores in India. The curated selection of brands are Armani Exchange, Bally, Bottega Veneta, Brooks Brother, Canali, Coach, Diesel, Dune London, EA7, Emporio Armani, G-Star Raw, GAS, Giorgio Armani, Hamleys, Hugo Boss, Hunkemöller, Jimmy Choo, Kate Spade, Michael Kors, Mothercare, Paul&Shark, Paul Smith, Replay, Salvatore Ferragamo, Satya Paul, Scotch & Soda, Steve Madden, Superdry, The White Crow, Tory Burch, Tumi, Villeroy&Boch & West Elm","{""text"":""1.\tThese Terms & Conditions are for the electronic version of the Luxe Gift Card.\r\n2.\tLuxe Gift Card is issued by Pine Labs Private Limited under the Brand Name of Qwikcilver and is valid for 12 months from the date of purchase.\r\n3.\tLuxe Gift Card is redeemable at more than 30 participatory brands across India.\r\n4.\tFor locations, visit - https://luxegiftcard.com/pages/store-locator\r\n5.\tLuxe Gift Card is not redeemable at airport stores.\r\n6.\tLuxe Gift Card can be redeemed only once until expiry.\r\n7.\tIn case the value of the merchandise exceeds the value of the gift card, the difference shall be paid by the bearer. No refunds/credit note shall be issued for unused part of the Luxe Gift Card.\r\n8.\tProtect the Luxe Gift Card to avoid misuse. RBL or Pine Labs Private Limited shall not assume any liability in case the PIN gets stolen / compromised, RBL shall neither replace the Luxe Gift Card nor refund in any form.\r\n9.\tMultiple Luxe Gift Cards can be used in a single transaction.\r\n10.\tOnce issued, Luxe Gift Card cannot be cancelled or blocked.\r\n11.\tLuxe Gift Card can be redeemed only against full priced merchandise.\r\n12.\tTo activate this gift card, SMS ACT<16-Digit Card Number><6-Digit Card Pin> to 9704200300\r\n13.\tFor balance enquiry & validity, please SMS <16-Digit Card Number> to 9704200300 or visit any merchant location.\r\n14.\tFor complete T&Cs, participating brands and store locations visit luxegiftcard.com\r\n15.\tFor bulk enquiries or assistance, contact us at info@luxegiftcard.com\r\n16.\tBy purchasing this gift voucher, you consent to sharing your PII ( Name, Email ID, Telephone Number if available ) with the issuer ( PineLabs ), as per the guidelines of PPI.""}","{""raw"":""https://giftbig.s3.amazonaws.com/microsite/product/EGCGBARE001/d/thumbnail/1799_microsite.jpg""}","2025-11-27T14:38:48.620826+00:00",,"2025-11-27T14:38:48.620826+00:00","2025-11-27T20:13:28.934799+00:00",,"4ead20e7-9a15-4b5f-bdb4-3ebafe4daf71","{}","[{""image"":null,""title"":""Redeem your eGift Card at a participating brand of your choice by providing the e-voucher number and voucher PIN.""},{""image"":null,""title"":""To activate this gift card, SMS ACT< space ><16-Digit Card Number>< space >< CardPin > to 9704200300""}]","1000","10000","2025-11-27T14:38:47.487+00:00","Both","Multiple","armani, gift, card","360"
"2b27c5d6-b874-4139-a3b0-2c70b05455fb","TajHotelsuuGp94zWv8aBX6FW","Taj Experiences","Tour & Travel","8.25","1000,2000,3000,5000,10000","Fixed","0","1","Introducing Taj Experiences ? our new gift card. Through this card, your privileged recipient can enjoy stays, dining, spa appointments, and many more indulgences at any Taj Hotel in India.","{""text"":""1.Taj Experiences Gift Cards/eGift cards, herewith referred to as card/s, are issued by The Indian Hotels Company Limited, hereinafter referred to as Taj / the company. \r\n2.To check balance and validity, please visit www.tajhotels.com/giftcards and input the Card Number in the  Check Balance  section. \r\n3.The card balance may be redeemed for spends towards rooms, food and beverages, spa and other services and applicable taxes without restrictions at Taj, Selections and Vivanta hotels and Ama Trails & Stays in India, except for retail spends at third-party outlets, business centre equipment hire, hired services from third party sources, or expenses of a personal nature for which a pay-out is raised such as buying medicines, repairs of personal items, etc. This does not include Ginger Hotels. \r\n4.Cards can be redeemed for all valid spends at that hotel and at Taj Reservations Worldwide for prepaid room reservations. \r\n5.Multiple transactions can be performed on the cards until the value of the card is exhausted. \r\n6.Should your purchase value exceed the card value, the differential amount of such purchase may be loaded on the card or should be paid at the point of sale in cash or through an accepted credit or debit card, at the time of making such purchase. \r\n7.A valid card in its original form or e-mail must be presented at the time of availing a service. \r\n8.For prepaid room reservations at Taj Reservations Worldwide the card number and PIN must be quoted when making the reservation. The entire amount must be paid via the card to secure the reservation. In case the card balance is less than the due amount, the card may be reloaded on www.tajhotels.com/giftcards before processing the reservation. Standard cancellation policies would apply. Please contact Taj Reservations Worldwide to process any eligible refunds from cancellations on your Card. \r\n9.The card shall not be valid for use at any other service establishment or for withdrawal of cash. \r\n10.No refund, replacement or cash back would be considered against the card. Once a card is issued, the company will not entertain any request for cancellation.  \r\n11.Taj Experiences Cards are cash equivalent bearer cards. The company is not responsible for and will not replace lost or stolen cards. \r\n12.Redemption of the card by its bearer shall be valid discharge of the company's liabilities in respect of the card. \r\n13.Any dispute needs to be referred to The Indian Hotels Company Limited and the decision of the company shall be final. \r\n14.Any further dispute related to the card shall be subject to the exclusive jurisdiction of courts at Mumbai. \r\n15.The card is subject to applicable laws. The company, purchaser and the card bearer shall comply with all applicable laws promulgated by any statutory/judicial/competent authority from time to time in this regard. \r\n16.The company reserves the entitlement to amend these terms and conditions from time to time. Any change in these terms and conditions can be viewed on our website. For any other queries, please call Taj Reservations Worldwide at 1800-111-825 or +91-22-6601-1825 or e-mail reservations@tajhotels.com""}","{""raw"":""https://at.valuedesign.co.in/media/uploads/products/TajExperiences.png""}","2025-11-27T14:38:48.620826+00:00",,"2025-11-27T14:38:48.620826+00:00","2025-11-27T20:13:29.022382+00:00",,"b44a4dcd-7a94-4a48-a266-a96134850e89","{""0"":""The cards can be redeemed at Taj, SeleQtions, Vivanta hotels and Ama Trails &amp; Stays in India. This does not include Ginger Hotels."",""1"":""Multiple transactions can be performed on the cards until the value of the card is exhausted"",""2"":""For prepaid room reservations at Taj Reservations Worldwide the card number and PIN must be quoted when making the reservation"",""3"":""A valid card in its original form or e-mail must be presented at the time of availing a service""}","[{""image"":""https://at.valuedesign.co.in/media/uploads/products/TajExperiences/1.jpeg"",""title"":""Step 1 Visit Taj listed outlets Taj, Selections, Vivanta hotels and Ama Trails & Stays in India. This does not include Ginger Hotels""},{""image"":""https://at.valuedesign.co.in/media/uploads/products/TajExperiences/2.jpeg"",""title"":""Step 2 Select your choice of services For prepaid room reservations at Taj Reservations Worldwide share the card number and PIN at the reception""},{""image"":""https://at.valuedesign.co.in/media/uploads/products/TajExperiences/3.png"",""title"":""Step 3 You can make the balance payment by any other payment mode. A valid card in its original form or e-mail must be presented at the time of availing a service""}]","0","0","2025-11-27T14:38:47.486+00:00","Both","Multiple","experiences, our, gift","365"
"670a9a51-71e2-4ab4-bbce-ab664de2721c","TheRaymondShopQRT3d6cyTWnf7e3C","The Raymond Shop","Fashion & Lifestyle","9","250,500,750,1000,1500,2000,2500,5000","Fixed","0","1","Offering ‘the finest fabric in the world’ since 1925, Raymond is the unrivalled leader in tailored menswear. They have a huge ensemble of stitched and unstitched fabric. This means you won’t be short of options when picking the right suit, shirt, or accessory. Get Raymond Gift Cards and Gift Vouchers from GyFTR at discounted rates to have a cashless shopping experience.","{""text"":""1.This is The Raymond Shop Insta Gift Voucher (GV) / Gift Card (GC) and would be accepted at listed outlets. For listed outlets  https://www.gyftr.com/the-raymond-shop <br/>2.The person who has the GV / GC Code is deemed to be the beneficiary. <br/>3.Beneficiary should announce the intent of using the Instant Gift Voucher before making a purchase. <br/>4.Only the listed outlets at its sole discretion accept the GV / GC. The Raymond Shop may add or remove an outlet without giving any prior notice. <br/>5.More than one GV / GC can be used in one bill. <br/>6.Partial redemption is allowed but no refund or credit note would be issued against an unused or partially used Instant Gift Voucher. Any unused amount shall remain as EPay balance which can be utilized till the balance gets exhausted or expires. <br/>7.The Raymond Shop GV / GC CANNOT be revalidated once expired. <br/>8.The Raymond Shop GV / GC can be used during sale. <br/>9.The Raymond Shop GV / GC can only be used to purchase ready-made products. <br/>10.The Raymond Shop GV / GC will not be applicable for Custom Tailoring bills. <br/>11.The Raymond Shop GV / GC cannot be redeemed on specific block out dates. The Raymond Shop may add or delete any date on its sole discretion. <br/>12.Any dispute related to the GV / GC should be referred to the issuing company and the decision of the issuing company shall be final. <br/>13.The Raymond Shop makes full efforts to accept Insta Gift Vouchers (GV) / Gift Card (GC), but on account of any technical / administrative reasons an outlet may refuse to accept the same. <br/>14.Instant Gift Voucher CANNOT be revalidated once expired and cannot be cancelled under any circumstances. <br/>15. For any queries / issues related to GV / GC, raise a request at www.gvhelpdesk.com""}","{""raw"":""https://at.valuedesign.co.in/media/uploads/products/TheRaymondShop.png""}","2025-11-27T14:38:48.620826+00:00",,"2025-11-27T14:38:48.620826+00:00","2025-11-27T20:13:29.108757+00:00",,"4ead20e7-9a15-4b5f-bdb4-3ebafe4daf71","{""0"":""Gift Vouchers CANNOT be used Online."",""1"":""Multiple Gift Vouchers CAN be used in one bill."",""2"":""Gift Vouchers CAN be used during Sale"",""3"":""Gift Vouchers are ACCEPTED at all Listed Outlets.""}","[{""image"":""https://at.valuedesign.co.in/media/uploads/products/TheRaymondShop/1.png"",""title"":""Use the outlet locator to locate the nearest outlet that accepts this Gift Voucher.""},{""image"":""https://at.valuedesign.co.in/media/uploads/products/TheRaymondShop/2.png"",""title"":""Select your product.""},{""image"":null,""title"":""Share your Gift Voucher with the cashier at the time of billing & pay the remaining amount by cash or card if required.""}]","0","0","2025-11-27T14:38:47.487+00:00","Both","Multiple","shop, get, gift","365"
"ddbc2daa-60ae-4e25-8d8c-2aa9a54de896","CafeDelhiHeights0CZ1rtzx7gulZhzg","Cafe Delhi Heights","Food & Beverages","9","250,500,1000,1500","Fixed","0","1","Enjoy global cuisines with a Delhi twist at Cafe Delhi Heights. This chain of restaurants has some of the yummiest and fulfilling dishes on its menu. Whether you love something oriental or a desi chaat, you will find it all at an outlet near you. GyFTR brings you Cafe Delhi Heights gift cards with different denominations. Enjoy delicious deals and discounts on these vouchers? exclusively from GyFTR.","{""text"":""1.This is Caf  Delhi Heights Insta Gift Voucher (GV) / Gift Card (GC) and would be accepted at all the listed restaurants only. <br/>2.The person who has Caf  Delhi Heights Voucher GV / GC Code is deemed to be the beneficiary. <br/>3.Do inform the cashier that you plan to use the GV / GC for making payments before billing. <br/>4.Only the listed outlets at their sole discretion accept the GV / GC. Caf  Delhi Heights may add or remove an outlet without giving any prior notice. <br/>5.More than one GV / GC can be used in one bill. One customer is not allowed to use GV value more than Rs 5000. <br/>6.This is a ONE time use GV / GC. <br/>7.The unused amount remains as EPay balance and can be used till its completely exhausted or expires. <br/>8.Caf  Delhi Heights GV / GC CAN NOT be revalidated once expired. <br/>9.Cafe Delhi Heights GV / GC cannot be clubbed with ongoing promotions/Loyalty cards/offers at the outlet and the other properties i.e. (Zomato, Dineout, Easy diner & others). <br/>10.Cafe Delhi Heights GV / GC cannot be redeemed on specific block out dates   25th Dec, 31st Dec, 1st Jan and 14th Feb. <br/>11.Any dispute related to the GV / GC should be referred to the issuing company and the decision of the issuing company shall be final. <br/>12.Cafe Delhi Heights makes full efforts to accept Insta Gift Vouchers (GV) / Gift Card (GC), but on account of any technical/administrative reasons an outlet may refuse to accept the same. <br/>13.If an Insta Gift Voucher (GV) /Gift Card (GC) gets blocked on account of a technical issue, it would get enabled in 72 hours. <br/>14.Please contact the Restaurant Manager for any acceptance issue and if the issue is still not resolved, you can raise a request at www.gvhelpdesk.com""}","{""raw"":""https://at.valuedesign.co.in/media/uploads/products/CafeDelhiHeights.png""}","2025-11-27T14:38:48.620826+00:00",,"2025-11-27T14:38:48.620826+00:00","2025-11-27T20:13:29.278831+00:00",,"ad8a9a7e-38c0-46f6-8ccd-b5a53ca270b3","{""0"":""Gift Vouchers are ACCEPTED at all Listed Outlets."",""1"":""Gift Voucher once expired cannot be revalidated."",""2"":""Multiple Gift Vouchers can be used in one bill."",""3"":""Visit https://www.gftr.it to activate/add E-Pay Code to your account.""}","[{""image"":""https://at.valuedesign.co.in/media/uploads/products/CafeDelhiHeights/1.png"",""title"":""Visit the listed Caf? Delhi Heights restaurant that accepts the Gift Voucher. Inform the cashier about the Gift Voucher before ordering food.""},{""image"":""https://at.valuedesign.co.in/media/uploads/products/CafeDelhiHeights/2.png"",""title"":""Order food & enjoy your meal!""},{""image"":null,""title"":""Provide the Gift Voucher to the cashier at the time of billing & pay the remaining amount by card or cash if any.""}]","0","0","2025-11-27T14:38:47.487+00:00","Offline","Multiple","chain, restaurants, its","365"
"0e016d09-2506-40e1-bfdb-734a36b6da79","SBP-ED","Eazydiner","Food & Beverages","28","695,2395","Fixed","0","1","""EazyDiner is the leading restaurant booking app that is the answer to all your dining confusion and questions. The EazyDiner website and app offer you a choice of over 12,000 restaurants in Delhi NCR, Mumbai, Pune, Bengaluru, Chennai, Kolkata, Goa, Ahmedabad, Jaipur, Hyderabad, Chandigarh, and over 150 other cities in India and Dubai. With EazyDiner, you can get an instant confirmation in less than 18 seconds for your booking. It offers a 24x7 complimentary concierge service to help you with any queries you might have.

EazyDiner is managed by a passionate team of Chefs and Hoteliers with a great love for food. It provides you with fantastic deals and offers and makes not only the booking but also the payment process extremely easy. It provides prepaid vouchers and discounted meals with amazing deals at well-known restaurants like Chaayos and Burger King. With EazyDiner, you can explore a huge number of restaurants across the country.""

When you go to buy a new or renew an Eazydiner subscription use Gift Card powered by Valuedesign. This is gonna help you save some money, as the vouchers from Valuedesign are avail","{""text"":""\""1. This is a EazyDiner Subscription Voucher are issued by EazyDiner Private Ltd and powered by Valuedesign and would be accepted on the Website/ App.\r\n\r\n2. The person who has the EazyDiner Subscription Plan Voucher is deemed to be the beneficiary.\r\n\r\n3. Extra 18% GST will be applicable on all subscription plans for EazyDiner Prime.\r\n\r\n4. Once the Card is issued, it will be valid for 6 months.\r\n\r\n5. EazyDiner is not responsible if the Subscription Voucher is lost, stolen, or used without permission.\r\n\r\n6. One Subscription Voucher can be used in one bill/transaction.\r\n\r\n7. This is a One-time use Subscription Voucher with an expiration date.\r\n\r\n8. Partial redemption is allowed but No credit note / refund for the unused balance amount of the Gift Card will be given. Any such unused balance amount shall stand lapsed automatically.\r\n\r\n9. EazyDiner Subscription Voucher CANNOT be revalidated once expired or cancelled under any situations.\r\n\r\n10. For any assistance, please call the EazyDiner Prime hotline at 786 100 4400 and email to customercare@valuedesign.jp.\r\n\r\n11. EazyDiner Subscription Voucher cannot be redeemed on specific block out dates as may be intimated / updated by EazyDiner on its Website/App from time to time. EazyDiner may add or delete any date(s)/period(s) on its sole discretion without any liability.\r\n\r\n12. Any dispute related to the Subscription Voucher should be referred to the issuing company and the decision of the issuing company shall be final. In case of any legal disputes, the courts at Delhi shall have the exclusive jurisdiction.\r\n\r\n13. EazyDiner shall on best effort basis attempt to accept Subscription Voucher but on account of any technical reason or for any reason beyond control of EazyDiner, Subscription Voucher may not get accepted on the website/App and EazyDiner shall have no liability for the same.\r\n\r\n14. EazyDiner reserves the rights to edit/change the terms and conditions for the Subscription Voucher at any time without any notice or liability. EazyDiner has the final authority on the interpretation of these rules.\r\n\r\n15. EazyDiner reserves the right to withdraw Subscription Voucher scheme/offer before the completion of validity period without any notice or liability at its sole discretion.\r\n\r\n16. EazyDiner reserves the right to deny accepting any Subscription Voucher, if it suspects that there is duplicity of cards.\r\n\r\n17. EazyDiner Subscription Voucher cannot be sold on any banking catalogue/platform.\r\n\r\ndownload-image\r\nCreative ways to Showcase your business\r\nLet your agencies bring their Android APP to life with few click. Multiple designs, Easy Customization, Online Compilation, Instant Download!\r\n\r\n\r\n\r\nAvailable on the\r\nGoogle Play\r\n\r\nAvailable on the\r\nApp Store\r\nContact us\r\nManage My bo\""""}","{""raw"":""https://at.valuedesign.co.in/media/uploads/products/Eazydinner.jpg""}","2025-11-27T14:38:48.620826+00:00",,"2025-11-27T14:38:48.620826+00:00","2025-11-27T20:13:29.456355+00:00",,"ad8a9a7e-38c0-46f6-8ccd-b5a53ca270b3","{""0"":""Extra 18% GST will be applicable on all subscription plans for EazyDiner Prime."",""1"":""One Subscription Voucher can be used in one bill/transaction."",""2"":""Partial redemption is allowed but No credit note / refund for the unused balance amount of the Gift Card will be given. Any such unused balance amount shall stand lapsed automatically."",""3"":""EazyDiner Subscription Voucher cannot be redeemed on specific block out dates as may be intimated / updated by EazyDiner on its Website/App from time to time.""}","[{""image"":""https://at.valuedesign.co.in/media/uploads/products/Eazydiner/1.jpg"",""title"":""Visit the EazyDiner website - https://www.eazydiner.com or App and choose to buy your plan (Quaterly or Yearly)""},{""image"":""https://at.valuedesign.co.in/media/uploads/products/Eazydiner/2.jpg"",""title"":""Choose the Plan amount and add the code in the Gift Card option to redeem it and remaining amount pay by other mode of payment as available.""},{""image"":""https://at.valuedesign.co.in/media/uploads/products/Eazydiner/3.jpg"",""title"":""Enjoy the EazyDiner Prime Membership Plan.""}]","695","2395","2025-11-27T14:38:47.487+00:00","Both","Multiple","restaurant, restaurants, india","180"
"7417bdb1-2184-466e-a548-c5ba1924b20c","BlinkitVU4POJ5r18wHEspT","Blinkit","Food & Beverages","3.5","250,500,1000","Fixed","0","1","Blinkit is a low-price online supermarket. You can shop using our mobile app or website to get groceries that are hygienically packed & safely delivered right to your doorstep. So stay home, stay safe, and save big using Blinkit discount vouchers on your next order. To save extra, buy Blinkit Gift vouchers and Blinkit Gift cards.","{""text"":""1.IMPORTANT   Blinkit (formerly grofers) GV / GC CANNOT be revalidated once expired or cancelled under any circumstances. <br/>2.This is blinkit (formerly grofers) Gift Voucher (GV) / Gift Card (GC) and would be accepted on Blinkit Mobile application (Android and iOS) <br/>3.The person who has the blinkit (formerly grofers) GV / GC Code is deemed to be the beneficiary. <br/>4.Single GV / GC can be used in one bill/transaction. <br/>5.This is a ONE time use GV / GC with an expiration date. <br/>6.No credit note / refund for the unused balance amount of the GV / GC will be given. <br/>7.Any such unused balance amount shall stand lapsed automatically. <br/>8. Blinkit (formerly grofers) is not responsible if the Gift card is lost, stolen or used without permission. <br/>9.Blinkit (formerly grofers) GV / GC cannot be used along with other Promo codes or bank offers while making a transaction. <br/>10.Delivery charges will be applicable as minimum order value norms. <br/>11.The gift code does not cover delivery charges, packaging charges, tip amount or any other extra charges applicable on blinkit (formerly grofers) for order processing. These charges would still be payable additionally after applying the gift code. <br/>12.Blinkit (formerly grofers) GV / GC cannot be redeemed on specific block out dates as may be intimated / updated by blinkit on its website from time to time. Blinkit (formerly grofers) may add or delete any date(s)/period(s) on its sole discretion without any liability. <br/>13.Any dispute related to the GV / GC should be referred to the issuing company and the decision of the issuing company shall be final. In case of any legal disputes, the courts at New Delhi Gurugram shall have the exclusive jurisdiction. <br/>14.Blinkit (formerly grofers) shall on best effort basis attempt to accept Insta Gift Vouchers (GV) / Gift Card (GC), but on account of any technical reason or for any reason beyond control of blinkit (formerly grofers), GV / GC may not get accepted on the website and blinkit (formerly grofers) shall have no liability for the same. <br/>15.If an Insta Gift Voucher (GV) /Gift Card (GC) gets blocked on account of technical issue, it would get enabled in 72 hours. In case of transaction failures after Insta Gift Voucher (GV) / Gift Card (GC) is applied, amount would be automatically refunded to the same cards within 48 hours <br/>16.Blinkit (formerly grofers) reserves the rights to edit/change the terms and conditions for the Insta Gift Voucher (GV) / Gift Card (GC) at any time without any notice or liability. <br/>17.Blinkit (formerly grofers) has the final authority on the interpretation of these rules. <br/>18. For any queries / issues related to GV / GC, raise a request at www.gvhelpdesk.com""}","{""raw"":""https://at.valuedesign.co.in/media/uploads/products/Blinkit.jpeg""}","2025-11-27T14:38:48.620826+00:00",,"2025-11-27T14:38:48.620826+00:00","2025-11-27T20:13:29.543896+00:00",,"ad8a9a7e-38c0-46f6-8ccd-b5a53ca270b3","{""0"":""Gift voucher CAN be used at Website or Mobile App."",""1"":""Single voucher can be used in one bill/transaction."",""2"":""Gift voucher cannot be used along with other Promo codes or bank offers while making a transaction.""}","[{""image"":""https://at.valuedesign.co.in/media/uploads/products/Blinkit/1.png"",""title"":""Visit Blinkit Mobile application (Android and iOS) and select the product of your choice.""},{""image"":""https://at.valuedesign.co.in/media/uploads/products/Blinkit/2.png"",""title"":""Select your shipping address and click on Proceed""},{""image"":""https://at.valuedesign.co.in/media/uploads/products/Blinkit/3.png"",""title"":""Enter the code in Use Coupons tab and click on Apply. You can make the balance payment via any other available payment mode.""}]","0","0","2025-11-27T14:38:47.488+00:00","Both","Multiple","our, save, vouchers","365"
"b4dbc564-ae58-4eb8-a7ba-dcb0dcd728cc","KamaAyurvedaiomxckNEkvimEMMG","Kama Ayurveda","Wellness & Beauty","11","250,500,1000,1500,2000,2500,5000","Fixed","0","1","Experience the essence of authentic and original Ayurveda from a line of homegrown ayurvedic products from Kama Ayurveda. Get products to nourish your skin, hair, body, and more. Their extensive catalog of ayurvedic products is tested, original and a completely natural remedy in themselves. Get discounts on Kama Ayurveda products using Kama Ayurveda Gift Vouchers and Gift Cards to save on your shopping.","{""text"":""1.This is a Kama Ayurveda Insta Gift Voucher (GV) / Gift Card (GC) and would be accepted both online and at Listed Kama Ayurveda stores. <br/>2.The person who has the Kama Ayurveda GV / GC Code is deemed to be the beneficiary. <br/>3.Do inform the cashier that you plan to use the GV / GC for making payments before billing. <br/>4.Multiple Gift Vouchers CAN be used in one bill at the store/retail outlet. <br/>5.Only ONE voucher can be used per transaction at www.kamaayurveda.in <br/>6.This is a One-time use GV / GC. <br/>7.No Credit note / Refund for the unused amount of the GV / GC will be given. <br/>8.Kama Ayurveda GV / GC CANNOT be revalidated once expired. <br/>9.Kama Ayurveda GV / GC cannot be clubbed with on-going promotions. <br/>10.Kama Ayurveda GV / GC cannot be redeemed on specific block out dates. Kama Ayurveda may add or delete any date on its sole discretion. <br/>11.Any dispute related to the GV / GC should be referred to the issuing company and the decision of the issuing company shall be final. <br/>12.Kama Ayurveda makes full efforts to accept Insta Gift Vouchers (GV) / Gift Card (GC), but on account of any technical reasons GV / GC may not be redeemed. <br/>13.If an Insta Gift Voucher (GV) /Gift Card (GC) gets blocked on account of technical issue, it would get enabled in 72 hours. <br/>14.For any queries / issues related to GV / GC, raise a request at www.gvhelpdesk.com""}","{""raw"":""https://at.valuedesign.co.in/media/uploads/products/KamaAyurveda.png""}","2025-11-27T14:38:48.620826+00:00",,"2025-11-27T14:38:48.620826+00:00","2025-11-27T20:13:29.717094+00:00",,"f5575e42-86a0-4616-9408-0f096d2da35f","{""0"":""Gift Vouchers CAN be used both on Offline stores &amp; Online at www.kamaayurveda.in"",""1"":""Multiple Gift Vouchers CAN be used in one bill at the store/retail outlet."",""2"":""Only ONE voucher can be used per transaction at www.kamaayurveda.in"",""3"":""Gift Vouchers CANNOT be clubbed with any on-going promotions/offers.""}","[{""image"":""https://at.valuedesign.co.in/media/uploads/products/KamaAyurveda/1.PNG"",""title"":""Use the outlet locator to locate the nearest outlet that accepts this Gift Voucher.\t""},{""image"":""https://at.valuedesign.co.in/media/uploads/products/KamaAyurveda/2.PNG"",""title"":""Select your choice of product.\t""},{""image"":null,""title"":""Share your Gift Voucher at the time of billing & pay the remaining amount by cash or card if required.\t""}]","0","0","2025-11-27T14:38:47.488+00:00","Both","Multiple","products, skin, hair","365"
"0c5e6673-8ee9-4fa9-9d8d-ee3e8f76a4ed","EGCGBTBS001","Bikanervala E-Gift Card","Food & Beverages","12","100-5000","Variable","0","1","Bikanervala, a name synonymous today with Indian sweets and snacks, traces its humble beginnings to 1905. The operations started out as a small, sweet shop - Bikaner Namkeen Bhandar in Bikaner's old city area of Kote Gate by Shri Lal Chand Agarwal. The shop initially sold a few sweets and namkeen tuned to tastes of Bikaneris. There it found acceptance and the shop prospered.Having prospered and created a name for itself in Bikaner’s old city area and neighbouring parts of the city, two brothers from the family set out in 1905, to write another chapter in Bikaner Namkeen Bhandar's story. The two brother’s setup shop in Delhi's Chandini Chowk and started selling sweets and namkeen. Using their family recipes which were handed down generation after generation to them, the culinary experience was something the capital had not witnessed before.Today, Bikanervala has more than 100+ outlets in India and has presence outside of India in countries like USA, New Zealand, Singapore, Nepal, and the UAE.","{""text"":""1.\tThe gift card is not a legal tender or replacement of credit / debit card\r\n2.\tThe validity period of the Gift Cards will be 6 months unless otherwise specified.\r\n3.\tThis card cannot be exchanged for cash or cheque in any event\r\n4.\tThe bearer of this card is deemed to be the beneficiary\r\n5.\tThis Gift Card is valid across all Bikanervala offline retail outlets only and not at online store –www.bikanervala.com\r\n6.\tThe Electronic Gift Card must be redeemed in full in one single invoice, NO PARTIAL REDEMPTION IS ALLOWED\r\n7.\tPhysical gift cards can be redeemed multiple time and minimum redemption amount cannot be less than ₹ 100\r\n8.\t1 Gift Card can be redeemed against a single Invoice in case of redemption at the store\r\n9.\tNo replacement or compensation is permissible for lost or mutilated or defaced Gift Card\r\n10.\tRights to amend these terms are reserved with Bikanervala without any prior notice\r\n11.\tAll disputes should be referred to Bikanervala customer support and the decision of the company shall be final\r\n12.\tAll redemption related issues customer needs to get in touch with Bikanervala customer care only\r\n13.\tGift card usage subject to force majeure conditions\r\n14.\tAll disputes must be referred to New Delhi jurisdiction exclusively\r\n15.\tE-Gift Cards are normally delivered instantly. But sometimes due to system issues, the delivery can be delayed up-to 24 - 48 hours.\r\n16.\tNo returns and no refunds on gift cards, e-gift cards and gift vouchers. Please check the refund policy at http://www.woohoo.in/faq for further details""}","{""raw"":""https://giftbig.s3.amazonaws.com/microsite/product/EGCGBTBS001/d/thumbnail/6840_microsite.jpg""}","2025-11-27T14:38:48.620826+00:00",,"2025-11-27T14:38:48.620826+00:00","2025-11-27T20:13:29.810085+00:00",,"ad8a9a7e-38c0-46f6-8ccd-b5a53ca270b3","{}","[{""image"":null,""title"":""Visit The Bikarnerwala Outlet""},{""image"":null,""title"":""Select the product you want to purchase""},{""image"":null,""title"":""Share Voucher card/Gift no with cashier at the time of billing.""},{""image"":null,""title"":""Share PIN with cashier""},{""image"":null,""title"":""Voucher will be redeemed by Cashier""}]","100","5000","2025-11-27T14:38:47.488+00:00","Both","Multiple","gift, card, its","180"
"bce70d03-5c1d-49cb-b43c-80270b370e6a","EGCGBHIT002","HopInTown PLUS Pack of 2 Lifestyle Membership E-Gift Card","Fashion & Lifestyle","8","1770-1770","Variable","0","1","HopInTown is a Lifestyle Hub to discover & book ONLINE, AT-HOME, LOCAL and TRAVEL Experiences, Activities & Trips all year round. It is a platform for experiences, activities & trips that one CAN DO online, at-home, within the city, nearby city, within the country and outside the country, ACROSS MULTIPLE CATEGORIES like Celebration, Romance, Entertainment, Events, Dine & Wine, Sports, Adventure, City-cation, Getaway, Cruise, Vacation Rentals, Wildlife, Experiential Trips, Health, Fitness, Wellness, Hobbies, Lifestyle Workshops, At-Home Medical Services etc, THROUGHOUT THE YEAR.

[Note: AT-HOME & LOCAL Experiences are available only in Mumbai & Pune at this point of time. They will be available in other cities in the coming months]
HopInTown PLUS 1 Year Lifestyle Membership

HopInTown PLUS is a first-of-its-kind lifestyle membership in India. It provides unlimited access to an unrivaled package of exclusive LIFESTYLE benefits & privileges along with preferential prices for ONLINE, AT-HOME, LOCAL & TRAVEL experiences, activities, trips & bespoke services all year round.

It is a perfect “personal gift” for you, for a loved one, or as a “corporate gift” for clients, channel partners, employees, leadership teams etc, or as an “annual gift” for members of clubs or associations. Shift from mundane to magical & gift a “lifestyle membership” to elevate every aspect of life, to create stories & make memories in life.

Membership Benefits & Privileges

1 Year “PLUS Lifestyle Membership” For Entire Family (i.e. One membership that covers your entire family including you, spouse, children and parents)
365 Days “Member Concierge” (i.e. One-point contact for all your queries & bookings, for your convenience and comfort, all year round)
5% to 15% ""Preferential Prices” (i.e. Member exclusive prices 5% to 15% cheaper than online & market prices for bookings, across 25+ categories of experiences, activities & trips)
1 Time ""Joining Benefits"" (i.e. INR 1500 credit to your HopInTown account, complimentary 3 months membership extension, steal deals saving up to INR 20000 upon joining)
25+ ""ONLINE, AT-HOME, LOCAL & TRAVEL” Categories (i.e. Book lifestyle experiences, activities & trips that can be done online, at-home, within the city, near the city, within the country & outside the country, across 25+ categories)
30+ ""Exclusive Benefits"" (i.e. Wide range of member-exclusive benefits, across various lifestyle services, to elevate every aspect of life for the entire family)
12 Times ""Personal Attention"" (i.e. Once every month, you will get 8-10 innovative options to celebrate a birthday, anniversary, special occasion, special day, festivals etc with your loved ones)
12 Times ""Lifestyle Recommendations"" (i.e. Once every month, you will get 8-10 new options for quality activities for self, spouse, kids, parents, family, friends)
12 Times “Participating Lifestyle Brand Discount” (i.e. Once every month, you will get super discounts from many partner lifestyle brands, across various lifestyle services)

Important Links

Video Link: https://www.youtube.com/watch?v=pi_tz549vGk
Playbook: https://bit.ly/HIT_PLUS_V3
FAQs: https://bit.ly/HIT_PLUS_FAQ_V2
[Note: Discounted membership prices are being offered only for a limited duration]","{""text"":""1.\tOnce you buy the e-card, you will get an email with 16 digit card number & 6 digit pin number\r\n2.\tThe e-card has to be redeemed on www.hopintown.com/redeem to become a member & avail of membership benefits for the entire membership duration\r\n3.\tThe e-card is not a legal tender or replacement of credit or debit card\r\n4.\tThis e-card cannot be exchanged for cash or cheque\r\n5.\tThe holder of this e-card is deemed to be the beneficiary\r\n6.\tThe validity of the e-card is for 90 days from the day of activation. It must be redeemed within the validity period\r\n7.\tThis e-card can be redeemed only at Hopintown e-commerce portal & m-commerce site or app\r\n8.\tThis e-card cannot be redeemed at any other offline or online retail outlets\r\n9.\tNo replacement or compensation is permissible for lost or mutilated or defaced card\r\n10.\tEvery e-card will be applicable for a specific membership pack. One e-card applicable for a membership pack cannot be used for any other membership pack\r\n11.\tOnce the e-card is redeemed, the member can avail of the benefits & privileges of the membership for the duration of the membership\r\n12.\tHopInTown & Qwikcilver reserve the right to terminate, modify or extend the timelines and features of the e-card, at any time at its absolute discretion, without assigning any reason\r\n13.\tAny dispute or redemption related issues must be referred to Hopintown Customer Support and the decision of the company shall be final\r\n14.\tAll disputes must be referred to Mumbai jurisdiction only\r\n15.\tTo redeem the e-card, visit https://www.hopintown.com/redeem\r\n16.\tFor any queries, email to members@hopintown.com or whatsapp message on exclusive member concierge +91-7506602080\r\n17.\tNo returns and no refunds on Gift Cards, E- gift Cards and Gift Cards shipped by woohoo.in. Please check the refund policy at http://www.woohoo.in/faq for further details.\r\n18.\tE-Gift cards are normally delivered instantly. But sometimes due to system issues, the delivery can be delayed up-to 24 hours.""}","{""raw"":""https://giftbig.s3.amazonaws.com/microsite/product/EGCGBHIT002/d/thumbnail/2943_microsite.jpg""}","2025-11-27T14:38:48.620826+00:00",,"2025-11-27T14:38:48.620826+00:00","2025-11-27T20:13:29.895356+00:00",,"4ead20e7-9a15-4b5f-bdb4-3ebafe4daf71","{}","[]","1770","1770","2025-11-27T14:38:47.489+00:00","Both","Multiple","lifestyle, membership, gift","90"
"83064f9e-b8a3-4f4c-ac42-ef21ec2a0c24","EGCGBGASLX001","Gas-Luxe E-Gift Card","Fashion & Lifestyle","12","1000-10000","Variable","0","1","With one ‘Luxe gift card’, shop across 30+ fashion & lifestyle brands. Use this gift card across 380+ stores in India. The curated selection of brands are Armani Exchange, Bally, Bottega Veneta, Brooks Brother, Canali, Coach, Diesel, Dune London, EA7, Emporio Armani, G-Star Raw, GAS, Giorgio Armani, Hamleys, Hugo Boss, Hunkemöller, Jimmy Choo, Kate Spade, Michael Kors, Mothercare, Paul&Shark, Paul Smith, Replay, Salvatore Ferragamo, Satya Paul, Scotch & Soda, Steve Madden, Superdry, The White Crow, Tory Burch, Tumi, Villeroy&Boch & West Elm","{""text"":""1.\tThese Terms & Conditions are for the electronic version of the Luxe Gift Card.\r\n2.\tLuxe Gift Card is issued by LUXE  and is valid for 12 months from the date of purchase.\r\n3.\tLuxe Gift Card is redeemable at more than 30 participatory brands across India.\r\n4.\tFor locations, visit - https://luxegiftcard.com/pages/store-locator\r\n5.\tLuxe Gift Card is not redeemable at airport stores.\r\n6.\tLuxe Gift Card can be redeemed only once until expiry.\r\n7.\tIn case the value of the merchandise exceeds the value of the gift card, the difference shall be paid by the bearer. No refunds/credit note shall be issued for unused part of the Luxe Gift Card.\r\n8.\tProtect the Luxe Gift Card to avoid misuse. RBL or Pine Labs Private Limited shall not assume any liability in case the PIN gets stolen / compromised, RBL shall neither replace the Luxe Gift Card nor refund in any form.\r\n9.\tMultiple Luxe Gift Cards can be used in a single transaction.\r\n10.\tOnce issued, Luxe Gift Card cannot be cancelled or blocked.\r\n11.\tLuxe Gift Card can be redeemed only against full priced merchandise.\r\n12.\tTo activate this gift card, SMS ACT<16-Digit Card Number><6-Digit Card Pin> to 9704200300\r\n13.\tFor balance enquiry & validity, please SMS <16-Digit Card Number> to 9704200300 or visit any merchant location.\r\n14.\tFor complete T&Cs, participating brands and store locations visit luxegiftcard.com\r\n15.\tFor bulk enquiries or assistance, contact us at info@luxegiftcard.com\r\n16.\tBy purchasing this gift voucher, you consent to sharing your PII ( Name, Email ID, Telephone Number if available ) with the issuer ( PineLabs ), as per the guidelines of PPI.\""""}","{""raw"":""https://giftbig.s3.amazonaws.com/microsite/product/EGCGBGASLX001/d/thumbnail/5799_microsite.jpg""}","2025-11-27T14:38:48.620826+00:00",,"2025-11-27T14:38:48.620826+00:00","2025-11-27T20:13:29.988947+00:00",,"4ead20e7-9a15-4b5f-bdb4-3ebafe4daf71","{}","[{""image"":null,""title"":""Redeem your eGift Card at a participating brand of your choice by providing the e-voucher number and voucher PIN.""},{""image"":null,""title"":""To activate this gift card, SMS ACT< space ><16-Digit Card Number>< space >< CardPin > to 9704200300""}]","1000","10000","2025-11-27T14:38:47.489+00:00","Both","Multiple","gift, card, one","360"
"9e0a28ac-43cf-4626-bbc2-bc779fbe9ad2","EGCGBMARI002","Marriott India Egift Card-Dining Variant 1-B2C","Tour & Travel","7","1000-10000","Variable","0","1","Marriott International in India encompasses a portfolio of 135 hotels under 16 leading brands spanning more than 35 cities. Marriott operates and franchises hotels and licenses vacation ownership resorts all around the world. The company offers Marriott Bonvoy™, its highly awarded travel program. For more information, please visit our website at www.marriott.com, and for the latest company news, visit www.marriottnewscenter.com. In addition, connect with us on Facebook and @MarriottIntl on Twitter and Instagram Redefining the art of gifting! Gift an experience to your loved ones with the Marriott India Gift Card and let every occasion be a special way to say you care. Enjoy luxurious stays, exquisite dining experiences, spa appointments and many more indulgences at any Marriott Hotel in India","{""text"":""1.\tThis Gift Card may be applied to eligible purchases at participating Marriott hotels in India (for a list of participating hotels please refer [https://www.qwikcilver.com/terms-and-conditions/marriott-hotels].\r\n2.\tGift Card cannot be used outside of India.\r\n3.\tEligible purchases do not include advanced purchases, deposits, friends and family rates, payments for meetings, catering or group functions, negotiated rates (including volume, group, contracted, or other rates that have been previously negotiated and agreed in writing whether paid on a group or individual basis), and goods/services purchased through or provided by third parties, such as online or off-line travel agents. All other purchases made at participating Marriott hotels in India are eligible. Use of this Gift Card constitutes acceptance of terms. Certain purchases (e.g., hotel stays) may have a minimum age requirement. Subject to these terms, the Gift Card can be redeemed at hotel-operated restaurants, spa, salon or other services provided directly by participating hotel.\r\n4.\tMarriott Gift card needs to be registered before use. To register and activate your Marriott Gift Card, please send a SMS from your mobile phone as follows: ACTCardNumberCardPinFirstNameLastName to 9741352666\r\n5.\tThe registration can also happen through logging in to the SSA portal https://marriotthotelsindiagcbal.qwikcilver.com/QwikCilver/sclp.ssa/welcome.aspx?orgname=Marriott%20Hotels%20India\r\n6.\tThe sending of the said message to the designated mobile number and receipt of due acknowledgement thereto, shall constitute registration of the User. Marriott / Pine Labs shall honour and consider requests for blocking of Gift Cards only from users who have registered in accordance with the terms above.\r\n7.\tEach Gift Card shall be single use and only one transaction can be performed on Gift Card. Partial redemption of a Gift Card shall not be possible.\r\n8.\tThe Gift Card balance is only valid for one (1) year from the date of issuance/activation. Gift Card may not be reloaded.\r\n9.\tGift Card carries no value until activated. This Gift Card shall be deemed active upon loading of fixed denominations of INR 1000, INR 2500, INR 5000, INR 7500 or INR 10,000. The maximum denomination per card is limited to INR 10,000\r\n10.\tIf the purchase value exceeds the value of the Gift Card, the differential value should be paid by the customer who redeems the Gift Card.\r\n11.\tValid Gift Card in its original form (email) has to be presented at the time of availment. Gift Card is issued in Indian Rupees.\r\n12.\tNo fees or charges apply to Gift Cards.\r\n13.\tThis Gift Card cannot be transferred for balance value or redeemed for cash.\r\n14.\tNo replacement / compensation is permissible/ payable for lost /stolen or damaged Gift Card.\r\n15.\tGift Card and these terms are governed by the laws of India. Any dispute relating to the Gift Card shall be subject to the exclusive jurisdiction of courts at Bangalore. Marriott and related marks are trademarks of Marriott International Corporation or its affiliates.\r\n16.\tMarriott reserves the right to institute additional security and verification procedures at the time of card redemption for fraud prevention. Marriott and/or Pine Labs reserve the entitlement to amend these terms and conditions from time to time.\r\n17.\tFor complete Terms and Conditions, please visit [https://www.qwikcilver.com/terms-and-conditions/marriott-hotels ] and for Check Balance Enquiries the consumers are invited to refer to [ https://www.woohoo.in/balenq] . Gift Cards issued by Pine Labs Private Limited. All rights reserved.\r\n18.\tPlease refer the Customer Grievance policy for dispute resolution, unauthorized transactions and liability related aspects at [ https://www.qwikcilver.com/grievance-policy/].\r\n19.\tThe cardholder may request for the revalidation of the expired gift card. Upon receipt of such request the gift card may be revalidated after due verification and maybe subject to additional terms and conditions.\r\n20.\tList of participating hotels that accept Marriott Gift Card:\r\n21.\tJW Marriott Mussoorie Walnut Grove Resort & Spa\r\n22.\tGoa Marriott Resort & Spa\r\n23.\tJW Marriott Mumbai Sahar\r\n24.\tRenaissance Mumbai Convention Centre Hotel\r\n25.\tThe St. Regis Mumbai\r\n26.\tJW Marriott Hotel Bengaluru\r\n27.\tBengaluru Marriott Hotel Whitefield\r\n28.\tThe Ritz-Carlton, Bangalore\r\n29.\tSheraton Grand Bengaluru Whitefield & Convention Center\r\n30.\tSheraton Grand Chennai Resort & Spa\r\n31.\tThe Westin Gurugram, New Delhi\r\n32.\tThe Westin Sohna Resort & Spa\r\n33.\tJW Marriott Mumbai Juhu\r\n34.\tJW Marriott Hotel Kolkata\r\n35.\tThe Westin Kolkata Rajarhat\r\n36.\tAloft New Delhi Aerocity\r\n37.\tLe Meridien Gurugram, Delhi NCR\r\n38.\tLe Meridien Mahabaleshwar Resort & Spa\r\n39.\tW Goa\r\n40.\tCourtyard by Marriott Mumbai\r\n41.\tThe Westin Mumbai Garden City\r\n42.\tAloft Bengaluru Cessna Business Park\r\n43.\tSheraton Grand Bangalore At Brigade Gateway\r\n44.\tFairfield by Marriott Pune Kharadi\r\n45.\tThe Westin Pune Koregaon Park\r\n46.\tCourtyard by Marriott Agra\r\n47.\tJW Marriott Hotel Chandigarh\r\n48.\tCourtyard by Marriott Raipur\r\n49.\tFour Points By Sheraton, Kochi Infopark\r\n50.\tFour Points by Sheraton Mahablipuram Resort & Convention Center\r\n51.\tMarriott Suites Pune\r\n52.\tThe Ritz Carlton Pune\r\n53.\tFairfield by Marriott Belagavi\r\n54.\tSheraton Grand Pune Bund Garden Hotel\r\n55.\tJW Marriott Hotel Pune\r\n56.\tCourtyard by Marriott Pune Chakan\r\n57.\tCourtyard by Marriott Pune Hinjewadi\r\n58.\tFairfield by Marriott Amritsar\r\n59.\tLe Meridien Kochi\r\n60.\tCourtyard by Marriott Amritsar\r\n61.\tCourtyard by Marriott Bilaspur\r\n62.\tSheraton Hyderabad Hotel\r\n63.\tKochi Marriott Hotel\r\n64.\tHyderabad Marriott Hotel & Convention Centre\r\n65.\tCourtyard by Marriott Hyderabad\r\n66.\tFairfield by Marriott Coimbatore\r\n67.\tThe Westin Chennai, Valechery\r\n68.\tCourtyard by Marriott Kochi\r\n69.\tCourtyard by Marriott Siliguri\r\n70.\tIndore Marriott Hotel\r\n71.\tJW Marriott Hotel New Delhi Aerocity\r\n72.\tTribute Kochi\r\n73.\tFairfield by Marriott Sriperumbudur\r\n74.\tJaipur Marriott Hotel\r\n75.\tCourtyard by Marriott Bengaluru ORR\r\n76.\tFairfield by Marriott Bengaluru ORR\r\n77.\tRenaissance Lucknow Hotel\r\n78.\tSheraton Grand Palace Indore\r\n79.\tLe Meridien Jaipur Resort & Spa\r\n80.\tCourtyard by Marriott Madurai\r\n81.\tFairfield by Marriott Visakhapatnam\r\n82.\tFairfield by Marriott Goa Anjuna\r\n83.\tCourtyard by Marriott Gurugram\r\n84.\tMarriott Executive Apartments Hyderabad\r\n85.\tFour Points By Sheraton, Bengaluru Whitefield\r\n86.\tFour Points by Sheraton, Srinagar\r\n87.\tCourtyard by Marriott Bhopal\r\n88.\tFairfield by Marriott Bengaluru Whitefiled\r\n89.\tFairfield by Marriott Bengaluru Rajajinagar\r\n90.\tFairfield by Marriott Jodhpur Hotel\r\n91.\tCourtyard by Marriott Bengaluru Hebbal\r\n92.\tCourtyard by Marriott Chennai\r\n93.\tLe Meridien Goa, Calangute\r\n94.\tRenaissance Ahmedabad Hotel\r\n95.\tFairfield by Marriott Kolkata\r\n96.\tLe Meridien Nagpur\r\n97.\tJaisalmer Marriott Resort & Spa\r\n98.\tCourtyard by Marriott_Aravali\r\n99.\tFairfield by Marriott_Indore\r\n100.\tFairfield by Marriott Agra\r\n101.\tMarriott Executive Apartments\r\n102.\tCourtyard by Marriott_Navi Mumbai\r\n103.\tSt Regis Goa\r\n104.\tThe Westin Resort and Spa Himalayas\r\n105.\tFairfield by Marriott Goa, Benaulim\r\n106.\tJW Marriott Bengaluru Prestige Golfshire Resort & Spa\r\n107.\tE-Gift Cards are normally delivered instantly. But sometimes due to system issues, the delivery can be delayed up-to 24 - 48 hours.""}","{""raw"":""https://giftbig.s3.amazonaws.com/microsite/product/EGCGBMARI002/d/thumbnail/3316_microsite.jpg""}","2025-11-27T14:38:48.620826+00:00",,"2025-11-27T14:38:48.620826+00:00","2025-11-27T20:13:24.193658+00:00",,"b44a4dcd-7a94-4a48-a266-a96134850e89","{}","[{""image"":null,""title"":""Marriott E- Gift card needs to be registered before use. To register and activate your Marriott E-Gift Card, please send a SMS from your mobile phone as follows: ACT<space>CardNumber<space>CardPin<space>FirstName<space>LastName to 9741352666. The sending of the said message to the designated mobile number and receipt of due acknowledgement thereto, shall constitute registration of the User.""},{""image"":null,""title"":""The Marriott E-Gift Card will need to be presented via the email that the customer has received at the time of purchase.""},{""image"":null,""title"":""The customer will need to provide the 16-digit E-gift card number & the 6-digit PIN that was provided to redeem the E-Gift Card either at the time of check in or check out for room accommodation or after availing the services for F&B /Spa services at the participating Marriott Hotels""}]","1000","10000","2025-11-27T14:38:47.466+00:00","Both","Multiple","marriott, india, card","365"
"e4093203-5a6f-49e5-a9b9-d10fcb6d0ab9","EGCGBHIT004","HopInTown PLUS Pack of 5 Lifestyle Membership E-Gift Card","Fashion & Lifestyle","8","4130-4130","Variable","0","1","HopInTown is a Lifestyle Hub to discover & book ONLINE, AT-HOME, LOCAL and TRAVEL Experiences, Activities & Trips all year round. It is a platform for experiences, activities & trips that one CAN DO online, at-home, within the city, nearby city, within the country and outside the country, ACROSS MULTIPLE CATEGORIES like Celebration, Romance, Entertainment, Events, Dine & Wine, Sports, Adventure, City-cation, Getaway, Cruise, Vacation Rentals, Wildlife, Experiential Trips, Health, Fitness, Wellness, Hobbies, Lifestyle Workshops, At-Home Medical Services etc, THROUGHOUT THE YEAR.

[Note: AT-HOME & LOCAL Experiences are available only in Mumbai & Pune at this point of time. They will be available in other cities in the coming months]
HopInTown PLUS 1 Year Lifestyle Membership

HopInTown PLUS is a first-of-its-kind lifestyle membership in India. It provides unlimited access to an unrivaled package of exclusive LIFESTYLE benefits & privileges along with preferential prices for ONLINE, AT-HOME, LOCAL & TRAVEL experiences, activities, trips & bespoke services all year round.

It is a perfect “personal gift” for you, for a loved one, or as a “corporate gift” for clients, channel partners, employees, leadership teams etc, or as an “annual gift” for members of clubs or associations. Shift from mundane to magical & gift a “lifestyle membership” to elevate every aspect of life, to create stories & make memories in life.

Membership Benefits & Privileges

1 Year “PLUS Lifestyle Membership” For Entire Family (i.e. One membership that covers your entire family including you, spouse, children and parents)
365 Days “Member Concierge” (i.e. One-point contact for all your queries & bookings, for your convenience and comfort, all year round)
5% to 15% ""Preferential Prices” (i.e. Member exclusive prices 5% to 15% cheaper than online & market prices for bookings, across 25+ categories of experiences, activities & trips)
1 Time ""Joining Benefits"" (i.e. INR 1500 credit to your HopInTown account, complimentary 3 months membership extension, steal deals saving up to INR 20000 upon joining)
25+ ""ONLINE, AT-HOME, LOCAL & TRAVEL” Categories (i.e. Book lifestyle experiences, activities & trips that can be done online, at-home, within the city, near the city, within the country & outside the country, across 25+ categories)
30+ ""Exclusive Benefits"" (i.e. Wide range of member-exclusive benefits, across various lifestyle services, to elevate every aspect of life for the entire family)
12 Times ""Personal Attention"" (i.e. Once every month, you will get 8-10 innovative options to celebrate a birthday, anniversary, special occasion, special day, festivals etc with your loved ones)
12 Times ""Lifestyle Recommendations"" (i.e. Once every month, you will get 8-10 new options for quality activities for self, spouse, kids, parents, family, friends)
12 Times “Participating Lifestyle Brand Discount” (i.e. Once every month, you will get super discounts from many partner lifestyle brands, across various lifestyle services)

Important Links

Video Link: https://www.youtube.com/watch?v=pi_tz549vGk
Playbook: https://bit.ly/HIT_PLUS_V3
FAQs: https://bit.ly/HIT_PLUS_FAQ_V2
[Note: Discounted membership prices are being offered only for a limited duration]","{""text"":""1.\tOnce you buy the e-card, you will get an email with 16 digit card number & 6 digit pin number\r\n2.\tThe e-card has to be redeemed on www.hopintown.com/redeem to become a member & avail of membership benefits for the entire membership duration\r\n3.\tThe e-card is not a legal tender or replacement of credit or debit card\r\n4.\tThis e-card cannot be exchanged for cash or cheque\r\n5.\tThe holder of this e-card is deemed to be the beneficiary\r\n6.\tThe validity of the e-card is for 90 days from the day of activation. It must be redeemed within the validity period\r\n7.\tThis e-card can be redeemed only at Hopintown e-commerce portal & m-commerce site or app\r\n8.\tThis e-card cannot be redeemed at any other offline or online retail outlets\r\n9.\tNo replacement or compensation is permissible for lost or mutilated or defaced card\r\n10.\tEvery e-card will be applicable for a specific membership pack. One e-card applicable for a membership pack cannot be used for any other membership pack\r\n11.\tOnce the e-card is redeemed, the member can avail of the benefits & privileges of the membership for the duration of the membership\r\n12.\tHopInTown & Qwikcilver reserve the right to terminate, modify or extend the timelines and features of the e-card, at any time at its absolute discretion, without assigning any reason\r\n13.\tAny dispute or redemption related issues must be referred to Hopintown Customer Support and the decision of the company shall be final\r\n14.\tAll disputes must be referred to Mumbai jurisdiction only\r\n15.\tTo redeem the e-card, visit https://www.hopintown.com/redeem\r\n16.\tFor any queries, email to members@hopintown.com or whatsapp message on exclusive member concierge +91-7506602080\r\n17.\tNo returns and no refunds on Gift Cards, E- gift Cards and Gift Cards shipped by woohoo.in. Please check the refund policy at http://www.woohoo.in/faq for further details.\r\n18.\tE-Gift cards are normally delivered instantly. But sometimes due to system issues, the delivery can be delayed up-to 24 hours.""}","{""raw"":""https://giftbig.s3.amazonaws.com/microsite/product/EGCGBHIT004/d/thumbnail/2945_microsite.jpg""}","2025-11-27T14:38:48.620826+00:00",,"2025-11-27T14:38:48.620826+00:00","2025-11-27T20:13:30.256173+00:00",,"4ead20e7-9a15-4b5f-bdb4-3ebafe4daf71","{}","[]","4130","4130","2025-11-27T14:38:47.489+00:00","Both","Multiple","lifestyle, membership, gift","90"
"cc654f4f-a983-4ff0-936a-0713765ce738","EGCGBBSSH001","Selected Homme E-Gift Card","Fashion & Lifestyle","10","500-5000","Variable","0","1","SELECTED HOMME epitomizes good taste in every shape and form within modern menswear. We stand for a unique interpretation of the contemporary man, who is both individualistic and confident in his style. He mixes and matches his existing wardrobe with the season’s newcomers to create a distinctive, exciting look. Attention to detail and high quality is the key for the SELECTED HOMME man","{""text"":""1.\tThis card entitles you to shop from any of the exclusive brand SELECTED stores in India\r\n2.\tThis card is the property of SELECTED Retail Private Limited (Issuer)\r\n3.\tThis card is valid for a period of one year from the date of purchase/ issue. Any amount not utilised by the user/ purchaser of the card upon the expiry on the Card, will be forfeited by the Issuer\r\n4.\tThis card is valid for one time use only & the entire amount needs to be redeemed in a single transaction. Any balance pending after the first usage shall expire immediately\r\n5.\tUse of this card constitutes acceptance of the applicable terms and conditions (visit www.selctedhomme.in for detail terms and conditions) including any updation/amendment/ modification inforce/prescribed from time to time.\r\n6.\tTo know the validity on this card, sms BAL [Card Number] to 9212356161\r\n7.\tAny amount in excess of the value of the card must be paid via alternate payment modes available at stores.\r\n8.\tMailing address: SELECTED Retail Pvt. Ltd. The Lalit Residency, 2nd Floor, The Lalit Mumbai, Sahar Airport Road, Sahar, Andheri (E), Mumbai- 400 059\r\n9.\tIn case of any dispute regarding this gift card, the decision of SELECTED Retail Pvt. Ltd. shall be final and binding and all the disputes arising in respect of this card shall be subject to the jurisdiction of Mumbai courts only\r\n10.\tIn case of return of a product paid via gift card, the said amount would be available as credit note available to be redeemed at exclusive SELECTED stores\r\n11.\tThis gift card is non-returnable and non-refundable neither it is encashable in part or whole""}","{""raw"":""https://giftbig.s3.amazonaws.com/microsite/product/EGCGBBSSH001/d/thumbnail/2810_microsite.jpg""}","2025-11-27T14:38:48.620826+00:00",,"2025-11-27T14:38:48.620826+00:00","2025-11-27T20:13:30.519672+00:00",,"4ead20e7-9a15-4b5f-bdb4-3ebafe4daf71","{}","[]","500","5000","2025-11-27T14:38:47.491+00:00","Online","Multiple","gift, card, every","365"
"999e6daf-9c25-42c1-83fe-37690f192581","EGCGBRBLH001","HAMLEYS - LUXE E-Gift Card","Fashion & Lifestyle","12","1000-10000","Variable","0","1","With one ‘Luxe gift card’, shop across 30+ fashion & lifestyle brands. Use this gift card across 380+ stores in India. The curated selection of brands are Armani Exchange, Bally, Bottega Veneta, Brooks Brother, Canali, Coach, Diesel, Dune London, EA7, Emporio Armani, G-Star Raw, GAS, Giorgio Armani, Hamleys, Hugo Boss, Hunkemöller, Jimmy Choo, Kate Spade, Michael Kors, Mothercare, Paul&Shark, Paul Smith, Replay, Salvatore Ferragamo, Satya Paul, Scotch & Soda, Steve Madden, Superdry, The White Crow, Tory Burch, Tumi, Villeroy&Boch & West Elm","{""text"":""1.\tThese Terms & Conditions are for the electronic version of the Luxe Gift Card.\r\n2.\tLuxe Gift Card is issued is valid for 12 months from the date of purchase.\r\n3.\tLuxe Gift Card is redeemable at more than 30 participatory brands across India.\r\n4.\tFor locations, visit - https://luxegiftcard.com/pages/store-locator\r\n5.\tLuxe Gift Card is not redeemable at airport stores.\r\n6.\tLuxe Gift Card can be redeemed only once until expiry.\r\n7.\tIn case the value of the merchandise exceeds the value of the gift card, the difference shall be paid by the bearer. No refunds/credit note shall be issued for unused part of the Luxe Gift Card.\r\n8.\tProtect the Luxe Gift Card to avoid misuse. RBL or Pine Labs Private Limited shall not assume any liability in case the PIN gets stolen / compromised, RBL shall neither replace the Luxe Gift Card nor refund in any form.\r\n9.\tMultiple Luxe Gift Cards can be used in a single transaction.\r\n10.\tOnce issued, Luxe Gift Card cannot be cancelled or blocked.\r\n11.\tLuxe Gift Card can be redeemed only against full priced merchandise.\r\n12.\tTo activate this gift card, SMS ACT<16-Digit Card Number><6-Digit Card Pin> to 9704200300\r\n13.\tFor balance enquiry & validity, please SMS <16-Digit Card Number> to 9704200300 or visit any merchant location.\r\n14.\tFor complete T&Cs, participating brands and store locations visit luxegiftcard.com\r\n15.\tFor bulk enquiries or assistance, contact us at info@luxegiftcard.com\r\n16.\tBy purchasing this gift voucher, you consent to sharing your PII ( Name, Email ID, Telephone Number if available ) with the issuer ( PineLabs ), as per the guidelines of PPI""}","{""raw"":""https://giftbig.s3.amazonaws.com/microsite/product/EGCGBRBLH001/d/thumbnail/1790_microsite.jpg""}","2025-11-27T14:38:48.620826+00:00",,"2025-11-27T14:38:48.620826+00:00","2025-11-27T20:13:30.692814+00:00",,"4ead20e7-9a15-4b5f-bdb4-3ebafe4daf71","{}","[{""image"":null,""title"":""Redeem your eGift Card at a participating brand of your choice by providing the e-voucher number and voucher PIN.""},{""image"":null,""title"":""To activate this gift card, SMS ACT< space ><16-Digit Card Number>< space >< CardPin > to 9704200300""}]","1000","10000","2025-11-27T14:38:47.491+00:00","Both","Multiple","gift, card, one","360"
"fa53619b-0c55-4289-a01f-f36d70d981fb","EGVGBFSTC001","FirstCry E-Gift Voucher","E-Commerce","6","100-5000","Variable","0","1","FirstCry is an Indian online store for baby product retailing launched in the year 2010,It is Asia's Largest Online Shopping Store for kids & baby products, toys, diapers, clothes, footwear, strollers, car seats etc","{""text"":""1.\tThe E-Gift Card can be used against your purchase on FirstCry.com.\r\n2.\tCustomers must open a free account at FirstCry.com to redeem his or her E-Gift Card.\r\n3.\tEvery EGC has a unique code. To redeem the E-Gift Card, enter this code in your shopping cart.\r\n4.\tBoth EGC and credit card may be used to pay for your order. If both are used, we will charge the gift card first and the remaining balance will be charged to your credit card.\r\n5.\tIn cases where the order is cancelled, the Gift Card amount shall be refunded to the source Gift Card\r\n6.\tSingle E-Gift Card value can be redeemed in multiple purchases.\r\n7.\tMultiple GCs cannot be applied for a single order\r\n8.\tUnused E-Gift Card may not be redeemed for cash.\r\n9.\tE-Gift Card are not replaceable if lost, stolen or expired.\r\n10.\tE-Gift Card can be redeemed within a period of 1 year from the date of purchase.\r\n11.\tE-Gift Card may only be redeemed for orders shipped in India.\r\n12.\tE-Gift Card cannot be purchased through Cheque/Cash on Delivery.\r\n13.\tE-Gift Cards are normally delivered instantly. But sometimes due to system issues, the delivery can be delayed up-to 48-72 hour""}","{""raw"":""https://giftbig.s3.amazonaws.com/microsite/product/EGVGBFSTC001/d/thumbnail/2214_microsite.jpg""}","2025-11-27T14:38:48.620826+00:00",,"2025-11-27T14:38:48.620826+00:00","2025-11-27T20:13:24.455552+00:00",,"4b9e758e-7c45-4642-ac6e-641028f0d9a5","{}","[{""image"":null,""title"":""Go to FirstCry.com and select the items you want to purchase.""},{""image"":null,""title"":""Add products to the cart""},{""image"":null,""title"":""On the Cart page you will find two options 1- Coupon 2- Gift Certificate""},{""image"":null,""title"":""Choose the Gift Certificate option and Enter your 14-digit Card Number in the field given and click on apply button.""},{""image"":null,""title"":""You will get Gift Certificate applied option.""},{""image"":null,""title"":""The Gift Card amount will be deducted from the payable amount.""},{""image"":null,""title"":""Pay any balance amount using available payment modes.""}]","100","5000","2025-11-27T14:38:47.467+00:00","Both","Multiple","gift, store, products","365"
"df60c5c1-5057-4396-8206-2e5705c2e88e","STBETHDOOMETERNALIND","[Steam] Doom Eternal  IND","Gaming","9","1799","Fixed","0","1","High interest in FPS games. Appeals to younger audience with intense gameplay and impressive graphics. The game is known for its fast-paced combat and intricate level design It also features a multiplayer mode called Battlemode.","{""text"":""1. Please be careful when selecting the regional code you wish to buy. Once the code leaves our secure inventory, we can no longer guarantee the validity of the code; therefore after an order has been sent we cannot return or exchange it.\r\n2. Codes have a 3 year validity from the date of purchase.\r\n3. Code will not be replaced by the brand or your retailer if the card is lost or stolen.\r\n4. Code cannot be exchanged for cash.""}","{""raw"":""https://at.valuedesign.co.in/media/uploads/products/DOOM-Eternal_hmb3IMS.png""}","2025-11-27T14:38:48.620826+00:00",,"2025-11-27T14:38:48.620826+00:00","2025-11-27T20:13:30.868042+00:00",,"1bbf49a5-e8bf-475d-a1fd-e542d5597afe","{}","[{""image"":null,""title"":""Download and installed the Steam Client on your computer.""},{""image"":null,""title"":""Run the Steam Client.""},{""image"":null,""title"":""Create an account on Steam or login if you already have one.""},{""image"":null,""title"":""Activate your purchased keys into your Steam account and install the game.""}]","0","0","2025-11-27T14:38:47.473+00:00","Online","1","steam, ind, games","1095"
"89336c81-2de6-4f22-b494-13d8f532ae8f","EGCGBRB001","Ray-Ban E-Gift Cards","Fashion & Lifestyle","8","500-10000","Variable","0","1","From the early Aviator style that emerged in 1937 to the introduction of the classic Wayfarer in 1952, Ray-Ban is a brand that embodies adventure, heroism, individuality, and authenticity. Starting with a silver screen debut in 1961, Ray-Ban sunglasses have appeared throughout hundreds of films. With timeless and imaginative styles, Ray-Ban consistently blends high-tech design, lenses, and materials. The collection remains true to its classic heritage while continuously evolving to meet today's fashion demands","{""text"":""1.\tThe gift card is not a legal tender or replacement of credit / debit card\r\n2.\tThis card cannot be exchanged for cash or cheque.\r\n3.\tThe holder of this card is deemed to be the beneficiary\r\n4.\tThis Gift Card is valid at only at https://www.ray-ban.com/india\r\n5.\tMaximum of five gift cards can be redeemed against single invoice\r\n6.\tNo replacement or compensation is permissible for lost or mutilated or defaced Gift Card\r\n7.\tValid for six months (180 days) from date of activation.\r\n8.\tAny dispute should be referred to Ray-Ban customer care and the decision of the company shall be final\r\n9.\tThis card cannot be redeemed at any of offline stores, Multi Brand Store, or any other websites (marketplaces) such as amazon.com or flipkart.com\r\n10.\tAny redemption issues related queries customer needs to get in touch with customer care""}","{""raw"":""https://giftbig.s3.amazonaws.com/microsite/product/EGCGBRB001/d/thumbnail/2204_microsite.jpg""}","2025-11-27T14:38:48.620826+00:00",,"2025-11-27T14:38:48.620826+00:00","2025-11-27T20:13:31.045958+00:00",,"4ead20e7-9a15-4b5f-bdb4-3ebafe4daf71","{}","[{""image"":null,""title"":""Customer should visit the https://india.ray-ban.com/""},{""image"":null,""title"":""Signup before making a purchase""},{""image"":null,""title"":""Select product and reach out to checkout page""},{""image"":null,""title"":""Select Ray-ban gift card as payment mode""},{""image"":null,""title"":""Submit card number and pin number""},{""image"":null,""title"":""On successful validation card will get redeemed""},{""image"":null,""title"":""Pay balance amount using any other mode of payment (CC/DC)""},{""image"":null,""title"":""Please note that the Ray-Ban Gift Cards can only be redeemed at web store (https://india.ray-ban.com/ ) and not at any market places or offline retail""}]","500","10000","2025-11-27T14:38:47.492+00:00","Online","Multiple","gift, cards, brand","5400"
"aa56157b-9836-420f-856e-b91b6136ff87","EGCGBKJ016","Kalyan Gold Coin E-Gift Card","Jewellery","2.05","1500-100000","Variable","0","1","Kalyan Jewellers offer a wide array of traditional and contemporary Jewellery designs in Gold, Diamond, Silver, Uncut, Polki, Solitaire and Platinum. Kalyan Jewellers is build on a strong foundation of Trust, Quality, Purity and Innovation in its Journey over the last so many years. Kalyan Jewellers has evolved into one of the most trusted brands across India and has ramped up its presence across PAN India with a direct presence of 104 stores across 84 Cities and growing","{""text"":""1.\tThis E-Gift Card is Redeemable on purchase of all Products at Kalyan Jewellers Stores in India.\r\n2.\tThis E-Gift Card Valid for 364 days from issue\r\n3.\tE-Gift Card cannot be exchanged for cash\r\n4.\tE-Gift Card can be redeemed only once\r\n5.\tA Maximum of 10 cards can be added in a single bill.\r\n6.\tE-Gift Card has to be presented in the store in original condition\r\n7.\tE-Gift Card is valid at only Kalyan Jewellers Stores in India\r\n8.\tNo Photocopy/Reproduction of the E-Gift Card will be accepted\r\n9.\tNo Duplicate E-Gift Card will be issued in case of the same being misplaced or lost.\r\n10.\tE-Gift Card is redeemable on one cash memo only.\r\n11.\tE-Gift Card is not a legal tender.\r\n12.\tFor support please write in to support@woohoo.in or call 080 67181401\r\n13.\tE-Gift Cards are normally delivered instantly. But sometimes due to system issues, the delivery can be delayed up-to 24 - 48 hours.\r\n14.\tIn case of any store redemption issue, customer can reach out to Kalyan support number # 022-49769725/15.\r\n15.\tThis voucher cannot be clubbed with redemption of Gold/Diamond Purchase Advance Schemes\r\n16.\tThis voucher cannot be clubbed with Package invoices and Special Priced Items""}","{""raw"":""https://giftbig.s3.amazonaws.com/microsite/product/EGCGBKJ016/d/thumbnail/1486_microsite.jpg""}","2025-11-27T14:38:48.620826+00:00",,"2025-11-27T14:38:48.620826+00:00","2025-11-27T20:13:24.633663+00:00",,"be43af8c-2f42-47e3-b5a4-726427f2308f","{}","[{""image"":null,""title"":""Walk in-to Kalyan Store""},{""image"":null,""title"":""Select the applicable Kalyan product""},{""image"":null,""title"":""At the Billing Counter, inform the cashier about the choice of making payment using Gift Cards.""},{""image"":null,""title"":""Cashier selects Gift Card as payment mode, submits card details in the system and completes the billing process""}]","1500","100000","2025-11-27T14:38:47.468+00:00","Both","Multiple","gold, gift, card","364"
"500c7484-69df-4ccb-8f85-3e74bb5506a9","SBP-KFC","KFC","Food & Beverages","7","100,250,500,1000,2000,2500","Fixed","0","1","""KFC is a world-famous American fast food restaurant chain with over 24,000 outlets in more than 150 countries and territories around the globe. Though the brand is originated in Louisville, Kentucky, KFC has become a household name among chicken lovers worldwide. Its diverse menu offers chicken buckets, tenders, sandwiches, fried chicken, sides, sauces, desserts, drinks, and more.

In short, if you want to have a blast with your friend, KFC restaurant is the perfect place for you. The thrill of finger-licking chicken pieces and other dishes is going to spruce up your day.

With amazing deals running on their menu, KFC makes their chicken more enjoyable and economical by offering a range of E-Gift Cards. As the KFC menu is so rich and palatable, its Gift Cards also make the perfect gift that you can think about giving to especially those who love chicken. With Gift cards, you can give your loved ones, friends, and colleagues the freedom to choose their favorite dishes.

Is your mouth watering with just the discussion of juicy, luscious, and tender chicken from KFC? Get a gift card online and get more food to savor on the same amount.""

When you plan KFC visit use KFC Gift Card powered by Valuedesign. This is gonna help you save some money, as the vouchers from Valuedesign are avail","{""text"":""\""1. This KFC E-Gift Card (E-GC) is issued by Yum! Restaurants (India) Private Limited & its authorized franchisees for making Payments at participating KFC Stores in India.\r\n\r\n2. The person who has the Yum! Restaurants E-Gift Card is deemed to be the beneficiary.\r\n\r\n3. Do inform the cashier that you plan to use E-Gift Card for making payments before billing.\r\n\r\n4. The E-Gift Card is accepted as a payment on KFC website & App and its stores.\r\n\r\n5. Purchases can be done on Website / App for the amount or less than that in the card, Example, if a card has a balance of Rs 500, customer can buy for Rs 500 or less on Website / App.\r\n\r\n6. This E-Gift Card is a one-time use card & any unused balance cannot be used again or be exchanged for Cash.\r\n\r\n7. More than one E-Gift Card can be used in one bill in stores.\r\n\r\n8. No cash refunds will be given against the card (including in case of loss or otherwise).\r\n\r\n9. Any balance in this card is valid for 6 months from the date of issue and any unused balance will expire automatically. E-Gift Card Cannot be revalidated once expired.\r\n\r\n10. Rights to amend Terms & Conditions reserved with \""\""Yum\""\"" and its authorized franchisees without prior notice.\r\n\r\n11. Only participating KFC Stores would accept the E-Gift Card, YUM Restaurants and its authorized franchisees would add or remove an outlet without giving any prior notice.\r\n\r\n12. For all amendments, card balance & expiry details, please visit https://online.kfc.co.in\r\n\r\n13. The user unconditionally accepts all T&C and shall not raise any disputes in this regard. Any dispute related to the E-Gift Card should be referred to the issuing company and the decision of the issuing company shall be final.\r\n\r\n14. All disputes subject to exclusive jurisdiction of court at New Delhi.\r\n\r\n15. For Balance and expiry check: SMS 16-digit card no, in this format, e.g., 1234123412341234 to 55757575.\r\n\r\nHow to Purchase a KFC Gift Card On\""""}","{""raw"":""https://at.valuedesign.co.in/media/uploads/products/KFC.png""}","2025-11-27T14:38:48.620826+00:00",,"2025-11-27T14:38:48.620826+00:00","2025-11-27T20:13:31.221249+00:00",,"ad8a9a7e-38c0-46f6-8ccd-b5a53ca270b3","{""0"":""Gift Vouchers are accepted at all Listed Outlets and on the website at online.kfc.co.in/home"",""1"":""Single GV / GC can be used in one bill against online redemption."",""2"":""Multiple Gift Vouchers can be used in one bill at the outlet (offline redemption)."",""3"":""This is a one time use GV / GC.""}","[{""image"":""https://at.valuedesign.co.in/media/uploads/products/KFC/1.jpg"",""title"":""Visit the nearest listed KFC restaurant or go to www.online.kfc.co.in""},{""image"":""https://at.valuedesign.co.in/media/uploads/products/KFC/2.jpg"",""title"":""Choose your preferred food options that you want to buy.""},{""image"":""https://at.valuedesign.co.in/media/uploads/products/KFC/3.jpg"",""title"":""Choose the E-Gift Card option during the payment process and make the payment to redeem the gift card.""}]","100","2500","2025-11-27T14:38:47.493+00:00","Both","Multiple","food, restaurant, chain","180"
"f6da5e90-f690-49b0-be3b-7359cb3eafbb","SBP-TPXO","tripXOXO","Tour & Travel","7","100,200,300,500","Fixed","0","1","tripXOXO is a global travel booking platform for adventurers, explorers, and dreamers. They have a vast network that spans 190 countries, 250+ fascinating categories, and 4000+ stunning destinations.

You can easily access the best deals with tripXOXO, as they collaborate closely with partners in sightseeing to enhance your vacation experience. In addition to this, their global buying power ensures the best deals, and their 24-hour support presents you with peace of mind no matter where you are in the world.","{""text"":""•\ttripXOXO E-Gift Cards (\""Gift Cards\"") are issued by TravelPort Holidays India Pvt. Ltd. & Powered by Valuedesign which is a private limited company incorporated under the laws of India and is authorized by the Reserve Bank of India (\""RBI\"") to issue such Gift Cards.\r\n•\tThe Gift Card is valid only for buying tripXOXO Services on www.tripXOXO.com.\r\n•\tOnce the Card is issued, it will be valid for 12 months.\r\n•\tIn case of transaction failures after Gift Card is applied, amount would be automatically refunded to the same cards within 72 hours.\r\n•\tMultiple Gift Cards can be combined and used on 1 transaction.\r\n•\tProducts and services are subject to availability.\r\n•\tThe Gift card cannot be cancelled or exchanged for cash.\r\n•\tThe Gift card validity cannot be extended under any circumstances.\r\n•\ttripXOXO is not responsible if the Gift card is lost, stolen, or used without permission.\r\n•\tIn case of cancellation of bookings made using the gift card within the validity period, the amount will be reversed to the same card as used at the time of booking.\r\n•\tUsers are required to save the gift card number and PIN to utilize this refunded amount as we will not be able to reset the PIN or reissue a new gift card number.\r\n•\tIn case of cancellations where the gift card validity has expired, no refund will be processed for the amount paid by the gift card.\r\n•\ttripXOXO is the final authority on the interpretation of these rules.\r\n•\ttripXOXO reserves the right to deny accepting any Gift card if it suspects that there is duplicity of cards.\r\n•\tIn no event the liability of tripXOXO for any claims shall exceed the value of the card.\r\n•\tIn the event of any dispute, parties agree to exclusive jurisdiction of courts of Mumbai.""}","{""raw"":""https://at.valuedesign.co.in/media/uploads/products/GC_Sample_Travel.jpeg""}","2025-11-27T14:38:48.620826+00:00",,"2025-11-27T14:38:48.620826+00:00","2025-11-27T20:13:31.40259+00:00",,"b44a4dcd-7a94-4a48-a266-a96134850e89","{}","[{""image"":""https://at.valuedesign.co.in/media/uploads/products/Tripxoxo/Tripxoxo01.jpg"",""title"":"" Visit the tripXOXO website - https://www.tripxoxo.com/.""},{""image"":""https://at.valuedesign.co.in/media/uploads/products/Tripxoxo/Tripxoxo02.jpg"",""title"":"" Select a package you want to book and fill out the information.""},{""image"":""https://at.valuedesign.co.in/media/uploads/products/Tripxoxo/Tripxoxo03.jpg"",""title"":"" While making the payment select the Pay by Gift Card option on the payment page.""},{""image"":null,""title"":"" You can use your credit or debit card to pay the remaining amount if any.""}]","0","0","2025-11-27T14:38:47.493+00:00","Offline","Multiple","travel, experience, their","360"
"48c9dae0-cb50-4843-9e7e-d7ef4439affd","SBP-HL","Healthians","Wellness & Beauty","68","1000,2000,3000,5000","Fixed","0","1","Healthians is the fastest-growing and the leading health service company, offering health tests at-home service in more than 250+ cities across India and counting. Equipped with state-of-the-art fully automated laboratories, the company has a huge network of 2100+ trained and highly skilled phlebotomists who specialize in taking blood samples for testing. Healthians has made it easy to book health checkups from home and made the entire journey of customers right from health test booking to report delivery very simple and seamless. With its advanced tech-enabled quality control process, Healthians ensure that each of its customers gets accurate health test reports every time.

When you for your Next Health Checkup use Healthians Gift Card powered by Valuedesign. This is gonna help you save some money, as the vouchers from Valuedesign are avail","{""text"":""1.\tThis is a Healthians Gift Card (GC) and would be accepted on the Website/App.\r\n2.\tThe person who has the Gift Card (GC) is deemed to be the beneficiary.\r\n3.\tBeneficiary should announce the intent of using the Gift Card (GC) before making a purchase.\r\n4.\tOnly valid Gift Card (GC) at the sole discretion of HEALTHIANS shall be accepted for redemption.\r\n5.\tOne Gift Cards can be used against one Bill/Order.\r\n6.\tPartial redemption is allowed but No credit note / refund for the unused balance amount of the Gift Card will be given. Any such unused balance amount shall stand lapsed automatically.\r\n7.\tGift Card (GC) CANNOT be revalidated once expired and cannot be cancelled under any circumstances.\r\n8.\tHEALTHIANS or its affiliates are not responsible on account of the beneficiary sharing the Gift Card (GC) number and the voucher getting redeemed on that account.\r\n9.\tThe Brand may ask for a valid Government identity proof at the time of redeeming the Gift Cards.\r\n10.\tGift Card (GC) cannot be redeemed on specific block out dates. HEALTHIANS may add or delete any date on its sole discretion.\r\n11.\tAny dispute should be referred to the company from where the Gift Card has been received, decision of the company shall be final.\r\n12.\tHealthians depends upon various third-party vendors for its technical architecture and systems. In case of an unforeseen technical issue arising due to any directly / indirectly interdependent issue which needs the intervention of a third party to reach a resolution, the TAT will be totally dependent on the responses of the third party along with their specific TATs. In such scenarios, Healthians cannot be held responsible for any issues / mishaps / losses of any kind arising from such issues and events.\r\n13.\tFor any queries / issues related to GV / GC, raise a request at cs@healthians.com/Customercare@valuedesign.jp.\r\n14.\tUsers can’t avail of the other Healthians promotional coupons, along with e-gift cards.\r\n15.\tVoucher cannot be clubbed with Healthians Discount.""}","{""raw"":""https://at.valuedesign.co.in/media/uploads/products/Healthians.jpg""}","2025-11-27T14:38:48.620826+00:00",,"2025-11-27T14:38:48.620826+00:00","2025-11-27T20:13:31.575407+00:00",,"f5575e42-86a0-4616-9408-0f096d2da35f","{""0"":""Healthians Insta Gift Voucher would be accepted on the website at www.Healthians.com\r\nMultiple vouchers can be used against one bill,"",""1"":""User cannot avail of the Healthians other promotional coupons, along with E-Gift vouchers.""}","[{""image"":""https://at.valuedesign.co.in/media/uploads/products/Healthians/1.jpg"",""title"":""Go to the official website of Healthians. Or you can also download the Healthians App or Call the Sales Agent/CC. Select the Health Test Check-up Package.""},{""image"":""https://at.valuedesign.co.in/media/uploads/products/Healthians/2.jpg"",""title"":""Click Book Now and add the required login, address, and other details.""},{""image"":""https://at.valuedesign.co.in/media/uploads/products/Healthians/3.jpg"",""title"":""Choose Healthians E -Gift Card as your payment option and enter the 16-digit number and 6-digit PIN to redeem your Healthians E-Gift Card. Confirm the booking and enjoy getting the health test done in the comfort of your home. For assistance please call us at 1800-572-0005""}]","1000","5000","2025-11-27T14:38:47.493+00:00","Online","Multiple","health, company, more","365"
"1b1506a1-62b0-4fb5-927d-e978c0f73e99","Auric2XPtJQxzDCn76pjY","Auric","Fashion & Lifestyle","33","250,500","Fixed","0","1","Ayurveda is your best bet for staying fit and healthy. From weight loss to building your stamina, the age-old science of Ayurveda helps you stay proactive all your life. Re-imagine your fitness goals and make healthier choices with Auric Drinks. Buy from a wide range of Auric products from ghee, and plant protein to hot chocolate with Auric Gift Cards and avail maximum discounts.","{""text"":""1.Vouchers are applicable only on Auric's website https://www.theauric.com <br/>2.Vouchers cannot be clubbed with any other coupon or voucher. <br/>3.Vouchers are not refundable once purchased <br/>4.Auric Gift Voucher is a One-time use Gift Voucher <br/>5.More than 1 voucher cannot be clubbed together <br/>6.Vouchers cannot be revalidated once expired <br/>7.Any dispute should be referred to the company from where the Instant Gift Voucher has been received, decision of the company shall be final <br/>8.If the order value exceeds the e-Gift Card amount, the balance must be paid by another payment option. <br/>9. The GV is not valid on the purchase of Ghee  <br/>10.For any queries / issues related to GV / GC, raise a request at www.gvhelpdesk.com <br/>11.About Auric Drink Auric's Ayurvedic Beverages to Boost Your Stamina. Ayurvedic Drinks are natural drinks that can help us in staying fit and improving our immunity. Everyone wants to stay fit and healthy, but actually putting an effort towards it is a tedious task. Why should anyone consume ayurvedic drinks? Does it have any benefits? Well, yes. Ayurveda drinks are quite helpful in weight loss and building your stamina. The age old ingredients are being infused again innovatively to bring the best for your mind and body. While yoga, meditation, and exercise does it wonders, but consuming ayurvedic health drinks can give a boost to your effort.""}","{""raw"":""https://at.valuedesign.co.in/media/uploads/products/Auric.png""}","2025-11-27T14:38:48.620826+00:00",,"2025-11-27T14:38:48.620826+00:00","2025-11-27T20:13:31.660662+00:00",,"4ead20e7-9a15-4b5f-bdb4-3ebafe4daf71","{""0"":""This is a AURIC Gift Voucher (GV) and would be accepted only on the website."",""1"":""Only 1 Gift Voucher can be used in one transaction/order."",""2"":""No credit note/refund for the unused balance amount of the Gift Voucher will be given.""}","[{""image"":""https://at.valuedesign.co.in/media/uploads/products/Auric/1.png"",""title"":""Go on Auric Online Website.""},{""image"":""https://at.valuedesign.co.in/media/uploads/products/Auric/2.png"",""title"":""Add product of your choice to the cart. Click on 'Buy Now' or Add to Cart""},{""image"":null,""title"":""Apply the voucher code in DISCOUNT section and click APPLY. The discount will be shown in the bill and the remaining payment (if any) can be made by another payment mode and accordingly order can be placed.""}]","0","0","2025-11-27T14:38:47.494+00:00","Both","Multiple","gift, cards","365"
"252d2684-0156-40de-ab0e-24b1e38bbe13","520FCPOINTSI","520 FC Points IND","E-Commerce","6","449","Fixed","0","1","Available on Android and IOS. Age Rating 4+. Play through well known global tournaments with qualified and non qualified national teams. Train Football heroes- Train your favourite players increasing their stats and moving them to the next level!. Fast Game, Exciting goals- Score goals with the world best players using creative modes. Build momentum with precision passing-Dominate possession with new ways to pass, open up space and create attacking opportunities.","{""text"":""1. Your use of this card is subject to the requirements printed on the card.\r\n2. This cards full terms and conditions are available at https://redeem.meplay.com/game/eafc. By purchasing, using or accepting this card you agree to all such requirements, full terms and conditions.\r\n3. Please note, FC Points and FC Mobile Accounts are region specific, which means you can only use the FC Points codes specific to the region you have opened an account from. For example, if you have opened an account in Brazil, you can only purchase Brazil specific FC Points for that region/country.\r\n4. Once you have loaded your FC Points onto your account you are ready to play.\r\n5. Please be careful when selecting the regional code you wish to buy. Once a FC Points Digital code leaves our secure inventory, we can no longer guarantee the validity of the code; therefore, after an order has been sent we cannot return or exchange it.\r\n6. FC Points Codes have a 1 (one) year validity from date of purchase.""}","{""raw"":""https://at.valuedesign.co.in/media/""}","2025-11-27T14:38:48.620826+00:00",,"2025-11-27T14:38:48.620826+00:00","2025-11-27T20:13:24.811567+00:00",,"4b9e758e-7c45-4642-ac6e-641028f0d9a5","{}","[]","0","0","2025-11-27T14:38:47.469+00:00","Both","1","through, qualified, train","365"
"8774e62e-a6da-482d-b846-10410633af70","FastrackBagsaYJMN8SfXDnhRyJ9","Fastrack Bags","Fashion & Lifestyle","7.5","500,1000,1500,2000","Fixed","0","1","Step up your style and make a statement with Fastrack bags. A good bag goes a long way. Find fashion and function both in a single bag. The bags by Titan fastrack are durable, portable & of premium quality. Use Fastrack bags Gift Card from GyFTR to shop brilliance & enjoy big discounts.","{""text"":""1.This is a Fastrack Bags Gift Voucher (GV) / Gift Card (GC) and it can be redeemed at World of Titan & Fastrack stores only. <br/>2.The holder of the voucher is deemed to be the beneficiary. <br/>3.Beneficiary should announce the intent of using the voucher before making a purchase. <br/>4.Only valid vouchers at the sole discretion of TITAN shall be accepted for redemption. <br/>5.A Maximum of 5 Gift vouchers can be clubbed for a single purchase. <br/>6.Partial redemption is not allowed, single time usage only. <br/>7.No refund or credit note would be issued against unused or partially used voucher. <br/>8.Not valid for in-store offers. <br/>9.This Instant Gift Voucher can be redeemed at listed Titan stores across India. <br/>10.Voucher cannot be revalidated once expired. <br/>11.TITAN/ affiliates are not responsible on account of the beneficiary sharing the voucher number and the voucher getting redeemed on that account. <br/>12.The Brand may ask for a valid Government identity proof at the time of redeeming the voucher. <br/>13.Vouchers will be accepted across all outlets mentioned, but TITAN at its sole discretion may add or remove an outlet from the list without giving any prior notice. <br/>14.TITAN makes full efforts to accept voucher, but on account of any technical / administrative reasons an outlet may refuse to accept a voucher. <br/>15.This voucher cannot be redeemed on specific block out dates TITAN may add or delete any date on its sole discretion. <br/>16.TITAN or any of its partners would not be liable for any form of compensation etc on account of an outlet not being able to accept the voucher. The customer would be liable to settle the Invoice. 16. If a voucher gets blocked on account of technical issue the voucher would be usable only post 72 hours. <br/>17.Any dispute should be referred to the company from where the voucher has been received; decision of the TITAN shall be final. <br/>18.For any queries / issues related to GV / GC, raise a request at www.gvhelpdesk.com""}","{""raw"":""https://at.valuedesign.co.in/media/uploads/products/FastrackBags.png""}","2025-11-27T14:38:48.620826+00:00",,"2025-11-27T14:38:48.620826+00:00","2025-11-27T20:13:32.020533+00:00",,"4ead20e7-9a15-4b5f-bdb4-3ebafe4daf71","{""0"":""A maximum of 5 Gift Vouchers CAN be used in one bill."",""1"":""Not valid for in-store offers"",""2"":""Gift Vouchers are ACCEPTED at all Listed Outlets."",""3"":""Gift Vouchers CANNOT be used Online."",""4"":""\""""}","[{""image"":""https://at.valuedesign.co.in/media/uploads/products/FastrackBags/1.jpeg"",""title"":""Use the outlet locator to locate the nearest outlet that accepts this Gift Voucher.\t""},{""image"":""https://at.valuedesign.co.in/media/uploads/products/FastrackBags/2.jpeg"",""title"":""Select your choice of Fastrack Bag.\t""},{""image"":null,""title"":""Share your Gift Voucher with the cashier at the time of billing &amp; pay the remaining amount by cash or card if required.""}]","0","0","2025-11-27T14:38:47.494+00:00","Offline","Multiple","fashion, gift, card","365"
"d6112fcc-e55f-4be7-b97b-2c567a1f7f37","FinuSmartEasyCash0jU8Ju6YmotRO2yq","FinuSmart Easy Cash","E-Commerce","16","700,1000","Fixed","0","1","Finusmart is a wellness tech company providing customized wellness & healthcare benefits to all its members across all walks of life. As a FinuSmart member you are eligible for a wide range of exclusive, unique and affordable pocket sized health insurance benefit schemes. Use the Finusmart Gift Cards to avail all such amazing and exclusive benefits which are backed by India & leading healthcare and insurance companies","{""text"":""1.Cover Benefits of Finusmart Easy Cash Gold:  <br/>Daily Cash allowance of   2,000/- (per day) in case of hospitalisation above 24 hours, for the period of  <br/>hospitalisation within the SI Limit. Double Daily Cash for ICU Hospitalisation.  <br/>Will be paid on submission of Discharge Summary and other claim documents. <br/>Normal Hospitalisation - 30 Days Max  <br/>Daily Cash Benefit - ICU Hospitalisation   4000 (per day) 15 Days Max  <br/>Sum Insured   60,000 <br/>Relationships Covered - Spouse, Son, Daughter <br/>Cover Type - On Individual Basis <br/>Entry Age Limits - 18Yr to 65 Yr <br/>Exit Age   Lifelong\"" <br/>2. Finusmart Gift Card (\""GC/GVs\"") CANNOT be revalidated once expired or cancelled under any circumstances <br/>3. Finusmart Gift Card (\""GC/GVs\"") are issued by VG, credit & debit cards issued outside India cannot be used to purchase Finusmart Gift Cards <br/>4. Finusmart GC/GV are redeemable across on www.finusmart.com <br/>5. The GC/GV's will expire within 365 days from the date of issuance of GC/GV <br/>6. GC/GV cannot be transferred for value or redeemed for cash or any other form of remuneration <br/>7. Finusmart or their affiliates are not responsible if GC/GV is lost , stolen, destroyed, or used without permission <br/>8. Multiple GV / GC/GV can be used in one bill/transaction. <br/>9. For Terms & Conditions on health & wellness solutions offered by Finusmart and to redeem, visit www.finusmart.com <br/>10. Any such unused balance amount shall stand lapsed automatically. <br/>11. Any dispute related to the GV / GC should be referred to the issuing company and the decision of the issuing company shall be final. In case of any legal disputes, the courts at New Delhi shall have the exclusive jurisdiction. <br/>12. For any queries / issues related to GV / GC, raise a request at www.gvhelpdesk.com""}","{""raw"":""https://at.valuedesign.co.in/media/""}","2025-11-27T14:38:48.620826+00:00",,"2025-11-27T14:38:48.620826+00:00","2025-11-27T20:13:32.109769+00:00",,"4b9e758e-7c45-4642-ac6e-641028f0d9a5","{}","[{""image"":""https://at.valuedesign.co.in/media/uploads/products/FinuSmartEasyCash/1.jpeg"",""title"":""Visit www.fiusmart.com to view the list of available microinsurance plans.""},{""image"":""https://at.valuedesign.co.in/media/uploads/products/FinuSmartEasyCash/2.jpeg"",""title"":""Click on plan details and select a plan of your choice to buy after reviewing the coverages. Provide your contact details and click next (OTP may be requested) and the memeber details, post which you will be shown a membership number.""},{""image"":""https://at.valuedesign.co.in/media/uploads/products/FinuSmartEasyCash/3.png"",""title"":""Proceed to the summary page to do a final review of the plan selected & details submitted. Proceed to pay using the supported gift cards or any other sources supported by PayU. you will have options to add/redeem your gift card in the payment page itself.""}]","0","0","2025-11-27T14:38:47.495+00:00","Online","Multiple","range, gift, cards","30"
"989d9a39-f47a-4ffd-a904-3054d7b5bf2f","STBETHFALLOUTNVUEIND","[Steam] Fallout New Vegas - Ultimate Edition IND","Gaming","9","899","Fixed","0","1","Fallout: New Vegas - Ultimate Edition includes the base game and all four DLCs, it adds new weapons, areas, and storylines. Set in post-apocalyptic Nevada, the game features complex narratives and a reputation system. The DLCs expand the gameplay experience with new content.","{""text"":""1. Please be careful when selecting the regional code you wish to buy. Once the code leaves our secure inventory, we can no longer guarantee the validity of the code; therefore after an order has been sent we cannot return or exchange it.\r\n2. Codes have a 3 year validity from the date of purchase.\r\n3. Code will not be replaced by the brand or your retailer if the card is lost or stolen.\r\n4. Code cannot be exchanged for cash.""}","{""raw"":""https://at.valuedesign.co.in/media/uploads/products/Fallout-New-Vegas-Ultimate-Edition_bCWYRiN.png""}","2025-11-27T14:38:48.620826+00:00",,"2025-11-27T14:38:48.620826+00:00","2025-11-27T20:13:25.252182+00:00",,"1bbf49a5-e8bf-475d-a1fd-e542d5597afe","{}","[{""image"":null,""title"":""Download and installed the Steam Client on your computer.""},{""image"":null,""title"":""Run the Steam Client.""},{""image"":null,""title"":""Create an account on Steam or login if you already have one.""},{""image"":null,""title"":""Activate your purchased keys into your Steam account and install the game.""}]","0","0","2025-11-27T14:38:47.47+00:00","Both","1","steam, ind, game","1095"
"27e388c7-5cf6-487e-9b4a-3dbc096d4676","EGCGBTANISHQMIA002","Mia By Tanishq E-Gift Card","Fashion & Lifestyle","3.75","500-199999","Variable","0","1","Mia by Tanishq is an alluring range of fine jewellery for the self expressive people of today. Tanishq is a brand name that inspires confidence among buyers. This store houses exquisite precious metal jewelry that uses precious and semi precious stones including diamonds. People purchase at Tanishq because this is a name, they trust. You can go for eighteen to twenty two carat gold jewelry along with ornaments designed from platinum. Every piece in the store is sure to astound you because of their dazzling beauty, fantastic artistry, and sheer variety. If you love the ornaments that add to your personality and make you stand out anywhere, Tanishq Gift Card is ideal for your needs. Tanishq is a Titan Ltd. subsidiary and a prominent brand offer from the famous Tata Group of Industries that recently opened its 150th shop in India. Those who are looking to add to their jewelry collection with a special something in gold can make the most of the Tanishq Gift Card, which opens up a world of loveliness to explore and utilize as you see fit. From simple and elegant designs to elaborate and heavy items, you can choose anything you want to add that elusive glamour quotient. So what are you waiting for, this is too good an opportunity to miss!","{""text"":""1.\tThis e-Gift card is activated once issued.\r\n2.\tThis e-Gift Card is valid for 180 days from the date of issuance and it can not be further re-validated for any reason whatsoever.\r\n3.\tThis e-Gift card is valid only on Mia Studded Products at the participating Mia and Tanishq Authorised Showrooms in India.\r\n4.\tThis e-Gift card allowed for one-time redemption only.\r\n5.\tAny unused balance on the e-Gift card, will not be refunded or credited.\r\n6.\tTanishq will not replace or reimburse the value of your e-Gift card, if it is misused or expired.\r\n7.\tThis e-Gift Card is non-encashable.\r\n8.\tBearer is responsible if an e-Gift Card is used without bearer’s permission.\r\n9.\tThese terms and conditions shall be governed by the laws of India and you agree to submit to the exclusive jurisdiction of the courts at Bangalore.\r\n10.\tThese terms & conditions are subject to change at any time, without any prior notice.\r\n11.\tThis e Gift card is only entitlement to use to the extent of the load value of the Gift card and is non- encashable.\r\n12.\tIf the value of the purchase is less than the value of the Gift card, the balance is non-refundable.\r\n13.\tFor load value of e-Gift Card & Expiry check, SMS - TNQBAL <16 Digit card number> to 8861208222 or check at the Tanishq store’s cash counter.\r\n14.\tThis Gift card is not a legal tender.\r\n15.\tMake your selection of the products and provide the Gift card number and PIN to the store staff at participating Mia and Tanishq showrooms\r\n16.\tAfter successful payment, the gift card is redeemed for product purchase.""}","{""raw"":""https://giftbig.s3.amazonaws.com/microsite/product/EGCGBTANISHQMIA002/d/thumbnail/9601_microsite.jpg""}","2025-11-27T14:38:48.620826+00:00",,"2025-11-27T14:38:48.620826+00:00","2025-11-27T20:13:25.603744+00:00",,"4ead20e7-9a15-4b5f-bdb4-3ebafe4daf71","{}","[{""image"":null,""title"":""Make your selection of the products and provide the Gift card number and PIN to the store staff at participating Mia and Tanishq showrooms.""},{""image"":null,""title"":""After successful payment, the gift card is redeemed for product purchase.""}]","500","199999","2025-11-27T14:38:47.472+00:00","Both","Multiple","gift, card, brand","180"
"90def603-de63-40d6-8ef1-ec5698de32c1","RelianceSmart7tC8Gkkg6yBl3b96","Reliance Smart","E-Commerce","3.5","250,500,750,1000,1500,2000,2500,3000,5000,7500","Fixed","0","1","Refilling your groceries got smarter with Reliance Smart. One of the largest grocery retail chains, these stores offer dairy products, daily staples, and more with massive discounts. Plus, you get fashionable outfits, electronics, medications, and more. Reliance Smart gift cards are available with different denominations from GyFTR. Use these gift cards seamlessly to get your groceries and other necessities from Reliance Smart stores.","{""text"":""1.This Gift Voucher is issued by Reliance Retail Limited (Reliance). <br/>2.This Gift Voucher is redeemable, and it is valid only for a minimum period of 6 months from the date of receipt. <br/>3.Gift Voucher can be redeemed at Reliance SMART Stores in India. <br/>4.Gift Voucher can t be exchanged for cash. <br/>5.This Gift Voucher is not valid on purchase of Gold/Silver Coins. <br/>6.This Gift Voucher can be redeemed only once. Any unused amount will lapse. <br/>7.No extension of the Validity period nor refund of the value of Gift Voucher in case of failure to use the Gift Voucher on or before the validity period. <br/>8.Reliance shall not be responsible for loss or misuse of Gift Voucher and no duplicate or compensation in lieu of the Gift Voucher shall be given by Reliance. <br/>9.Reliance overall liability will not exceed the value of the Gift Voucher. <br/>10.Bearer of the Gift Voucher shall be deemed to have read, understood and accepted these terms and conditions. <br/>11.Bearer of the code of Gift Voucher is deemed to be the beneficiary of this Gift Voucher. Any redemption by the bearer of Gift Voucher shall be considered as a valid discharge of liabilities by Reliance. <br/>12.Reliance shall not be liable under any circumstances towards any loss or damage or expenses or cost or any third-party liability, whether directly or indirectly arising out of or in relation to use of Gift Voucher and redemption thereunder by the bearer. <br/>13.Reliance reserves its right to modify/amend the terms and conditions of the Gift Voucher at any time without prior notice and such modifications shall be binding on the user/bearer of the Gift Voucher. <br/>14.Any dispute with regard to Product liability, guarantee, warranty and quality of the Products to be purchased under redemption of the Gift Voucher shall be addressed to the respective Manufacturer/ Brand Owner and Reliance shall not be held responsible/liable for the same. The guarantee and warranty of the Products shall be transferred, as received from the respective Manufacturer/Distributor. <br/>15.In case of any issue faced by the Gift Voucher bearer, the Gift Voucher bearer can reach out to Customer service desk at the Stores or Customer Care at Toll free number 18008910001/18001027382 or Email at customerservice@ril.com. <br/>16.For any Reliance Retail GV queries / issues related to receiving of the voucher, please reach out to customer care via gvhelpdesk.com or customer care toll free number 18001033314 <br/>17.The Gift Voucher is binding for all applicable laws of India. <br/>18.All disputes are subject to the jurisdiction of courts at Mumbai only.""}","{""raw"":""https://at.valuedesign.co.in/media/uploads/products/RelianceSmart.jpeg""}","2025-11-27T14:38:48.620826+00:00",,"2025-11-27T14:38:48.620826+00:00","2025-11-27T20:13:25.695244+00:00",,"4b9e758e-7c45-4642-ac6e-641028f0d9a5","{""0"":""Gift Vouchers CAN be used to buy discounted products"",""1"":""Multiple Gift Vouchers CAN be used in one bill"",""2"":""Gift Vouchers CAN be used at all Listed Outlets on https://storelocator.ril.com."",""3"":""Gift Vouchers CANNOT be used online""}","[{""image"":null,""title"":""Visit listed outlet. You can locate the outlet on https: storelocator.ril.com.""},{""image"":null,""title"":""Select your choice of product""},{""image"":null,""title"":""Share the voucher code with the cashier before billing. You can make the balance payment by any other payment mode.""}]","0","0","2025-11-27T14:38:47.472+00:00","Offline","Multiple","one, products, get","180"
"6602cd6b-453e-481a-a76b-25b1f207ef14","TRUEFITTHILL6mc6O17hoWZEyxGE","TRUEFITT & HILL","Wellness & Beauty","23","500,1000,1500,2000,2500","Fixed","0","1","World?s oldest barbershop, Truefitt & Hill offers premium grooming essentials to discerning gentlemen. Sport a sharp & elegant look with their shaving products, skin and body care items, and colognes. We bring you Truefitt & Hill gift cards at the best prices. Redeem your gift cards on your next visit to one of the outlets of this luxury brand.","{""text"":""1.This is a TrueFitt & Hill Insta Gift Voucher (GV) / Gift Card (GC) and would be accepted at all TrueFitt & Hill stores (except Indira Nagar, Bengaluru) <br/>2.The holder of the Instant Gift Voucher is deemed to be the beneficiary. <br/>3.Beneficiaries should announce the intent of using the Instant Gift Voucher before making a purchase. <br/>4. TrueFitt & Hill Insta Gift Voucher (GV) / Gift Card (GC) are only applicable on services. Vouchers are not applicable on TrueFitt & Hill products. <br/>5.Only valid Instant Gift Vouchers at the sole discretion of TrueFitt & Hill shall be accepted for redemption. <br/>6.Multiple vouchers can be used against one bill. <br/>7.Instant Gift Voucher cannot be revalidated once expired. <br/>8.Truefitt & Hill or its affiliates are not responsible on account of the beneficiary sharing the Instant Gift voucher number and the voucher getting redeemed on that account. <br/>9.Truefitt & Hill may ask for a valid Government identity proof at the time of redeeming the voucher. <br/>10,Instant Gift Vouchers will be accepted across all mentioned outlets at its sole discretion and may add or remove an outlet from the list without giving any prior notice. <br/>11.Truefitt & Hill makes full efforts to accept all Instant Gift Vouchers but on account of technical / administrative reasons, an outlet may refuse to accept vouchers. <br/>12.This Instant Gift Voucher cannot be redeemed on specific block out dates. Truefitt & Hill may add or delete any date on its sole discretion. <br/>13.Truefitt & Hill or any of its partners would not be liable to pay any form of compensation etc on account of an outlet not being able to accept Instant Gift Voucher. The customer would be liable to settle the bill. <br/>14.If an Instant Gift Voucher gets blocked on account of technical issue, it would get activated in 72 hours. <br/>15.Any dispute should be referred to the company from where the Instant Gift Voucher has been received, decision of the company shall be final <br/>16.For any queries / issues related to GV / GC, raise a request at www.gvhelpdesk.com along with an email to feedback@truefittandhill.in""}","{""raw"":""https://at.valuedesign.co.in/media/uploads/products/TruefittHill.png""}","2025-11-27T14:38:48.620826+00:00",,"2025-11-27T14:38:48.620826+00:00","2025-11-27T20:13:25.783534+00:00",,"f5575e42-86a0-4616-9408-0f096d2da35f","{""0"":""Gift Vouchers are ACCEPTED at all Truefitt &amp; Hill stores (except Indira Nagar, Bengaluru)."",""1"":""Multiple vouchers can be used against one bill."",""2"":""TrueFitt &amp; Hill Insta Gift Voucher (GV) / Gift Card (GC) are only applicable on services. Vouchers are not applicable on TrueFitt &amp; Hill products."",""3"":""Visit https://www.gftr.it/tft to activate/add E-Pay Code to your account.""}","[{""image"":""https://at.valuedesign.co.in/media/uploads/products/TRUEFITT&HILL/1.png"",""title"":""Share the registered mobile number with cashier, once services are scanned for invoicing""},{""image"":""https://at.valuedesign.co.in/media/uploads/products/TRUEFITT&HILL/2.png"",""title"":""Cashier will confirm the available Gift Voucher and its balance Or share the voucher code with the cashier""},{""image"":null,""title"":""Confirm the amount to be used for redemption and proceed further. You can make the balance payment by any other payment mode.""}]","0","0","2025-11-27T14:38:47.463+00:00","Both","Multiple","offers, products, skin","365"
"f7779855-d0b9-4658-8c21-b81901b88416","EGCGBBLBY001","Blackberry E-Gift Card","E-Commerce","9","500-10000","Variable","0","1","At Blackberrys, we embrace the rich cultural vastness of India. We understand the varied gifting needs and bring to you, a wide selection of stylishly & sharply designed collections. From crisp shirts to wrinkle-free trousers and from smart ethnic to sharp suits that fit impeccably, Blackberrys’ range of products is designed to fit in every occasion! We assure you are in the right place to choose the perfect gift. Generate Blackberrys gift cards to be given to your loved ones as the ideal gift & help them get what their heart desires.","{""text"":""1.\tGift Cards are only redeemable at Blackberrys exclusive stores in India.\r\n2.\tGift card is not redeemable at www.blackberrys.com.\r\n3.\tThis Gift card is valid for one year from the date of issue.\r\n4.\tThis Gift card can be redeemed only once and in full, in case the value of the merchandise exceeds the value of card, the difference shall be paid by the bearer. No refunds / credit note shall be issued for unused part of the Gift card.\r\n5.\tGift Card carries no value until activated. This Gift Card shall be deemed active upon loading of fixed denominations of INR 500INR 1000, INR 2500, INR 5000, INR 7500 or INR 10,000. The maximum denomination per card is limited to INR 10,000.\r\n6.\tValid Gift Card in its original form (email) has to be presented at the time of availment at Blackberrys exclusive stores.\r\n7.\tGift Card is issued in Indian Rupees.\r\n8.\tThis Gift Card cannot be transferred for balance value or redeemed for cash.\r\n9.\tBlackberrys reserves the right to amend the terms at its discretion without prior notice.\r\nProtect the Gift card number to avoid misuse, Blackberrys shall neither replace the Gift card nor refund the cash.\r\n10.\tDisputes if any, shall be subject to exclusive jurisdiction of Delhi.\r\n11.\tNo replacement/compensation is permissible for lost Gift card.\r\n12.\tReach out to customersupport@blackberrys.com for any queries.""}","{""raw"":""https://giftbig.s3.amazonaws.com/microsite/product/EGCGBBLBY001/d/thumbnail/7640_microsite.jpg""}","2025-11-27T14:38:48.620826+00:00",,"2025-11-27T14:38:48.620826+00:00","2025-11-27T20:13:26.047483+00:00",,"4b9e758e-7c45-4642-ac6e-641028f0d9a5","{}","[{""image"":null,""title"":""Gift Cards are only redeemable at Blackberrys exclusive stores in India.""},{""image"":null,""title"":""Customer have to present the valid Gift Card in its original form (email) at the time of availment (transaction) at Blackberrys exclusive stores.""},{""image"":null,""title"":""Customer to pay balance amount (If any) using other available payment modes at Blackberrys exclusive stores.""}]","500","10000","2025-11-27T14:38:47.464+00:00","Online","Multiple","gift, card, india","365"
"3f9e27ec-6118-489b-af71-3c76838902a5","39FCSILVERIND","39 Silver IND","Gaming","6","39","Fixed","0","1","Available on Android and iOS. Age Rating 12+. EA SPORTS FC™ is here—the next chapter in The World's Game. Join us in building the future of football on a foundation of innovation and authenticity with more than 19,000 fully licensed players, 700 teams, and 30 leagues. Created for fans by fans, EA SPORTS FC is a new Football Club for the future of football we want to build together. Silver: can be used to buy in-game items such as Star Pass & Welcome Bundles. Silver Store: can be accessed from the in-game store under the Silver Category","{""text"":""1. Your use of this card is subject to the requirements printed on the card.\r\n2. This cards full terms and conditions are available at https://redeem.meplay.com/game/eafc. By purchasing, using or accepting this card you agree to all such requirements, full terms and conditions.\r\n3. Please note, FC Silver and FC Silver Accounts are region specific, which means you can only use the FC Silver codes specific to the region you have opened an account from. For example, if you have opened an account in Brazil, you can only purchase Brazil specific FC Silver Points for that region/country.\r\n4. Once you have loaded your FC Silver onto your account you are ready to play.\r\n5. Please be careful when selecting the regional code you wish to buy. Once a FC Silver Digital code leaves our secure inventory, we can no longer guarantee the validity of the code; therefore, after an order has been sent we cannot return or exchange it.\r\n6. FC Silver Codes have a 1 (one) year validity from date of purchase.""}","{""raw"":""https://at.valuedesign.co.in/media/uploads/products/Silver-39-8-IND.png""}","2025-11-27T14:38:48.620826+00:00",,"2025-11-27T14:38:48.620826+00:00","2025-11-27T20:13:26.396872+00:00",,"1bbf49a5-e8bf-475d-a1fd-e542d5597afe","{}","[]","0","0","2025-11-27T14:38:47.473+00:00","Both","1","silver, ind, world","365"
"681effaf-51d4-4bf9-b246-86ac626f85f8","5750FCPOINTSIND","5750 FC Points IND","Gaming","6","4499","Fixed","0","1","Available on Android and IOS. Age Rating 4+. Play through well known global tournaments with qualified and non qualified national teams. Train Football heroes- Train your favourite players increasing their stats and moving them to the next level!. Fast Game, Exciting goals- Score goals with the world best players using creative modes. Build momentum with precision passing-Dominate possession with new ways to pass, open up space and create attacking opportunities.","{""text"":""1. Your use of this card is subject to the requirements printed on the card.\r\n2. This cards full terms and conditions are available at https://redeem.meplay.com/game/eafc. By purchasing, using or accepting this card you agree to all such requirements, full terms and conditions.\r\n3. Please note, FC Points and FC Mobile Accounts are region specific, which means you can only use the FC Points codes specific to the region you have opened an account from. For example, if you have opened an account in Brazil, you can only purchase Brazil specific FC Points for that region/country.\r\n4. Once you have loaded your FC Points onto your account you are ready to play.\r\n5. Please be careful when selecting the regional code you wish to buy. Once a FC Points Digital code leaves our secure inventory, we can no longer guarantee the validity of the code; therefore, after an order has been sent we cannot return or exchange it.\r\n6. FC Points Codes have a 1 (one) year validity from date of purchase.""}","{""raw"":""https://at.valuedesign.co.in/media/uploads/products/FC-POINTS-5750-INR.png""}","2025-11-27T14:38:48.620826+00:00",,"2025-11-27T14:38:48.620826+00:00","2025-11-27T20:13:26.569518+00:00",,"1bbf49a5-e8bf-475d-a1fd-e542d5597afe","{}","[]","0","0","2025-11-27T14:38:47.474+00:00","Both","1","ind, football, players","365"
"30cfab06-a1f7-4588-a45e-1f3568a2b1db","999FCSILVERIND","999 Silver IND","Gaming","6","899","Fixed","0","1","Available on Android and iOS. Age Rating 12+. EA SPORTS FC™ is here—the next chapter in The World's Game. Join us in building the future of football on a foundation of innovation and authenticity with more than 19,000 fully licensed players, 700 teams, and 30 leagues. Created for fans by fans, EA SPORTS FC is a new Football Club for the future of football we want to build together. Silver: can be used to buy in-game items such as Star Pass & Welcome Bundles. Silver Store: can be accessed from the in-game store under the Silver Category","{""text"":""1. Your use of this card is subject to the requirements printed on the card.\r\n2. This cards full terms and conditions are available at https://redeem.meplay.com/game/eafc. By purchasing, using or accepting this card you agree to all such requirements, full terms and conditions.\r\n3. Please note, FC Silver and FC Silver Accounts are region specific, which means you can only use the FC Silver codes specific to the region you have opened an account from. For example, if you have opened an account in Brazil, you can only purchase Brazil specific FC Silver Points for that region/country.\r\n4. Once you have loaded your FC Silver onto your account you are ready to play.\r\n5. Please be careful when selecting the regional code you wish to buy. Once a FC Silver Digital code leaves our secure inventory, we can no longer guarantee the validity of the code; therefore, after an order has been sent we cannot return or exchange it.\r\n6. FC Silver Codes have a 1 (one) year validity from date of purchase.""}","{""raw"":""https://at.valuedesign.co.in/media/uploads/products/Silver-999-8-IND.png""}","2025-11-27T14:38:48.620826+00:00",,"2025-11-27T14:38:48.620826+00:00","2025-11-27T20:13:26.745851+00:00",,"1bbf49a5-e8bf-475d-a1fd-e542d5597afe","{}","[]","0","0","2025-11-27T14:38:47.474+00:00","Both","1","silver, ind, world","365"
"dcc17547-4c9d-4e27-80ef-358a537ff8ea","9999FCSILVERIND","9999 Silver IND","Gaming","6","8900","Fixed","0","1","Available on Android and iOS. Age Rating 12+. EA SPORTS FC™ is here—the next chapter in The World's Game. Join us in building the future of football on a foundation of innovation and authenticity with more than 19,000 fully licensed players, 700 teams, and 30 leagues. Created for fans by fans, EA SPORTS FC is a new Football Club for the future of football we want to build together. Silver: can be used to buy in-game items such as Star Pass & Welcome Bundles. Silver Store: can be accessed from the in-game store under the Silver Category","{""text"":""1. Your use of this card is subject to the requirements printed on the card.\r\n2. This cards full terms and conditions are available at https://redeem.meplay.com/game/eafc. By purchasing, using or accepting this card you agree to all such requirements, full terms and conditions.\r\n3. Please note, FC Silver and FC Silver Accounts are region specific, which means you can only use the FC Silver codes specific to the region you have opened an account from. For example, if you have opened an account in Brazil, you can only purchase Brazil specific FC Silver Points for that region/country.\r\n4. Once you have loaded your FC Silver onto your account you are ready to play.\r\n5. Please be careful when selecting the regional code you wish to buy. Once a FC Silver Digital code leaves our secure inventory, we can no longer guarantee the validity of the code; therefore, after an order has been sent we cannot return or exchange it.\r\n6. FC Silver Codes have a 1 (one) year validity from date of purchase.""}","{""raw"":""https://at.valuedesign.co.in/media/uploads/products/Silver-9999-8-IND.png""}","2025-11-27T14:38:48.620826+00:00",,"2025-11-27T14:38:48.620826+00:00","2025-11-27T20:13:26.922955+00:00",,"1bbf49a5-e8bf-475d-a1fd-e542d5597afe","{}","[]","0","0","2025-11-27T14:38:47.474+00:00","Both","1","silver, ind, world","365"
"32bb95d0-cc64-473b-aca1-dba8b1354c2f","HammerSvE7CzPPc6E0WChs","Hammer","Fashion & Lifestyle","23","250,500,1000,2000","Fixed","0","1","<p>Established in 2019, Hammer Lifestyle is a D2C and FMEG (Fast Moving Electronic Goods) brand. It was founded with the vision to revolutionize the personal technology space for its local consumers. It offers the most premium quality products that could match the active lifestyle of those who are always on the go. Hammer has expanded its portfolio to smart wireless and iOT devices right from wireless earbuds, wireless headphones, wireless earphones, to Bluetooth calling smartwatches. Thus, Hamm","{""text"":""1.This is a Hammer Insta Gift Voucher (GV) / Gift Card (GC) and would be accepted on https://hammeronline.in/. Vouchers are applicable only on Hammer website(hammeronline.in). <br/>2.Vouchers cannot be clubbed with any other coupon or voucher. <br/>3.The person who has the Hammer GV / GC Code is deemed to be the beneficiary. <br/>4.No credit note / refund for the unused balance amount of the GV / GC will be given. <br/>5.Any such unused balance amount shall stand lapsed automatically. <br/>6.Hammer GV / GC CANNOT be revalidated once expired or cancelled under any situations. <br/>7.Any dispute related to the GV / GC should be referred to the issuing company and the decision of the issuing company shall be final. In case of any legal disputes, the courts at Delhi shall have the exclusive jurisdiction. <br/>8.Hammer shall on best effort basis attempt to accept Insta Gift Vouchers (GV) / Gift Card (GC), but on account of any technical reason or for any reason beyond control of Hammer, GV / GC may not get accepted on the website and Hammer shall have no liability for the same. <br/>9.Hammer reserves the rights to edit/change the terms and conditions for the Insta Gift Voucher (GV) / Gift Card (GC) at any time without any notice or liability. <br/>10.Hammer has the final authority on the interpretation of these rules. <br/>11.Hammer reserves the right to withdraw Insta Gift Voucher (GV) / Gift Card (GC) scheme/offer before the completion of validity period without any notice or liability at its sole discretion. <br/>12.Hammer reserves the right to deny accepting any Insta Gift Voucher (GV) / Gift Card (GC), if it suspects that there is duplicity of cards. <br/>13.In no event the liability of Hammer for any claims shall exceed the value of the Insta Gift Voucher (GV) / Gift Card (GC) in dispute.""}","{""raw"":""https://at.valuedesign.co.in/media/uploads/products/Hammer.webp""}","2025-11-27T14:38:48.620826+00:00",,"2025-11-27T14:38:48.620826+00:00","2025-11-27T20:13:27.278304+00:00",,"4ead20e7-9a15-4b5f-bdb4-3ebafe4daf71","{""0"":""This is a Hammer Gift Voucher (GV) and would be accepted only on https://hammeronline.in"",""1"":""Only 1 Gift Voucher can be used in one transaction/order."",""2"":""No credit note/refund for the unused balance amount of the Gift Voucher will be given.""}","[{""image"":""https://at.valuedesign.co.in/media/uploads/products/Hammer/1.WEBP"",""title"":""Go to https://hammeronline.in""},{""image"":""https://at.valuedesign.co.in/media/uploads/products/Hammer/2.WEBP"",""title"":""Add product of your choice to the cart. Cilck on 'Buy Now' or Add to Cart""},{""image"":""https://at.valuedesign.co.in/media/uploads/products/Hammer/3.png"",""title"":""Apply the voucher code in GIFT CARD or DISCOUNT CODE section and click APPLY. The discount will be shown in the bill and the remaining payment (if any) can be made by another payment mode and accordingly order can be placed.""}]","0","0","2025-11-27T14:38:47.476+00:00","Offline","Multiple","lifestyle, brand","365"
"9488312b-dd8d-44ca-b29d-4d6f1eac5c9a","EGCGBFM001","FreshMenu E-Gift Card","Food & Beverages","3.75","1-10000","Variable","0","1","Freshmenu is the go-to neighbourhood food delivery option you can turn to when you're famished. Our chefs create a variety of plated meals on demand, to make sure that you are spoilt for choice. \r\nAt FreshMenu, all meals are crafted with the finest ingredients including farm fresh vegetables and meat","{""text"":""1.\tValid only in Bangalore, Delhi, Gurgaon, and Mumbai.\r\n2.\teGift Card can be used on Freshmenu website, App and M-site.\r\n3.\teGift Card will be valid for a period of up to 12 months from the date of issue.\r\n4.\tEntire eGift Card amount will be redeemed and credited to the Freshmenu wallet. After the amount is credited, it can be used across multiple orders.\r\n5.\teGift Card is not redeemable for cash or credit.\r\n6.\tIf the customer misplaces the eGift card, Freshmenu shall not be responsible to reimburse/refund.\r\n7.\tNo duplicate will be issued if the eGift card is lost or misplaced.\r\n8.\teGift Card cannot be re-validated once expired.\r\n9.\tThe holder of the eGift card is deemed to be the beneficiary.\r\n10.\tThe validity period of the eGift card will not be extended under any circumstances.\r\n11.\tAny dispute should be referred to Freshmenu and the decision of Freshmenu shall be final.\r\n12.\tIf eGift Card is purchased in a city not mentioned above, the amount will not be reimbursed/refunded""}","{""raw"":""https://giftbig.s3.amazonaws.com/microsite/product/EGCGBFM001/d/thumbnail/1509_microsite.jpg""}","2025-11-27T14:38:48.620826+00:00",,"2025-11-27T14:38:48.620826+00:00","2025-11-27T20:13:27.368779+00:00",,"ad8a9a7e-38c0-46f6-8ccd-b5a53ca270b3","{}","[{""image"":null,""title"":""Login to freshmenu Account.""},{""image"":null,""title"":""click your account.""},{""image"":null,""title"":""Select on Gift Card.""},{""image"":null,""title"":""Click on Redeem button.""},{""image"":null,""title"":""Enter Gift Card Number.""},{""image"":null,""title"":""Enter PIN.""},{""image"":null,""title"":""Click on Redeem to complete the addition of money to Freshmenu Wallet.""}]","1","10000","2025-11-27T14:38:47.476+00:00","Online","Multiple","gift, card, food","360"
"d3bb5b67-f35d-4098-a14a-0ee570d80e57","VALOGCVP1000-19","Valorant Gift Card 1000 VP","Gaming","7","871","Fixed","0","1","Valorant Gift Cards","{""text"":""""}","{""raw"":""https://athena-test-customer-assets.s3.ap-south-1.amazonaws.com/images/VALORANT_phx_jett.jpg""}","2025-11-27T14:38:48.620826+00:00",,"2025-11-27T14:38:48.620826+00:00","2025-11-27T20:13:32.369243+00:00",,"1bbf49a5-e8bf-475d-a1fd-e542d5597afe","{}","[]","0","0","2025-11-27T14:38:47.478+00:00","Online","1","gift, card","365"
"12212154-dd33-4a64-a685-b9f3f4008ea9","SonyPSINR8000","PlayS India INR 8000","Gaming","1.5","8000","Fixed","0","1","Easily add funds to your PlayStation®Network wallet without the need for a credit card. Top up your PSN wallet to purchase full games, add-on content and more through PlayStation®Store, accessible with your PS4, PS3 or PS Vita. Some of the great content you’ll find on PlayStation®Store includes, games, add-on content, avatars and themes.","{""text"":""1. Broadband, Wi-Fi or 3G internet connection required (system dependent). User is responsible for internet connection fees. \r\n2. Code redeemable only against the issuer by users holding an SEN account registered in respective region\r\n3. FPB 18 users must be SEN master account holders aged 18 & over. Aged 7 & over require parental consent if under 18.\r\n4. Online multiplayer functionality on PlayStation®4 is only available to users with a current paid-for PlayStation®Plus account. \r\n5. Voucher code issued by Sony Interactive Entertainment Network Europe Limited and expires 12 months from date of purchase\r\n6. Voucher code not redeemable for cash and cannot be resold or, exchanged""}","{""raw"":""https://at.valuedesign.co.in/media/uploads/products/_8000.png""}","2025-11-27T14:38:48.620826+00:00",,"2025-11-27T14:38:48.620826+00:00","2025-11-27T20:13:27.900039+00:00",,"1bbf49a5-e8bf-475d-a1fd-e542d5597afe","{}","[]","0","0","2025-11-27T14:38:47.479+00:00","Both","1","inr, add, playstation","360"
"b53bf6d2-1a4f-493c-b097-597a24110eb4","myUpcharMedicinesK289X5Lul0NGkzza","myUpchar Medicines","Wellness & Beauty","3.5","200,500,2000,5000","Fixed","0","1","myUpchar is an online healthcare solution that aims to reach all corners of India. This portal offers doorstep delivery of medications, along with online doctor consultations and high-quality health content. myUpchar Gift Cards and Gift Vouchers are available at discounted prices from GyFTR that you can easily redeem online on your next purchase.","{""text"":""1.This is myUpchar Insta Gift Voucher (GV)/Gift Card (GC) and would be applicable online at myUpchar website https://www.myupchar.com/ and on app <br/>2.The person who has the myUpchar GV/GV is deemed to be the beneficiary <br/>3.This is a ONE-Time use GV/GC <br/>4.No credit/Refund for the unused amount of the GV/GC will be given <br/>5.myUpchar GV/GC CANNOT be revalidated once expired <br/>6.myUpchar GV/GC can be utilised for the services in Pan India Cities <br/>7.myUpchar GV/GC can be clubbed with ongoing promotions <br/>8.Any dispute related to the GV/GC should be referred to the issuing company and the decision of the issuing company shall be final <br/>9.myUpchar makes full efforts to accept Insta Gift Vouchers (GV)/Gift Cards (GC), but on account of any technical reasons GV/GC may not be redeemed <br/>10.If an Insta Gift Voucher (GV)/Gift Card (GC) gets blocked on account of technical issue it would get enabled in 72 hours <br/>11.myUpchar GV/GC is ONLY applicable Medicines <br/>12.For any queries / issues related to GV / GC, raise a request at www.gvhelpdesk.com""}","{""raw"":""https://at.valuedesign.co.in/media/uploads/products/myUpcharMedicines.jpeg""}","2025-11-27T14:38:48.620826+00:00",,"2025-11-27T14:38:48.620826+00:00","2025-11-27T20:13:28.155968+00:00",,"f5575e42-86a0-4616-9408-0f096d2da35f","{""0"":""myUpchar GV/GC can be used online at <a href=https://www.myupchar.com/en/medicine/a>"",""1"":""myUpchar GV/GC is only applicable on Medicines"",""2"":""Multiple vouchers can be used in one transaction"",""3"":""myUpchar GV/GC can be clubbed with existing offers"",""4"":""Visit gftr.it to activate/add E-Pay Code to your account.""}","[{""image"":null,""title"":""Visit www.myupchar.com and log in using phone number""},{""image"":null,""title"":""Select the medicines to add to the cart""},{""image"":null,""title"":""Select Add/Redeem Gyftr E-Gift Card on the cart page""}]","0","0","2025-11-27T14:38:47.483+00:00","Online","Multiple","india, offers, health","365"
"b794ae5f-1189-4c60-926e-f9134d4b8642","WonderchefWkZ4LDebAUFKiJ4d","Wonderchef","Food & Beverages","14.5","500,1000,1500,2000,2500,3000,5000","Fixed","0","1","Wonderchef is a household Cookware, Bakeware, & Kitchen Tools brand. Use Wonderchef Gift Cards to enjoy discounts on premium quality appliances with a perfect blend of aesthetic designs & functionality. Buy Wonderchef Gift Cards to enjoy kitchen essentials at affordable prices.","{""text"":""1.This is a Wonderchef Insta Gift Voucher (GV) / Gift Card (GC) and would only be accepted at listed Wonderchef outlets. <br/>2. The person who has the Wonderchef GV / GC Code is deemed to be the beneficiary. <br/>3. Do inform the cashier that you plan to use the GV / GC for making payments before billing. <br/>4. Only the listed Wonderchef outlets at its sole discretion accept the GV / GC. Wonderchef may add or remove an outlet without giving any prior notice. <br/>5.No credit note/refund for the unused balance amount of the GV / GC will be given <br/>6.Any such unused balance amount shall remain in the EPay balance which can be utilized till the balance gets exhausted or expires. <br/>7. Wonderchef GV / GC CANNOT be revalidated once expired. <br/>8. Wonderchef GV / GC can be used during sale. <br/>9. Wonderchef GV / GC cannot be redeemed on specific block out dates. Wonderchef may add or delete any date on its sole discretion. <br/>10.Any dispute related to the GV / GC should be referred to the issuing company and the decision of the issuing company shall be final. <br/>11.Wonderchef makes full efforts to accept Insta Gift Vouchers (GV) / Gift Card (GC), but on account of any technical / administrative reasons an outlet may refuse to accept the same. <br/>12.If an Insta Gift Voucher (GV) /Gift Card (GC) gets blocked on account of technical issue, it would get enabled in 72 hours. <br/>13.For any queries / issues related to GV / GC, raise a request at www.gvhelpdesk.com""}","{""raw"":""https://at.valuedesign.co.in/media/uploads/products/Wonderchef.webp""}","2025-11-27T14:38:48.620826+00:00",,"2025-11-27T14:38:48.620826+00:00","2025-11-27T20:13:28.330183+00:00",,"ad8a9a7e-38c0-46f6-8ccd-b5a53ca270b3","{""0"":""Gift Vouchers are ACCEPTED at all Listed Outlets."",""1"":""For using multiple vouchers, customer will need to add the vouchers to their GV balance."",""2"":""Visit https://www.gftr.it to activate/add E-Pay Code to your account.""}","[{""image"":""https://at.valuedesign.co.in/media/uploads/products/Wonderchef/1.webp"",""title"":""Visit Wonderchef listed outlet. Share the registered mobile number with cashier, once products are scanned for invoicing""},{""image"":""https://at.valuedesign.co.in/media/uploads/products/Wonderchef/2.webp"",""title"":""Share the registered mobile number with cashier, once products are scanned for invoicing Cashier will confirm the available Gift Voucher and its balance. Or share the voucher code with the cashier.""},{""image"":null,""title"":""Confirm the amount to be used for redemption and proceed further. You can make the balance payment by any other payment mode.""}]","0","0","2025-11-27T14:38:47.484+00:00","Online","Multiple","gift, cards","365"
"15aeca59-236d-4cdb-aa03-9e9647176fa4","PrestigeHAdpYcEZORUrRy2s","Prestige","Food & Beverages","10","250,500,1000,2000,5000","Fixed","0","1","The brand?s reach means Prestige is India?s premium kitchen appliances company. Prestige delivers brand new designs of its products each year. And these are products which stand the test of time. Prestige gift cards and gift vouchers give customers a cashless shopping experience.","{""text"":""1.This is a Prestige Insta Gift Voucher (GV) / Gift Card (GC) and would only be accepted at listed Prestige smart kitchen outlets, Prestige Lifestyle stores, Prestige Website https://shop.ttkprestige.com/ For Outlet List, please visit www.gyftr.com/prestige <br/>2.Voucher is acceptable online at https://shop.ttkprestige.com/ <br/>3.The person who has the Prestige GV / GC Code is deemed to be the beneficiary. <br/>4.Do inform the cashier that you plan to use the GV / GC for making payments before billing. <br/>5.Only the listed Prestige outlets at its sole discretion accept the GV / GC. Prestige may add or remove an outlet without giving any prior notice. <br/>6.The GV / GC can only be redeemed towards the purchase of a product priced higher than or equal to the Gift Voucher value. <br/>7.More than one GV / GC can be used in one bill. <br/>8.This is a One-time use GV / GC. <br/>9.No Credit note / Refund for the unused amount of the GV / GC will be given. <br/>10.Prestige GV / GC CANNOT be revalidated once expired. <br/>11.Prestige GV / GC can be used during sale. <br/>12.Prestige GV / GC cannot be redeemed on specific block out dates. Prestige may add or delete any date on its sole discretion. <br/>13.Any dispute related to the GV / GC should be referred to the issuing company and the decision of the issuing company shall be final. <br/>14.Prestige makes full efforts to accept Insta Gift Vouchers (GV) / Gift Card (GC), but on account of any technical / administrative reasons an outlet may refuse to accept the same. <br/>15.If an Insta Gift Voucher (GV) /Gift Card (GC) gets blocked on account of technical issue, it would get enabled in 72 hours. <br/>16.For any queries / issues related to GV / GC, raise a request at www.gvhelpdesk.com""}","{""raw"":""https://at.valuedesign.co.in/media/uploads/products/Prestige.png""}","2025-11-27T14:38:48.620826+00:00",,"2025-11-27T14:38:48.620826+00:00","2025-11-27T20:13:28.58936+00:00",,"ad8a9a7e-38c0-46f6-8ccd-b5a53ca270b3","{""0"":""Gift Vouchers CAN be used to buy discounted products."",""1"":""Multiple Gift Vouchers CAN be used in one bill."",""2"":""Gift Vouchers are ACCEPTED at https://shop.ttkprestige.com & all Listed Outlets."",""3"":""Please visit the listed outlet and share the voucher code with the cashier at the time of billing."",""4"":""To use the Voucher code on the website, add the voucher code to your E-Pay balance. "",""5"":""Visit https://www.gftr.it to activate/add E-Pay Code to your account.""}","[{""image"":""https://at.valuedesign.co.in/media/uploads/products/Prestige/1.png"",""title"":""Select products of your choice, add to cart. Proceed to checkout.""},{""image"":""https://at.valuedesign.co.in/media/uploads/products/Prestige/2.png"",""title"":""Login via mobile number to use the gift card powered by Vouchagram. Use your Gift Card Balance, or add the gift voucher details manually.""},{""image"":null,""title"":""Enter the amount you want to use and proceed with paying the rest with cc/dc/nb.""}]","0","0","2025-11-27T14:38:47.485+00:00","Both","Multiple","india, its, gift","365"
"ff58ac91-35e7-4867-a4ce-1b2ac43e7121","MarksSpencerzc5OO1MIf5HWXFkJ","Marks & Spencer","Fashion & Lifestyle","11","1000,1500,2000,2500,3000,5000","Fixed","0","1","Marks and Spencer is a luxury brand that combines comfort and fashion with tasteful finishing touches. Whether it's finding a distinctive style, the perfect outfit, or staying on-trend, Marks and Spencer offers a diverse range. You can grab Marks and Spencer Gift Cards and Gift Vouchers from GyFTR. Redeem your Gift Card easily on your next purchase from the nearest outlet.","{""text"":""1.This is a Marks and Spencer Insta Gift Voucher (GV) / Gift Card (GC) and can be redeemed for any product at participating Marks and Spencer stores across India. <br/>2.The person who has the Marks and Spencer GV / GC is deemed to be the beneficiary. <br/>3.Do inform the cashier that you plan to use the GV / GC for making payments before billing. <br/>4.Validity period of the E-Gift voucher will not be extended under any circumstances. <br/>5.Marks and Spencer Insta Gift Voucher (GV) / Gift Card (GC) is redeemable only once and only by the bearer. <br/>6.Marks and Spencer Insta Gift Voucher (GV) / Gift Card (GC) must be redeemed in full and partial redemption is not allowed. <br/>7.Marks and Spencer Insta Gift Voucher (GV) / Gift Card (GC) is not redeemable for cash or credit nor can be exchanged for a gift voucher/gift card. <br/>8.More than one GV / GC can be used in one bill. <br/>9.Marks and Spencer GV / GC can be used during sale. <br/>10.No duplicate will be issued if Marks and Spencer E-Gift voucher is lost or misplaced. <br/>11.Any dispute should be referred to the company and decision of the company shall be final. <br/>12.Marks and Spencer Insta Gift Voucher (GV) / Gift Card (GC) has been issued subject to the terms of the company. <br/>13.Marks and Spencer makes full efforts to accept Insta Gift Vouchers (GV) / Gift Card (GC) but on account of any technical / administrative reasons an outlet may refuse to accept the same. <br/>14.For any concern or issues related to GV / GC, raise a request at www.gvhelpdesk.com""}","{""raw"":""https://at.valuedesign.co.in/media/uploads/products/MarksSpencer.png""}","2025-11-27T14:38:48.620826+00:00",,"2025-11-27T14:38:48.620826+00:00","2025-11-27T20:13:28.760358+00:00",,"4ead20e7-9a15-4b5f-bdb4-3ebafe4daf71","{""0"":""Gift Vouchers are ACCEPTED at all Listed Outlets."",""1"":""Gift Vouchers CAN be used during Sale."",""2"":""More than one GV / GC can be used in one bill.""}","[{""image"":""https://at.valuedesign.co.in/media/uploads/products/Marks&Spencer/1.webp"",""title"":""Use the outlet locator to locate the nearest outlet that accepts this Gift Voucher.\t""},{""image"":""https://at.valuedesign.co.in/media/uploads/products/Marks&Spencer/2.webp"",""title"":""Select your choice of product.\t""},{""image"":""https://at.valuedesign.co.in/media/uploads/products/Marks&Spencer/3.png"",""title"":""Share your Gift Voucher with the cashier at the time of billing & pay the remaining amount by cash or card if required.\t""}]","0","0","2025-11-27T14:38:47.486+00:00","Both","Multiple","brand, fashion, gift","365"
"efb679e6-e26b-4961-8615-15d69fb31f83","WildcraftnFbEc3ZPtx0SmhKT","Wildcraft","Fashion & Lifestyle","8","500,1000,2000,2500","Fixed","0","1","Choose Wildcraft for your outdoor adventures. This renowned brand offers ergonomically-designed rucksacks, outdoor-centric clothing, and all-terrain footwear. Wildcraft gift vouchers are available with different denominations. Redeem your voucher instantly on your next purchase from this brand.","{""text"":""1.This is a Wildcraft Insta Gift Voucher (GV) / Gift Card (GC) and would be accepted WILDCRAFT (company owned) stores only. <br/>2.The holder of the Instant Gift Voucher is deemed to be the beneficiary. <br/>3.Beneficiary should announce the intent of using the Instant Gift Voucher before making a purchase. <br/>4.Only valid Instant Gift Vouchers at the sole discretion of WILDCRAFT shall be accepted for redemption. <br/>5.Wildcraft Insta Gift Voucher balance should be mapped with the registered mobile number and transfer of balance is not possible, it will stand cancelled. <br/>6.Multiple vouchers can be used against one bill. <br/>7.Once the voucher gets added to the EPay balance, it can be utilized till the balance gets exhausted or expires. No credit note or refund for the unused balance amount will be given. <br/>8.Instant Gift Voucher cannot be revalidated once expired <br/>9.WILDCRAFTor its affiliates are not responsible on account of the beneficiary sharing the Instant Gift Voucher number and the voucher getting redeemed on that account <br/>10.The Brand may ask for a valid Government identity proof at the time of redeeming the voucher. <br/>11.Instant Gift Vouchers will be accepted across all mentioned outlets at its sole discretion. <br/>12.The Brand may add or remove an outlet from the list without giving any prior notice. <br/>13.WILDCRAFTmakes full efforts to accept all Instant Gift Vouchers but on account of technical / administrative reasons, an outlet may refuse to accept vouchers. <br/>14.This Instant Gift Voucher cannot be redeemed on specific block out dates. WILDCRAFT may add or delete any date on its sole discretion. <br/>15.WILDCRAFTor any of its partners would not be liable to pay any form of compensation etc on account of an outlet not being able to accept Instant Gift Voucher. The customer would be liable to settle the bill. <br/>16.If an Instant Gift Voucher gets blocked on account of technical issue, it would get activated in 72 hours. <br/>17.Any dispute should be referred to the company from where the Instant Gift Voucher has been received, decision of the company shall be final. <br/>18.For any queries / issues related to GV / GC, raise a request at www.gvhelpdesk.com""}","{""raw"":""https://at.valuedesign.co.in/media/uploads/products/Wildcraft.png""}","2025-11-27T14:38:48.620826+00:00",,"2025-11-27T14:38:48.620826+00:00","2025-11-27T20:13:29.192204+00:00",,"4ead20e7-9a15-4b5f-bdb4-3ebafe4daf71","{""0"":""Gift Vouchers are ACCEPTED at WILDCRAFT (company owned) stores only. "",""1"":""Gift Vouchers CAN be used during Sale."",""2"":""Multiple codes can be clubbed for single purchase."",""3"":""The e-voucher codes are unique and one time usage only."",""4"":""Visit https://www.gftr.it to activate/add E-Pay Code to your account.""}","[{""image"":""https://at.valuedesign.co.in/media/uploads/products/Wildcraft/1.png"",""title"":"" Use the outlet locator to locate the nearest outlet that accepts this Gift Voucher.""},{""image"":""https://at.valuedesign.co.in/media/uploads/products/Wildcraft/2.png"",""title"":"" Share the registered mobile number with cashier, once products are scanned for invoicing by the cashier""},{""image"":null,""title"":""Cashier to confirm the available Gift Voucher and its balance. Customer to confirm the amount to be used for redemption and proceed further for balance payment, if any Cashier to proceed with invoicing""}]","0","0","2025-11-27T14:38:47.487+00:00","Online","Multiple","brand, gift","365"
"d54d21b0-0f84-4436-b068-486e059f8137","EGCGBLBF004","Asia Seven Express E-Gift Card","Food & Beverages","7.5","500-50000","Variable","0","1","The Lion Head is a representation of the Royal State of Punjab. In Ancient India, Maharaja Ranjit Singh was bestowed with the title of Sher-e-Punjab which meant – The Lion of Punjab for his bravery and courage. It was during his era that the State and its people gained great prominence and became known for their bravery in the battle field. Punjab Grill is an endeavour by Lite Bite Foods to take our guests on a culinary journey into the grandeur of the Royal State of undivided Punjab.\r\nStreet Foods by Punjab Grill is the destination to experience our indigenous cuisine, culture & community. We bring the rich culinary experience to your taste buds. Savour mouth melting lazeez kebabs, gorge on aromatic matkadum biryani or brighten up the day with kulhadwali chai. The meal can be rounded with rich apple phirni. Inspired by the by lanes of India, the food prepared and served is presented in its hygienic avatar. It is also our effort to increase the usage of ecofriendly earthen ware.\r\nAsia Seven infuses an abundance of ingredients sourced from each region to enhance the traditional fare. Experience the vivid colours and aromatic flavours of Asia at our award - winning restaurant. While the famed and extensive dumplings range are at the heart of the menu, our culinary repertoire is much broader with a variety of noodles, wok-fried seafood & juicy spiced meat, all showcasing the finest of fresh seasonal produce.\r\nYOÜMEE is a reflection of an overall cultural interest in food and cooking. The place is not just about fiery battles and the story, it is about the language of vegetables, meat, spices, and herbs.\r\nLocated in Gurgaon, the ambience at Zambar is experiential and\r\npromises to show the different facets of Southern India through vibrant\r\ndelicacies and dynamic décor. The menu of Zambar is exhaustive going\r\nfar beyond the staple offering of sambar, dosa, vada and idli. There is a\r\nrange of vegetarian fusion dishes like Charcoal Tandoor SrilankanKotthu\r\nRoti, Andhra Tomato Pappu Dhal, the ChettinadKozhambhu,\r\nGobhiKempuBezule, KajuKothumir Wade or Zambar Dosa","{""text"":""1.\tRedeemable across all LBF outlets\r\n2.\tNot valid on 31st December.\r\n3.\tValid only on Dine in/take away.\r\n4.\tValidity 6 months from the date of issue.\r\n5.\tOnly one voucher can be redeemed in one bill\r\n6.\tVoucher Type : Digital.\r\n7.\tThis voucher cannot be club with any other offers running at outlets.\r\n8.\tThe voucher can be redeemed only once.\r\n9.\tThe intended recipient can use the voucher only and the voucher cannot be transferred to, resold to / exchanged with a third party or cannot be encashed.\r\n10.\tPrior reservation is recommended.\r\n11.\tA voucher will not be valid for use and may be rejected or cancelled at any time by Lite Bite Foods, if it reasonably believes there has been a breach of any condition. The voucher holder agrees it has no claim against Lite Bite Foods in the event of such rejection or cancellation.\r\n12.\tIn case you have misplaced or deleted the voucher, please email us on corpsales@lbf.co.in\""""}","{""raw"":""https://giftbig.s3.amazonaws.com/microsite/product/EGCGBLBF004/d/thumbnail/5965_microsite.jpg""}","2025-11-27T14:38:48.620826+00:00",,"2025-11-27T14:38:48.620826+00:00","2025-11-27T20:13:29.36456+00:00",,"ad8a9a7e-38c0-46f6-8ccd-b5a53ca270b3","{}","[{""image"":null,""title"":""Visit outlet""},{""image"":null,""title"":""Complete dining""},{""image"":null,""title"":""At time of billing present card number and pin to cashier""},{""image"":null,""title"":""In case card is valid and has balance cashier will redeem in Point of Sale and hand over invoice""}]","500","50000","2025-11-27T14:38:47.487+00:00","Both","Multiple","gift, card, punjab","180"
"9e30d787-b59a-42f7-8d7c-d2cbc2594589","EGCGBGJ002","Giva Jewellery Gold E-Gift Card","Jewellery","5","500-10000","Variable","0","1","GIVA is India's premier fine silver destination with a vision to support your embrace and enhance your versatility.","{""text"":""1.\tApplicable at GIVA Jewellery's website, and Exclusive Brand Outlets.\r\n2.\tThe Gift Cards are only valid on Gold, Gold Diamonds, and Silver Diamond Jewellery.\r\n3.\tGift Cards are not Valid on Silver & Gold Coins, Idols, and Utensils.\r\n4.\tOrders placed using Gift Cards cannot be modified\r\n5.\tValid only in India\r\n6.\tOnly valid on the GIVA Website & GIVA Exclusive Brand Outlets.\r\n7.\tRefunds for orders processed through Gift Cards will be credited to the GIVA Wallet.""}","{""raw"":""https://giftbig.s3.amazonaws.com/microsite/product/EGCGBGJ002/d/thumbnail/8473_microsite.jpg""}","2025-11-27T14:38:48.620826+00:00",,"2025-11-27T14:38:48.620826+00:00","2025-11-27T20:13:29.631626+00:00",,"be43af8c-2f42-47e3-b5a4-726427f2308f","{}","[{""image"":null,""title"":""Customer comes to www.giva.co""},{""image"":null,""title"":""Selects merchandise""},{""image"":null,""title"":""Contacts Giva Customer support - 7829558887 (10 AM to 6:30 PM) or mail to care@giva.co for Gift Card Redemption""},{""image"":null,""title"":""In case of the total bill value goes higher that GC Redemption value, customer is requested to opt for other mode of payment like credit / debit / wallet etc. for balance payment""}]","500","10000","2025-11-27T14:38:47.488+00:00","Online","Multiple","jewellery, gold, gift","365"
"7e39146a-8895-442d-b4a0-e6742f37590b","RAZGOLINR2500-82","INR 2500 Razer Gold Gift Card","Gaming","4.25","2500","Fixed","0","1","Razer Gold is a universal gaming wallet that lets you top up and purchase in-game content across a wide range of games. Use this gift card to recharge your Razer Gold balance and enjoy seamless payments in your favorite titles.","{""text"":""""}","{""raw"":""https://postimg.cc/SXhL5dY3""}","2025-11-27T14:38:48.620826+00:00",,"2025-11-27T14:38:48.620826+00:00","2025-11-27T20:13:30.075533+00:00",,"1bbf49a5-e8bf-475d-a1fd-e542d5597afe","{}","[]","0","0","2025-11-27T14:38:47.483+00:00","Online","1","inr, razer, gold","365"
"51469503-fc45-4974-8aba-7b7ea654e497","EGCGBAE001","American Eagle E-Gift Card","Fashion & Lifestyle","3.75","500-10000","Variable","0","1","American Eagle Outfitters® (NYSE: AEO) is a leading global specialty retailer offering high-quality and on-trend clothing. We are an inclusive, optimistic and empowering company that celebrates the individuality of our customers and associates. Our purpose is to show the world that there’s REAL power in the optimism of youth","{""text"":""1.\tThis EGC shall have a validity period of 1 year from the date of issuance\r\n2.\tThis E- Gift Card is redeemable on all merchandise at aeo.in and all exclusive American Eagle Outfitters stores across India\r\n3.\tThis E- Gift Card can be redeemed just once\r\n4.\tThis E- Gift Card holds no value until activated with a minimum purchase.\r\n5.\tThere is no extra fee to obtain this card\r\n6.\tPlease present the print out of this E- Gift Card to the customer relationship officer prior to billing or when you want to redeem the card when shopping from stores\r\n7.\tPlease use the card number and PIN for the E-Gift Card when shopping online\r\n8.\tThis card is not redeemable for cash or credit.\r\n9.\tIn case of a damaged card, a new card will be issued and loaded with the remaining value only after proof and authenticity is presented to any AE store.\r\n10.\tIf a card is lost or stolen neither will a new card be issued nor will the money be reimbursed in any manner.\r\n11.\tE-Gift Cards are normally delivered instantly. But sometimes due to system issues, the delivery can be delayed up-to 24 hours""}","{""raw"":""https://giftbig.s3.amazonaws.com/microsite/product/EGCGBAE001/d/thumbnail/2409_microsite.jpg""}","2025-11-27T14:38:48.620826+00:00",,"2025-11-27T14:38:48.620826+00:00","2025-11-27T20:13:30.165152+00:00",,"4ead20e7-9a15-4b5f-bdb4-3ebafe4daf71","{}","[{""image"":null,""title"":""ONLINE REDEMPTION-""},{""image"":null,""title"":""Once customer receives the 16-digit E-gift card number and 6-digit PIN. As shown in below screenshot. Below are the steps to redeem in aeo.in website. Step 1: Customer should open this link https://www.aeo.in/myaccount/wallet from the browser""},{""image"":null,""title"":""Step 2: If he is an existing customer they should login with e-mail ID / mobile number if he is a new customer they have to create an account.""},{""image"":null,""title"":""Step 3: Once customer logged-in they will land on below page. And they should click on button which is on right hand side “ADD GIFT CARD”""},{""image"":null,""title"":""Step 4: Once click of “ADD GIFT CARD” button a pop-up will appear where customer should enter the 16-digit e-gift card number and 6-digit PIN and click on “ADD TO ACCOUNT” button""},{""image"":null,""title"":""Step 5: Once the card is validated, the amount will be added to American Eagle Credits which indicates the E-gift card redemption is successful""},{""image"":null,""title"":""Step 6: Finally, customer can use this credits in checkout summary page in “APPLY COUPONS & PROMOTIONS” section.""},{""image"":null,""title"":""OFFLINE REDEMPTION-""},{""image"":null,""title"":""Step 1: Customer visit American Eagle Store""},{""image"":null,""title"":""Step 2: Customer completes shopping and proceeds to billing""},{""image"":null,""title"":""Step 3: Customer presents e-gift card code (card no and Pin) to Cashier""},{""image"":null,""title"":""Step 4: Cashier punches in bill""}]","500","10000","2025-11-27T14:38:47.489+00:00","Both","Multiple","gift, card","365"
"72c872f1-c41b-4996-b602-6e1a149751c7","EGCGBPFS001","Planet Fashion E-Gift Card","Fashion & Lifestyle","3.75","100-50000","Variable","0","1","Planet Fashion is a great boon for the discerning shopper. This brand has made shopping for casual and corporate work clothes from exclusive lifestyle brands truly easy.","{""text"":""1.\tThis E- Gift Card is solely for the use of purchasing merchandise at selected stores of Planet Fashion.\r\n2.\tPlease present the print out of this E- Gift Card to the customer relationship officer prior to billing or when you want to redeem the card.\r\n3.\tThis E- Gift Card can be redeemed only once.\r\n4.\tThis E- Gift Card is not valid until activated.\r\n5.\tThis E- Gift Card has to be used completely. Partial payment if done, the balance cannot be re-used.\r\n6.\tIf the E- Gift Card No & PIN is lost or stolen, neither a new card will be issued nor will the money be refunded.\r\n7.\tE- Gift Cards are normally delivered instantly. But sometimes due to system issues, the delivery can be delayed up-to 24 hours.\r\n8.\tNo returns and no refunds on gift cards, E- gift cards and gift vouchers shipped by woohoo.in. Please check the refund policy at http://www.woohoo.in/faq for further details.""}","{""raw"":""https://giftbig.s3.amazonaws.com/microsite/product/EGCGBPFS001/d/thumbnail/87_microsite.jpg""}","2025-11-27T14:38:48.620826+00:00",,"2025-11-27T14:38:48.620826+00:00","2025-11-27T20:13:30.345551+00:00",,"4ead20e7-9a15-4b5f-bdb4-3ebafe4daf71","{}","[{""image"":null,""title"":""Visit the outlet near you.""},{""image"":null,""title"":""Before making the purchase confirm about the acceptance of Gift Card at the store.""},{""image"":null,""title"":""Choose the products you would like to buy.""},{""image"":null,""title"":""Show your Gift Card details to the cashier at the time of billing & pay any balance amount by cash or card.""}]","100","50000","2025-11-27T14:38:47.49+00:00","Both","Multiple","fashion, gift, card","365"
"63cdd402-31c4-4f54-a175-497ff77041ab","EGCGBPCCGC001","PC Chandra Gems Gold Coin E-Gift Card","Jewellery","0.75","1000-10000","Variable","0","1","PC Chandra Gems Gold Coin E-Gift Card","{""text"":""1.\tThe P C Chandra Jewellery Coin Card Can be redeemed for all products at participating offline stores and webstore - www.pcchandraindia.com\r\n2.\tTreat this card like cash, it cannot be replaced if lost or stolen.\r\n3.\tThis Gift card is issued by P.C Chandra Jewellers and may only be used for making purchases at participating P.C Chandra Jewellers Showrooms and www.pcchandraindia.com.\r\n4.\tThe Gift Card will be valid for 6 months from the date of purchase/activation.\r\n5.\tP. C Chandra Jewellers will not replace or reimburse the value of your card with cash or equivalent, if it is lost, stolen or damaged or expired.\r\n6.\tP.C Chandra Jewellers reserves the rights to change the mentioned Gift Card terms and conditions at any time without giving any prior notice.\r\n7.\tThis card is not a credit card. This is one-time redeemable card, and cannot be used of multiple redemption\r\n8.\tThis card is the property of P C Chandra Jewellers. If found, please return to PC Chandra Jewellers showrooms (Addresses are available at the website)\r\n9.\tFor detailed terms and conditions, please login to the website www.pcchandraindia.com or contact us at +918010700400\r\n10.\tTo check the card balance visit any of the P C Chandra Jewelers outlet or alternatively you can also check at www.woohoo.in.""}","{""raw"":""https://giftbig.s3.amazonaws.com/microsite/product/EGCGBPCCGC001/d/thumbnail/8214_microsite.jpg""}","2025-11-27T14:38:48.620826+00:00",,"2025-11-27T14:38:48.620826+00:00","2025-11-27T20:13:30.432536+00:00",,"be43af8c-2f42-47e3-b5a4-726427f2308f","{}","[{""image"":null,""title"":""P C Chandra Gift Card Can be redeemed for all products at participating offline stores and website -  www.pcchandraindia.com""},{""image"":null,""title"":""For offline store redemption - Please present the Gift card before billing the products at the counter.""},{""image"":null,""title"":""For online website redemption - Select the products and add to cart. On checkout page, add the Gift card number & Pin number for making a payment (as one of the payment mode). ""},{""image"":null,""title"":""If the bill value (at offline & online outlet) is more than the Gift card value, remaining to be paid through other payments mode.""},{""image"":null,""title"":""Enter the gift card number and Pin on the checkout for redemption and add products to the cart. E gift card""},{""image"":null,""title"":""Proceed to checkout""}]","1000","10000","2025-11-27T14:38:47.49+00:00","Online","Multiple","gold, gift, card","180"
"74095ce0-1285-43f2-82b3-a26dfeaffa7f","EGCGBPOL001","Polar Bear E-Gift Cards","Food & Beverages","4.5","500-50000","Variable","0","1","Started in the year 2008, Polar Bear – The Ice Cream Sundae Zone is home to extraordinary Ice Cream Sundaes crafted with love and passion. Amazing products and world-class procedures coupled with innovation have made us the fastest growing ice-cream chain in India. In the last 12 years, Polar Bear has opened 90+ Ice Cream Sundaes Zones across South India providing the best Ice Cream Sundaes made using high quality ingredients, served in a clean & hygienic environment and served by a team of friendly & hospitable individuals. We follow stringent safety guideline to serve the safest product to our customers\r\nPolar Bear is a popular hangout destination for customers from different age groups with varied taste profiles who relish our welcoming parlour experience and with more than 90 menu offerings that include a wide range of Sundaes, Milkshakes, Cakes, Sandwiches and countless toppings it is heaven for Sundae Lovers. We are really proud of our ingredients and source the best. A lot of emphasis is given on Product Innovation and we try to launch new products on a regular basis. During the pandemic to help our customers experience our sundaes at home we launched our Pre packed sundae tubs which are inspired by the best-selling sundaes of Polar Bear. We also launched a variety of ice cream cakes for those at Home Celebrations","{""text"":""1.\tThe gift card is not a legal tender or replacement of credit / debit card\r\n2.\tThis card cannot be exchanged for cash or cheque\r\n3.\tThe holder of this card is deemed to be the beneficiary\r\n4.\tThis Gift card is valid for 1 year from the date of issue and cannot be revalidated\r\n5.\tThis Gift card can be redeemed only at Polar Bear Outlets\r\n6.\tRedemption on AGAVE @ Polar Bear Outlets: “one Gift-card/ bill, any value 500,1000 or 2000\r\n7.\tPolar Bear Electronics Cards must be redeemed at once in one single invoice\r\n8.\tIf the value of purchase bill is less than the value of gift card the balance is non-refundable Gift card bought once cannot be returned/refunded\r\n9.\tPolar Bear Outlets reserves the right to alter or suspend any gift card presented against a purchase, if they deem, at their sole discretion, provided that the code has been forged, defaced, or otherwise tempered\r\n10.\tIn case of return or refund, amount will be credited to customer’s gift card\r\n11.\tPolar Bear Outlets reserve the right to discontinue the gift card as product without any prior notice\r\n12.\tAny dispute should be referred to Bangalore jurisdiction and the decision of the company shall be final\r\n13.\tE-Gift Cards are normally delivered instantly. But sometimes due to system issues, the delivery can be delayed up-to 24 - 48 hours.\r\n14.\tNo returns and no refunds on gift cards, e-gift cards and gift vouchers shipped by woohoo.in. Please check the refund policy at http://www.woohoo.in/faq for further details""}","{""raw"":""https://giftbig.s3.amazonaws.com/microsite/product/EGCGBPOL001/d/thumbnail/2862_microsite.jpg""}","2025-11-27T14:38:48.620826+00:00",,"2025-11-27T14:38:48.620826+00:00","2025-11-27T20:13:30.603961+00:00",,"ad8a9a7e-38c0-46f6-8ccd-b5a53ca270b3","{}","[{""image"":null,""title"":""Customer needs to visit nearest store""},{""image"":null,""title"":""Post selection of the product inform the store manager on using Polar Bear Gift Card as payment mode""},{""image"":null,""title"":""On seeking card details store manager will complete process of redemption""},{""image"":null,""title"":""On successful validation of the gift card invoice value will get reduced with redeemed value""},{""image"":null,""title"":""Customer needs to pay balance amount (if any ) using alternate payment mode""}]","500","50000","2025-11-27T14:38:47.491+00:00","Both","Multiple","gift, cards, chain","365"
"6b442674-126a-4e37-acd1-fb0026029bab","ZENZOZEMO1090-45","Zenless Zone Zero 1090 MONOCHROME","Gaming","10.5","1304","Fixed","0","1","Zenless Zone Zero is an urban fantasy action RPG where players battle supernatural enemies in a post-apocalyptic city using fast-paced, stylish combat and a cast of unique characters.","{""text"":""1. Introduction\r\nThese Terms & Conditions (“T&C”) govern your use and redemption of Zenless Zone Zero gift cards. The cards are issued under the authority of COGNOSPHERE PTE. LTD. (“HoYoverse”, “we”, “us”) and are subject to the Zenless Zone Zero Terms of Service (https://zenless.hoyoverse.com/en-us/company/terms).\r\n\r\n2. Acceptance of Terms\r\nBy purchasing, using, or redeeming a gift card, you accept these T&C. Redemptions also require compliance with the official game TOS.\r\n\r\n3. Eligibility\r\n- Gift cards may be redeemed only in supported regions and through approved platforms.\r\n- HoYoverse reserves the right to limit or refuse redemption if any suspicious or unauthorized activity is detected.\r\n\r\n4. Gift Card Value & Expiry\r\n- Gift cards provide in-game credits or currency as specified on the card (e.g., Polychromes).\r\n- Gift cards do not expire unless local laws require otherwise.\r\n\r\n5. Redemption & Usage\r\n- Redemption must occur through official Zenless Zone Zero channels or affiliated platforms.\r\n- Once redeemed, credits are non-transferable and cannot be refunded or exchanged for cash.\r\n\r\n6. Refunds & Cancellations\r\n- All gift card purchases are final and non-refundable.\r\n- If any error occurs during redemption, users must contact HoYoverse support promptly.\r\n\r\n7. Fraud & Unauthorized Use\r\n- Fraudulent, stolen, or misused cards may be deactivated or confiscated without notice.\r\n- HoYoverse enforces anti-cheat and fair-use policies across all platforms.\r\n\r\n8. Intellectual Property\r\n- All branding, content, and assets associated with Zenless Zone Zero are the property of HoYoverse.\r\n- Use of such materials must comply with HoYoverse's brand and legal policies.\r\n\r\n9. Liability Limitation\r\n- Gift cards and their associated services are provided “as-is” without any warranty.\r\n- HoYoverse disclaims liability for indirect or consequential damages.\r\n\r\n10. Governing Law\r\n- These terms are governed by the laws of Singapore. Disputes shall be resolved under its jurisdiction.\r\n\r\n11. Updates to T&C\r\n- HoYoverse may modify these T&C at its discretion without prior notice.\r\n- Continued use after changes constitutes acceptance of the new terms.\r\n\r\n12. Contact Information\r\nFor gift card inquiries, contact Zenless Zone Zero support through the official game website.""}","{""raw"":""https://at.valuedesign.co.in/media/""}","2025-11-27T14:38:48.620826+00:00",,"2025-11-27T14:38:48.620826+00:00","2025-11-27T20:13:30.779216+00:00",,"1bbf49a5-e8bf-475d-a1fd-e542d5597afe","{}","[{""image"":null,""title"":""Go to the redemption website https://www.redeemcodenow.com.""},{""image"":null,""title"":""Enter your 16-digit voucher code.""},{""image"":null,""title"":""Enter your User ID select your Server and provide your email address.""},{""image"":null,""title"":""Click Redeem.""},{""image"":null,""title"":""If successful you’ll see a confirmation message and the in-game currency will be credited shortly.""}]","0","0","2025-11-27T14:38:47.473+00:00","Both","1","rpg, players","365"
"c481d95f-f670-4da3-9acd-0aacb5f409ab","EGCGBGJ001","Giva Jewellery E-Gift Card","Jewellery","14","500-50000","Variable","0","1","""GIVA is an online silver jewellery store featuring high-quality, affordable designs. GIVA offers perfect range of trendy fashion jewellery for your loved ones. Started in 2019, the platform aims to provide superior customer satisfaction and hopes to become one of India's leading silver jewellery brand. GIVA jewellery also provides pieces accompanied by an authenticity certificate that validates the purity of precious jewels. The enterprise provides doorstep delivery, secure checkout, 30-day returns, different payment methods along with free and insured delivery. They intend to bring the users something personal to express themselves best.""","{""text"":""1.\tApplicable at GIVA Jewellery's website, and Exclusive Brand Outlets.\r\n2.\tThe Gift Cards are only valid on Silver Jewellery, Perfumes and Candles.\r\n3.\tGift Cards are not Valid on Gold, Gold Diamonds, and Silver Diamond Jewellery, Silver & Gold Coins, Idols, and Utensils.\r\n4.\tOrders placed using Gift Cards cannot be modified\r\n5.\tValid only in India\r\n6.\tOnly valid on the GIVA Website and GIVA Exclusive Brand Outlets.\r\n7.\tRefunds for orders processed through Gift Cards will be credited to the GIVA Wallet""}","{""raw"":""https://giftbig.s3.amazonaws.com/microsite/product/EGCGBGJ001/d/thumbnail/4286_microsite.jpg""}","2025-11-27T14:38:48.620826+00:00",,"2025-11-27T14:38:48.620826+00:00","2025-11-27T20:13:30.956091+00:00",,"be43af8c-2f42-47e3-b5a4-726427f2308f","{}","[{""image"":null,""title"":""Customer comes to www.giva.co""},{""image"":null,""title"":""Selects merchandise""},{""image"":null,""title"":""Contacts Giva Customer support - 7829558887 (10 AM to 6:30 PM) or mail to care@giva.co for Gift Card Redemption""},{""image"":null,""title"":""In case of the total bill value goes higher that GC Redemption value, customer is requested to opt for other mode of payment like credit / debit / wallet etc. for balance payment""}]","500","50000","2025-11-27T14:38:47.492+00:00","Both","Multiple","jewellery, gift, card","365"
"cc95d20c-b51b-4f07-a912-a1bdd610a0e6","STBETHFALLOUT3GOTYIND","[Steam] Fallout 3: Game of the Year Edition IND","Gaming","9","899","Fixed","0","1","Fallout 3: Game of the Year Edition is an enhanced version of the original Fallout 3. The game includes all five DLCs. Set in post-apocalyptic Washington, D.C., players explore, make moral decisions, and engage in combat. The DLCs add new storylines, locations, and quests. This edition is considered the definitive version for Fallout 3.","{""text"":""1. Please be careful when selecting the regional code you wish to buy. Once the code leaves our secure inventory, we can no longer guarantee the validity of the code; therefore after an order has been sent we cannot return or exchange it.\r\n2. Codes have a 3 year validity from the date of purchase.\r\n3. Code will not be replaced by the brand or your retailer if the card is lost or stolen.\r\n4. Code cannot be exchanged for cash.""}","{""raw"":""https://at.valuedesign.co.in/media/uploads/products/Fallout-3-GOTY_XLO3VlV.png""}","2025-11-27T14:38:48.620826+00:00",,"2025-11-27T14:38:48.620826+00:00","2025-11-27T20:13:31.12942+00:00",,"1bbf49a5-e8bf-475d-a1fd-e542d5597afe","{}","[{""image"":null,""title"":""Download and installed the Steam Client on your computer.""},{""image"":null,""title"":""Run the Steam Client.""},{""image"":null,""title"":""Create an account on Steam or login if you already have one.""},{""image"":null,""title"":""Activate your purchased keys into your Steam account and install the game.""}]","0","0","2025-11-27T14:38:47.473+00:00","Both","1","steam, game, ind","1095"
"6a848dd1-c440-4821-8f9d-8a9c296689e5","HealthKartHPmCU3YbISIiXUeA","HealthKart","Wellness & Beauty","11","500,1000","Fixed","0","1","Healthkart is a leading health and wellness brand that offers a wide range of nutritional supplements, vitamins, and fitness products. With a commitment to providing high-quality and authentic products, Healthkart aims to empower individuals on their journey to better health and fitness. Their extensive product range, along with expert guidance and reliable customer service, makes Healthkart a trusted choice for health enthusiasts.","{""text"":""1.This is a HealthKart Insta Gift Voucher and would be accepted only at HealthKart.com and on app <br/>2.The person who has the HealthKart GV Code is deemed to be the beneficiary. <br/>3.Multiple Gift Vouchers can be used in one single purchase. You can add the vouchers in your HK account as HK Cash on HealthKart.com  <br/>4.HealthKart Gift Voucher is a One-time use Gift Voucher <br/>5.No Credit note / Refund for the unused amount of the HK Cash balance will be given <br/>6.HealthKart Gift Voucher CANNOT be revalidated once expired. <br/>7.HealthKart Gift Voucher CAN be used during the sale period <br/>8.If the order value exceeds the e-Gift Card amount, the balance must be paid by another payment option. <br/>9.Any dispute related to the GV should be referred to the issuing company and the decision of the issuing company shall be final. <br/>10.HealthKart makes full efforts to accept Insta Gift Vouchers (GV), but on account of any technical reasons GV may not be redeemed. <br/>11.For any queries / issues related to GV / GC, raise a request at www.gvhelpdesk.com""}","{""raw"":""https://at.valuedesign.co.in/media/uploads/products/HealthKart.png""}","2025-11-27T14:38:48.620826+00:00",,"2025-11-27T14:38:48.620826+00:00","2025-11-27T20:13:31.306073+00:00",,"f5575e42-86a0-4616-9408-0f096d2da35f","{""0"":"" HealthKart Insta Gift Voucher and would be accepted only at HealthKart.com and on app"",""1"":"" Multiple vouchers can be used in one transaction"",""2"":"" Gift Vouchers need to be added into HK Cash"",""3"":"" Gift Voucher CAN be clubbed with on-going promotions/offers.""}","[{""image"":""https://at.valuedesign.co.in/media/uploads/products/HealthKart/1.png"",""title"":""Customer can visit https://www.healthkart.com and login""},{""image"":""https://at.valuedesign.co.in/media/uploads/products/HealthKart/2.png"",""title"":""Click on account/user and go to HK Cash, enter your Gift Card no. under ?Avail HK Cash through Gift Card?""},{""image"":null,""title"":""Add the product of your choice in your cart and pay via HK Cash""}]","0","0","2025-11-27T14:38:47.492+00:00","Both","Multiple","health, wellness, brand","365"
"4efa1fe7-1ecb-4016-b3f5-4d71e3ddd0c7","EGCGBBBS001","Bigbasket E-Gift Card","Food & Beverages","3.5","50-5000","Variable","0","1","bigbasket.com (Innovative Retail Concepts Private Limited) is India’s largest online food and grocery store. With over 1,00,000 products and over a 1000 brands in our catalogue you will find everything you are looking for. Right from fresh Fruits and Vegetables, Rice and Dals, Spices and Seasonings to Packaged products, Beverages, Personal care products, Meats – we have it all. Choose from a wide range of options in every category, exclusively handpicked to help you find the best quality available at the lowest prices. Select a time slot for delivery and your order will be delivered right to your doorstep, across 450 cities and town. You can pay online using your debit / credit card or by cash / sodexo on delivery. We guarantee on time delivery, and the best quality!","{""text"":""1.\tValid only in cities and Pin codes where Big Basket & BB now are serviceable in. Please check if you are serviceable before purchasing gift cards.\r\n2.\tGift Card can be used on BB now, BigBasket website, App and M-site\r\n3.\tGift Card will be valid for a period of up to 12 months from the date of issue\r\n4.\tEntire Gift Card amount will be redeemed and credited to the bb wallet. After the amount is credited, it can be used across multiple orders.\r\n5.\tGift Card is not redeemable for cash or credit\r\n6.\tIf the customer misplaces the gift card, BigBasket shall not be responsible to reimburse / refund\r\n7.\tNo duplicate will be issued if the gift card is lost or misplaced\r\n8.\tGift Card cannot be re-validated once expired\r\n9.\tThe holder of the gift card is deemed to be the beneficiary\r\n10.\tValidity period of the gift card will not be extended under any circumstances\r\n11.\tAny dispute should be referred to BigBasket and the decision of BigBasket shall be final\r\n12.\tIf Gift Card is purchased in a city not mentioned above, amount will not be reimbursed/refunded\r\n13.\tE-Gift cards are normally delivered instantly. But sometimes due to system issues, the delivery can be delayed up-to 24 hours.\r\n14.\tNo returns and no refunds on E-Gift Cards, E-Gift Cards and eGift vouchers shipped by woohoo.in. Please check the refund policy at http://www.woohoo.in/faq for further details.\r\n15.\tIf a card is redeemed from a city that is not served by Big basket, refund will not be provided.""}","{""raw"":""https://giftbig.s3.amazonaws.com/microsite/product/EGCGBBBS001/d/thumbnail/733_microsite.jpg""}","2025-11-27T14:38:48.620826+00:00",,"2025-11-27T14:38:48.620826+00:00","2025-11-27T20:13:31.487739+00:00",,"ad8a9a7e-38c0-46f6-8ccd-b5a53ca270b3","{}","[{""image"":null,""title"":""Gift Card can be used on Bigbasket website, App and M-site where Bigbasket is present.""},{""image"":null,""title"":""Click on the link https://www.bigbasket.com/member/gift_cards/""},{""image"":null,""title"":""Enter your Gift Card Code and Gift Card PIN""},{""image"":null,""title"":""The value of the Gift Card gets added to bigbasket wallet""},{""image"":null,""title"":""Add products to the shopping cart and complete the payment by choosing bigbasket wallet payment option""}]","50","5000","2025-11-27T14:38:47.493+00:00","Both","Multiple","gift, card, india","360"
"993d2e20-5893-4241-aa78-b1664af738e0","GVGBHIS001","Himalaya e-Gift Voucher","Wellness & Beauty","4","100-10000","Variable","0","1","The Himalaya Drug Company was established in the 1930s, with a view of producing health tonics and pills. Today, Himalaya produces organic, skin-friendly shampoos, hand-sanitizers, lotions, tonics and much more that are used daily in many homes. A gift voucher from Himalaya speaks volumes to your gift recipient; it speaks of your care and thoughtfulness.","{""text"":""1.\tThis EGC shall have a validity period of 1 year from the date of issuance\r\n2.\tThis Gift Card can be redeemed only at participating exclusive Himalaya Outlets. For store locator please visit Himalaya website.\r\n3.\tThis e-gift card is redeemable only once and should be used in full.\r\n4.\tThe e-gift card cannot be used to purchase another e-gift card.\r\n5.\tE-gift card can also be clubbed with other promotions available on the website at that time.\r\n6.\tIf the order value exceeds the e-gift card amount, the balance must be paid by the other payment modes.\r\n7.\tE-Gift Cards are normally delivered instantly. But sometimes due to system issues, the delivery can be delayed up-to 24 hours.""}","{""raw"":""https://giftbig.s3.amazonaws.com/microsite/product/GVGBHIS001/d/thumbnail/48_microsite.jpg""}","2025-11-27T14:38:48.620826+00:00",,"2025-11-27T14:38:48.620826+00:00","2025-11-27T20:13:31.749373+00:00",,"f5575e42-86a0-4616-9408-0f096d2da35f","{}","[{""image"":null,""title"":""Visit the outlet near you.""},{""image"":null,""title"":""Before making the purchase confirm about the acceptance of Gift Card at the store.""},{""image"":null,""title"":""Choose the products you would like to buy.""},{""image"":null,""title"":""Show your Gift Card details to the cashier at the time of billing & pay any balance amount by cash or card.""}]","100","10000","2025-11-27T14:38:47.494+00:00","Online","Multiple","gift, company, health","365"
"ea067a72-280c-4881-ae57-2cd6b09003e5","STEAMTHDEIND832","[Steam] The Elder Scrolls IV: Oblivion Remastered - Deluxe Upgrade IND","Gaming","9","832","Fixed","0","1","","{""text"":""1. Please be careful when selecting the regional code you wish to buy. Once the code leaves our secure inventory, we can no longer guarantee the validity of the code; therefore after an order has been sent we cannot return or exchange it.\r\n2. Codes have a 3 year validity from the date of purchase.\r\n3. Code will not be replaced by the brand or your retailer if the card is lost or stolen.\r\n4. Code cannot be exchanged for cash.""}","{""raw"":""https://at.valuedesign.co.in/media/""}","2025-11-27T14:38:48.620826+00:00",,"2025-11-27T14:38:48.620826+00:00","2025-11-27T20:13:31.846925+00:00",,"1bbf49a5-e8bf-475d-a1fd-e542d5597afe","{}","[{""image"":null,""title"":""Download and installed the Steam Client on your computer.""},{""image"":null,""title"":""Run the Steam Client.""},{""image"":null,""title"":""Create an account on Steam or login if you already have one.""},{""image"":null,""title"":""Activate your purchased keys into your Steam account and install the game.""}]","0","0","2025-11-27T14:38:47.473+00:00","Online","1","steam, ind","1095"
"b0167d4d-46a5-4478-9970-a65b9a0aaf04","EGCGBAHJ001","Euphoria Gold Coin E-Gift Card","Jewellery","5","1000-49999","Variable","0","1","A.Himanshu Jewelery Pvt. Ltd. was setup by the entrepreneurial initiatives by the managers of A.Himanshu & Co to go a step further in servicing their diamond customers who wanted a tailor made end product rather than just the raw material. It’s a step taken in the lines of supplying diamonds from the mines to the high street.Since its origin in 2004, A.Himanshu Jewelery Pvt.Ltd. has maintained a tradition of trust and service, leading the evolution of the jewellery industry with unique energy and passion for the business.","{""text"":""1.\tThis e-Gift card is activated once issued.\r\n2.\tThis e-Gift Card is valid for 1 year from the date of activation/issuance and it cannot be further re-validated.\r\n3.\tThis e-Gift card is valid on all products and can be redeemed online at www.euphoriajewellery.in only.\r\n4.\tThis e-Gift card is allowed for one-time redemption only.\r\n5.\tAny unused balance on the e-Gift card will not be refunded or credited.\r\n6.\tThis e-Gift Card is non-encashable.\r\n7.\tBearer is responsible if an e-Gift Card is lost, stolen, destroyed or used without permission.\r\n8.\tThese terms & conditions are subject to change at any time, without any prior notice.\r\n9.\tIf the value of the purchase is less than the value of the Gift card, the balance is non-refundable.\r\n10.\tDifferent Offers/vouchers cannot be combined.""}","{""raw"":""https://at.valuedesign.co.in/media/""}","2025-11-27T14:38:48.620826+00:00",,"2025-11-27T14:38:48.620826+00:00","2025-11-27T20:13:31.936331+00:00",,"be43af8c-2f42-47e3-b5a4-726427f2308f","{}","[{""image"":null,""title"":""Visit www.euphoriajewellery.in""},{""image"":null,""title"":""Select the required product and click on add to cart. Once complete with the shopping click on View Cart""},{""image"":null,""title"":""Click on Qwikcilver Tab""},{""image"":null,""title"":""Enter the Card Number, Pin and Amount""},{""image"":null,""title"":""Respective amount will be deducted from the order value and the balance payable will be mentioned.""},{""image"":null,""title"":""Click on proceed to checkout. Enter your Billing Details and click on place order.""}]","1000","49999","2025-11-27T14:38:47.494+00:00","Online","Multiple","gold, gift, card","365"
"f1a53c47-9acd-4b53-9993-abebbda1d8f7","SIGREEmtlZTwTZicxG7vOa","SIGREE","Food & Beverages","12.5","250,500,1000,1500,2000,2500,3000,5000","Fixed","0","1","Experience the lost art of slow and smoked cooking at Sigree. This metropolitan restaurant chain is bound to refresh your taste buds with fresh flavors. Experience the flavors of Sigree with great offers using Gift Cards and Gift Vouchers.","{""text"":""1.This is a Speciality Restaurants (Mainland China, Machaan, Sigree, Oh! Calcutta and Sweet Bengal) Insta Gift Voucher (GV) / Gift Card (GC) and would be accepted at listed outlets. (For Outlet List, please visit www.gyftr.com ) <br/>2.The person who has the Speciality Restaurants GV / GC Code is deemed to be the beneficiary. <br/>3.Speciality Restaurants GV / GC cannot be clubbed with any other offer or voucher. <br/>4.Do inform the cashier that you plan to use the GV / GC for making payments before billing. <br/>5.Only the listed Speciality Restaurants outlets at its sole discretion accept the GV / GC. Speciality Restaurants may add or remove an outlet without giving any prior notice. <br/>6.More than one GV / GC can be used in one bill. <br/>7.This is a ONE time use GV / GC. <br/>8.No Credit note / Refund for the unused amount of the GV / GC will be given. <br/>9.Speciality Restaurants GV / GC CANNOT be revalidated once expired. <br/>10.Speciality Restaurants GV / GC is valid only on Food & Non-Alcoholic beverages <br/>11.Speciality Restaurants GV / GC cannot be redeemed on specific block out dates. Speciality Restaurants may add or delete any date on its sole discretion. <br/>12.Any dispute related to the GV / GC should be referred to the issuing company and the decision of the issuing company shall be final. <br/>13.Speciality Restaurants makes full efforts to accept Insta Gift Vouchers (GV) / Gift Card (GC), but on account of any technical / administrative reasons an outlet may refuse to accept the same. <br/>14.If an Insta Gift Voucher (GV) /Gift Card (GC) gets blocked on account of technical issue, it would get enabled in 72 hours. <br/>15.For any queries / issues related to GV / GC, raise a request at www.gvhelpdesk.com""}","{""raw"":""https://at.valuedesign.co.in/media/uploads/products/Sigree.png""}","2025-11-27T14:38:48.620826+00:00",,"2025-11-27T14:38:48.620826+00:00","2025-11-27T20:13:32.709451+00:00",,"ad8a9a7e-38c0-46f6-8ccd-b5a53ca270b3","{""0"":"" "",""1"":""Gift Vouchers CANNOT be used Online."",""2"":""Multiple Gift Vouchers CAN be used in one bill."",""3"":""Gift Vouchers CANNOT be used for Meal Combos."",""4"":""Gift Vouchers are ACCEPTED at all Listed Outlets.""}","[{""image"":""https://at.valuedesign.co.in/media/uploads/products/SIGREE/1.png"",""title"":""Visit the restaurant as per your Gift Voucher!! Inform the cashier about the Gift Voucher before ordering food.""},{""image"":""https://at.valuedesign.co.in/media/uploads/products/SIGREE/2.png"",""title"":""Order food & enjoy your meal!""},{""image"":null,""title"":""Provide the Gift Voucher to the cashier at the time of billing & pay remaining amount by card or cash if any""}]","0","0","2025-11-27T14:38:47.473+00:00","Offline","Multiple","experience, restaurant, chain","365"
"f7103c51-6355-4bfb-8a46-76593e109da6","RAZGOLINR2000-81","INR 2000 Razer Gold Gift Card","Gaming","4.25","2000","Fixed","0","1","Razer Gold is a universal gaming wallet that lets you top up and purchase in-game content across a wide range of games. Use this gift card to recharge your Razer Gold balance and enjoy seamless payments in your favorite titles.","{""text"":""""}","{""raw"":""https://postimg.cc/SXhL5dY3""}","2025-11-27T14:38:48.620826+00:00",,"2025-11-27T14:38:48.620826+00:00","2025-11-27T20:13:32.798739+00:00",,"1bbf49a5-e8bf-475d-a1fd-e542d5597afe","{}","[]","0","0","2025-11-27T14:38:47.482+00:00","Online","1","inr, razer, gold","365"
"d88098bc-8f1f-40ff-83f5-7ed3c4641853","FinuSmartSurakshah9Tb8VePO2qIUmyG","FinuSmart Suraksha","Wellness & Beauty","16","1000","Fixed","0","1","Finusmart is a wellness tech company providing customized wellness & healthcare benefits to all its members across all walks of life. As a FinuSmart member you are eligible for a wide range of exclusive, unique and affordable pocket sized health insurance benefit schemes. Use the Finusmart Gift Cards to avail all such amazing and exclusive benefits which are backed by India & leading healthcare and insurance companies","{""text"":""1.Cover Benefits of Suraksha Platinum: <br/>Benefit Payment of up to   10 Lakhs in case of Accidental Death or Disablement. Daily Cash Allowance for Accidental Hospitalisation. Additional Child Care benefits. <br/>Entry Age   18Yr to 65 Yr <br/>Sum Insured   10 Lakhs <br/>Temporary Total Disablement   10,000 per week for up to 100 weeks <br/>Exit Age   Life Long <br/>Repatriation of Mortal Remains   Up to 5000/- <br/>Hospital Cash Benefit (Daily Allowance)   Accidental Hospitalisation 1000/- per day <br/>Child Care Benefit   25000 per child (Maximum 2 children) <br/>Ambulance Cover   2000/- per Hospitalisation <br/>Cover Type - Individual / Self Only\"" <br/>2. Finusmart Gift Card (\""GC/GVs\"") CANNOT be revalidated once expired or cancelled under any circumstances <br/>3. Finusmart Gift Card (\""GC/GVs\"") are issued by VG, credit & debit cards issued outside India cannot be used to purchase Finusmart Gift Cards <br/>4. Finusmart GC/GV are redeemable across on www.finusmart.com <br/>5. The GC/GV's will expire within 365 days from the date of issuance of GC/GV <br/>6. GC/GV cannot be transferred for value or redeemed for cash or any other form of remuneration <br/>7. Finusmart or their affiliates are not responsible if GC/GV is lost, stolen, destroyed, or used without permission <br/>8. Multiple GV / GC/GV can be used in one bill/transaction. <br/>9. For Terms & Conditions on health & wellness solutions offered by Finusmart and to redeem, visit www.finusmart.com <br/>10. Any such unused balance amount shall stand lapsed automatically. <br/>11. Any dispute related to the GV / GC should be referred to the issuing company and the decision of the issuing company shall be final. In case of any legal disputes, the courts at New Delhi shall have the exclusive jurisdiction. <br/>12. For any queries / issues related to GV / GC, raise a request at www.gvhelpdesk.com""}","{""raw"":""https://at.valuedesign.co.in/media/uploads/products/FinuSmartSuraksha.jpeg""}","2025-11-27T14:38:48.620826+00:00",,"2025-11-27T14:38:48.620826+00:00","2025-11-27T20:13:32.193437+00:00",,"f5575e42-86a0-4616-9408-0f096d2da35f","{""0"":""Finusmart GV/GC are valid for 365 days from the date of purchase and carry no fees"",""1"":""Finusmart GV/GC cannot be returned or refunded"",""2"":""Finusmart GV/GC are redeemable across all healthcare and wellness solutions at https://www.finusmart.com"",""3"":""Multiple vouchers can be used against one bill"",""4"":""For using multiple vouchers, customer will need to add vouchers to Finusmart GV balance"",""5"":""Visit https://www.gftr.it to activate/add E-Pay Code to your account.""}","[{""image"":""https://at.valuedesign.co.in/media/uploads/products/FinuSmartSuraksha/1.jpeg"",""title"":""Visit https://www.finusmart.com to view the list of available micro-insurance plans.""},{""image"":""https://at.valuedesign.co.in/media/uploads/products/FinuSmartSuraksha/2.jpeg"",""title"":""Click on plan details and select a plan of your choice  to buy after reviewing the coverages. Provide your contact details and click next  (OTP may be requested) and the members' details post which you will be shown a membership number.""},{""image"":""https://at.valuedesign.co.in/media/uploads/products/FinuSmartSuraksha/3.png"",""title"":""Proceed to the summary page to do a final review of the plan selected & details submitted. Proceed to pay using the supported gift cards or any other sources supported by PayU. You will have options to add redeem your gift card in the payment page itself.""}]","0","0","2025-11-27T14:38:47.495+00:00","Both","1","wellness, company, range","365"
"90c3ec44-110c-4127-b896-728db2d01451","VALOGCVP2575-21","Valorant Gift Card 2575 VP","Gaming","7","2176","Fixed","0","1","Valorant Gift Cards","{""text"":""""}","{""raw"":""https://athena-test-customer-assets.s3.ap-south-1.amazonaws.com/images/VALORANT_phx_jett.jpg""}","2025-11-27T14:38:48.620826+00:00",,"2025-11-27T14:38:48.620826+00:00","2025-11-27T20:13:32.284531+00:00",,"1bbf49a5-e8bf-475d-a1fd-e542d5597afe","{}","[]","0","0","2025-11-27T14:38:47.477+00:00","Online","1","gift, card","365"
"e789cc78-7b1d-4b61-a161-47a1551b57d9","GENIMGECR3880-32","Genshin Impact 3880 Genesis Crystals","Gaming","13.5","4437","Fixed","0","1","Genshin Impact is an open-world action RPG that lets players explore the fantasy world of Teyvat, battle powerful foes, and uncover rich storylines.","{""text"":""1. Validity\r\n* Genshin Impact Gift Card codes are typically valid for up to 12 months from the date of purchase, unless stated otherwise. Once redeemed, the Genesis Crystals do not expire. \r\n\r\n2. Redemption Process:\r\na. Visit the redemption website: https://www.redeemcodenow.com.\r\nb. Enter your 16-digit voucher code.\r\nc. Enter your User ID, select your Server, and provide your email address.\r\nd. Click Redeem.\r\ne. Upon successful redemption, a confirmation message will appear, and the in-game currency will be credited shortly.\r\n\r\n3. Usage Restrictions\r\n* Gift Card funds are credited exclusively as in?game currency.\r\n* Cards cannot be exchanged for cash, reloaded, refunded, transferred, or sold for value.  \r\n\r\n4. No Expiry or Fees (Gift Card vs Balance)\r\n* The Gift Card code expires after 12 months from the date of purchase, but once redeemed, balance in your game account does not expire or incur fees. \r\n\r\n5. Lost, Stolen, or Unauthorized Use\r\n* Genshin Impact is not responsible for lost or stolen physical cards or digital codes.\r\n* No replacements or refunds will be issued once the code is redeemed or lost.\r\n\r\n6. Limited Liability\r\n* Genshin Impact reserves the right to refuse or void redemption in cases of fraud, chargebacks, or violations of platform rules or local laws.\r\n\r\n7. Regional Variations\r\n* Gift Cards may be region?locked. Only cards matching the user s account region will redeem successfully.\r\n\r\n8. Promotional Bonuses\r\n* Some Gift Cards may include bonus items (e.g., limited-time skins or membership perks).\r\n* Bonus items are one?per?account and subject to availability and promotional terms.\r\n\r\n9. General Legal\r\n* By redeeming or using a Gift Card, you agree to these T&C and the broader Genshin Impact Terms of Service and Privacy Policy.\r\n* Genshin Impact reserves the right to amend, suspend or terminate this T&C at any time.\r\n* Where required by law, certain clauses (e.g., liability, expiration) may not apply.""}","{""raw"":""https://at.valuedesign.co.in/media/""}","2025-11-27T14:38:48.620826+00:00",,"2025-11-27T14:38:48.620826+00:00","2025-11-27T20:13:32.455088+00:00",,"1bbf49a5-e8bf-475d-a1fd-e542d5597afe","{}","[{""image"":null,""title"":""Visit the redemption websitehttps://www.redeemcodenow.com.""},{""image"":null,""title"":""Enter your 16-digit voucher code.""},{""image"":null,""title"":""Enter your User ID select your Server and provide your email address.""},{""image"":null,""title"":""Click Redeem.""},{""image"":null,""title"":""Upon successful redemption a confirmation message will appear and the in-game currency will be credited shortly.""}]","0","0","2025-11-27T14:38:47.479+00:00","Online","1","world, rpg, players","360"
"7bc5d6d8-7a59-4bc9-853d-6591f02dc49e","EGCGBPCJ004","PCJ Diamond Jewellery E-Gift Card","Jewellery","4.5","1000-100000","Variable","0","1","It all started when PC Jeweller first opened its first showroom in 2005 in Karol Bagh, New Delhi with a vision to redefine elegance, allure and style in the form of stunning pieces of jewellery. Today we have physical presence at 93 showrooms across 73 cities and 20 states.\r\nSince its inception, the company has been a pioneer in designs as every product is crafted to a standard of perfection. Whether it is elaborate wedding jewellery or affordable wearables, PC Jeweller has fashioned exceptional designs with unmatched quality. Over time, timeless treasures from PC Jeweller have helped intimate moments become lifetime memories.\r\nCompany’s business model consists of setting up large format, stand alone showrooms at high street locations. Its stores stock a wide range of jewellery across all price points, with an increasing focus on diamond jewellery. The company sells only hallmarked jewellery and certified diamond jewellery. This assurance on quality and purity along with transparent and customer friendly policies have enabled PCJ to become an established and trusted brand name in a short time span.\r\nFrom sourcing of raw materials to the sale of the finished product, all our processes are integrated and aligned. We map out customer preferences and manufacture products in a way that leaves our customers spoilt for choice while making their purchases. Throughout the entire process, stringent quality measures are taken to ensure the purity, value and finish of the product. Our expertise extends to the possibilities of customized and personalized designs to help the customer find and design her or his perfect piece of jewellery.\r\nPC Jeweller has made a remarkable journey so far and has created a brand of its own with sustainable customer initiatives and unrivalled quality that loyal customers vouch for. With contemporary and classic designs aimed for longevity, we are committed to providing you the best buying experience using a collaborative approach across both online platform and showrooms.\r\nWe hope to continue being inspired and create the most desired jewels.","{""text"":""1.\tThis EGC shall have a validity period of 1 year from the date of issuance\r\nPC Jeweller Gift Card/ e-Gift Card is not valid until activated.\r\n2.\tThe Gift Card/ e-Gift Card can be purchased for variable denomination upto Rs. 1,00,000.\r\n3.\tValid Gift Card/ e-Gift Card in its original form has to be presented as a payment option at the time of making a purchase.\r\n4.\tMultiple transactions can be performed on a Gift Card / e-Gift Card until the value of the card is exhausted.\r\n5.\tA Gold Coin Card can be used to purchase Gold Coin/ Diamond Jewellery/ Gold Jewellery.\r\nA Gold Jewellery Card can be used to purchase Diamond Jewellery/ Gold Jewellery.\r\n6.\tA Diamond Jewellery Card can be used to purchase Diamond Jewellery only\r\nThe E- Gift Card’s will carry a card number and a PIN, which will be used for redemption / validation of the card and the amount. The PC Jeweller E- Gift Card is a bearer's card hence no OTP will be sent to the customer at the time of redemption.\r\n7.\tThe Gift Card/ e-Gift Card may be used at all PC Jeweller stores.\r\n8.\tThe Gift Card / e-Gift Card balance must be used within one year of the date of issue.\r\n9.\tAny unused balance will expire after one year from the date of issue.\r\n10.\tThis Gift Card/ e-Gift Card cannot be transferred for balance value or redeemed for cash.\r\nThis Gift Card/ e-Gift Card is cash equivalent. Qwikcilver, PC Jeweller or their affiliates are not responsible if this Gift Card is lost, stolen or destroyed or used without permission.\r\n11.\tNo refund, replacement or cash back would be considered against the Gift Card/ E-Gift Card.\r\n12.\tAny defaced, spoiled or cancelled physical Gift Card is termed invalid and shall not be accepted.\r\n13.\tAny dispute shall be referred to PC Jeweller and the decision of PC Jeweller will be final.\r\n14.\tSubject to the foregoing, these terms and conditions shall be subject to the jurisdiction of courts at New Delhi, India.\r\n15.\tPC Jeweller reserves the entitlement to amend these terms and conditions from time to time. Any change in these terms and conditions can be viewed on our website.\r\n16.\tNon-receipt of Gift Card post 7 days of receipt of dispatch confirmation has to be reported immediately or else Qwikcilver, PC Jeweller or their affiliates will not be liable for the misuse of the card.\r\n17.\tPurchase against the Gift Card will be subject to government prescribed limits for cash purchases.\r\n18.\tThis Gift card is acceptable only on Diamond Jewellery.""}","{""raw"":""https://giftbig.s3.amazonaws.com/microsite/product/EGCGBPCJ004/d/thumbnail/1142_microsite.jpg""}","2025-11-27T14:38:48.620826+00:00",,"2025-11-27T14:38:48.620826+00:00","2025-11-27T20:13:32.539374+00:00",,"be43af8c-2f42-47e3-b5a4-726427f2308f","{}","[{""image"":null,""title"":""Visit the outlet near you.""},{""image"":null,""title"":""Before making the purchase confirm about the acceptance of Gift Card at the store.""},{""image"":null,""title"":""Choose the jewellery you would like to buy.""},{""image"":null,""title"":""Show your Gift Card details to the cashier at the time of billing & pay any balance amount by cash or card.""}]","1000","100000","2025-11-27T14:38:47.481+00:00","Both","Multiple","diamond, jewellery, gift","365"
"35ca0a9b-207b-4c00-a4c4-e5cb87206cbd","2200FCPOINTSIND","2200 FC Points IND","Gaming","6","1799","Fixed","0","1","Available on Android and IOS. Age Rating 4+. Play through well known global tournaments with qualified and non qualified national teams. Train Football heroes- Train your favourite players increasing their stats and moving them to the next level!. Fast Game, Exciting goals- Score goals with the world best players using creative modes. Build momentum with precision passing-Dominate possession with new ways to pass, open up space and create attacking opportunities.","{""text"":""1. Your use of this card is subject to the requirements printed on the card.\r\n2. This cards full terms and conditions are available at https://redeem.meplay.com/game/eafc. By purchasing, using or accepting this card you agree to all such requirements, full terms and conditions.\r\n3. Please note, FC Points and FC Mobile Accounts are region specific, which means you can only use the FC Points codes specific to the region you have opened an account from. For example, if you have opened an account in Brazil, you can only purchase Brazil specific FC Points for that region/country.\r\n4. Once you have loaded your FC Points onto your account you are ready to play.\r\n5. Please be careful when selecting the regional code you wish to buy. Once a FC Points Digital code leaves our secure inventory, we can no longer guarantee the validity of the code; therefore, after an order has been sent we cannot return or exchange it.\r\n6. FC Points Codes have a 1 (one) year validity from date of purchase.""}","{""raw"":""https://at.valuedesign.co.in/media/uploads/products/FC-POINTS-2200-INR.png""}","2025-11-27T14:38:48.620826+00:00",,"2025-11-27T14:38:48.620826+00:00","2025-11-27T20:13:32.969755+00:00",,"1bbf49a5-e8bf-475d-a1fd-e542d5597afe","{}","[]","0","0","2025-11-27T14:38:47.474+00:00","Both","1","ind, football, players","365"
"6c6e8e40-a626-4121-a69f-22887b7022fd","STBETHFALLOUT4GOTYIND","[Steam] Fallout 4 - Game Of The Year IND","Gaming","9","1799","Fixed","0","1","This entry refers to the same Game of the Year Edition of Fallout 3. It offers the full experience with all DLCs. Players can explore the Capital Wasteland, customize their character, and engage in combat. The DLCs expand the story and introduce new gear. A highly acclaimed entry, it offers countless hours of gameplay.","{""text"":""1. Please be careful when selecting the regional code you wish to buy. Once the code leaves our secure inventory, we can no longer guarantee the validity of the code; therefore after an order has been sent we cannot return or exchange it.\r\n2. Codes have a 3 year validity from the date of purchase.\r\n3. Code will not be replaced by the brand or your retailer if the card is lost or stolen.\r\n4. Code cannot be exchanged for cash.""}","{""raw"":""https://at.valuedesign.co.in/media/uploads/products/Fallout-4-GOTY_x3RkNE2.png""}","2025-11-27T14:38:48.620826+00:00",,"2025-11-27T14:38:48.620826+00:00","2025-11-27T20:13:32.626275+00:00",,"1bbf49a5-e8bf-475d-a1fd-e542d5597afe","{}","[{""image"":null,""title"":""Download and installed the Steam Client on your computer.""},{""image"":null,""title"":""Run the Steam Client.""},{""image"":null,""title"":""Create an account on Steam or login if you already have one.""},{""image"":null,""title"":""Activate your purchased keys into your Steam account and install the game.""}]","0","0","2025-11-27T14:38:47.473+00:00","Online","1","steam, game, ind","1095"
"1c2a1632-45cc-4793-b806-29661432dc9b","499FCSILVERIND","499 Silver IND","Gaming","6","499","Fixed","0","1","Available on Android and iOS. Age Rating 12+. EA SPORTS FC™ is here—the next chapter in The World's Game. Join us in building the future of football on a foundation of innovation and authenticity with more than 19,000 fully licensed players, 700 teams, and 30 leagues. Created for fans by fans, EA SPORTS FC is a new Football Club for the future of football we want to build together. Silver: can be used to buy in-game items such as Star Pass & Welcome Bundles. Silver Store: can be accessed from the in-game store under the Silver Category","{""text"":""1. Your use of this card is subject to the requirements printed on the card.\r\n2. This cards full terms and conditions are available at https://redeem.meplay.com/game/eafc. By purchasing, using or accepting this card you agree to all such requirements, full terms and conditions.\r\n3. Please note, FC Silver and FC Silver Accounts are region specific, which means you can only use the FC Silver codes specific to the region you have opened an account from. For example, if you have opened an account in Brazil, you can only purchase Brazil specific FC Silver Points for that region/country.\r\n4. Once you have loaded your FC Silver onto your account you are ready to play.\r\n5. Please be careful when selecting the regional code you wish to buy. Once a FC Silver Digital code leaves our secure inventory, we can no longer guarantee the validity of the code; therefore, after an order has been sent we cannot return or exchange it.\r\n6. FC Silver Codes have a 1 (one) year validity from date of purchase.""}","{""raw"":""https://at.valuedesign.co.in/media/uploads/products/Silver-499-8-IND.png""}","2025-11-27T14:38:48.620826+00:00",,"2025-11-27T14:38:48.620826+00:00","2025-11-27T20:13:32.8832+00:00",,"1bbf49a5-e8bf-475d-a1fd-e542d5597afe","{}","[]","0","0","2025-11-27T14:38:47.473+00:00","Both","1","silver, ind, world","365"
"383a1d1e-ce24-4a12-b726-7de5be491321","SonyPSINR9000","PlayS India INR 9000","Gaming","1.5","9000","Fixed","0","1","Easily add funds to your PlayStation®Network wallet without the need for a credit card. Top up your PSN wallet to purchase full games, add-on content and more through PlayStation®Store, accessible with your PS4, PS3 or PS Vita. Some of the great content you’ll find on PlayStation®Store includes, games, add-on content, avatars and themes.","{""text"":""1. Broadband, Wi-Fi or 3G internet connection required (system dependent). User is responsible for internet connection fees. \r\n2. Code redeemable only against the issuer by users holding an SEN account registered in respective region\r\n3. FPB 18 users must be SEN master account holders aged 18 & over. Aged 7 & over require parental consent if under 18.\r\n4. Online multiplayer functionality on PlayStation®4 is only available to users with a current paid-for PlayStation®Plus account. \r\n5. Voucher code issued by Sony Interactive Entertainment Network Europe Limited and expires 12 months from date of purchase\r\n6. Voucher code not redeemable for cash and cannot be resold or, exchanged""}","{""raw"":""https://at.valuedesign.co.in/media/uploads/products/_9000.png""}","2025-11-27T14:38:48.620826+00:00",,"2025-11-27T14:38:48.620826+00:00","2025-11-27T20:13:33.143386+00:00",,"1bbf49a5-e8bf-475d-a1fd-e542d5597afe","{}","[]","0","0","2025-11-27T14:38:47.474+00:00","Both","1","inr, add, playstation","360"
"9c3d7720-4b59-4a04-999d-68cfc47deea5","SonyPSINR7000","PlayS India INR 7000","Gaming","1.5","7000","Fixed","0","1","Easily add funds to your PlayStation®Network wallet without the need for a credit card. Top up your PSN wallet to purchase full games, add-on content and more through PlayStation®Store, accessible with your PS4, PS3 or PS Vita. Some of the great content you’ll find on PlayStation®Store includes, games, add-on content, avatars and themes.","{""text"":""1. Broadband, Wi-Fi or 3G internet connection required (system dependent). User is responsible for internet connection fees. \r\n2. Code redeemable only against the issuer by users holding an SEN account registered in respective region\r\n3. FPB 18 users must be SEN master account holders aged 18 & over. Aged 7 & over require parental consent if under 18.\r\n4. Online multiplayer functionality on PlayStation®4 is only available to users with a current paid-for PlayStation®Plus account. \r\n5. Voucher code issued by Sony Interactive Entertainment Network Europe Limited and expires 12 months from date of purchase\r\n6. Voucher code not redeemable for cash and cannot be resold or, exchanged""}","{""raw"":""https://at.valuedesign.co.in/media/uploads/products/_7000.png""}","2025-11-27T14:38:48.620826+00:00",,"2025-11-27T14:38:48.620826+00:00","2025-11-27T20:13:33.232405+00:00",,"1bbf49a5-e8bf-475d-a1fd-e542d5597afe","{}","[]","0","0","2025-11-27T14:38:47.474+00:00","Both","1","inr, add, playstation","360"
"91a3e86a-865b-4af0-a4dc-65c51efb8602","12000FCPOINTSIND","12000 FC Points IND","Gaming","6","8900","Fixed","0","1","Available on Android and IOS. Age Rating 4+. Play through well known global tournaments with qualified and non qualified national teams. Train Football heroes- Train your favourite players increasing their stats and moving them to the next level!. Fast Game, Exciting goals- Score goals with the world best players using creative modes. Build momentum with precision passing-Dominate possession with new ways to pass, open up space and create attacking opportunities.","{""text"":""1. Your use of this card is subject to the requirements printed on the card.\r\n2. This cards full terms and conditions are available at https://redeem.meplay.com/game/eafc. By purchasing, using or accepting this card you agree to all such requirements, full terms and conditions.\r\n3. Please note, FC Points and FC Mobile Accounts are region specific, which means you can only use the FC Points codes specific to the region you have opened an account from. For example, if you have opened an account in Brazil, you can only purchase Brazil specific FC Points for that region/country.\r\n4. Once you have loaded your FC Points onto your account you are ready to play.\r\n5. Please be careful when selecting the regional code you wish to buy. Once a FC Points Digital code leaves our secure inventory, we can no longer guarantee the validity of the code; therefore, after an order has been sent we cannot return or exchange it.\r\n6. FC Points Codes have a 1 (one) year validity from date of purchase.""}","{""raw"":""https://at.valuedesign.co.in/media/uploads/products/FC-POINTS-12000-INR.png""}","2025-11-27T14:38:48.620826+00:00",,"2025-11-27T14:38:48.620826+00:00","2025-11-27T20:13:33.055875+00:00",,"1bbf49a5-e8bf-475d-a1fd-e542d5597afe","{}","[]","0","0","2025-11-27T14:38:47.474+00:00","Both","1","ind, football, players","365"
"2f73d663-a08b-4ba2-bfb8-4f5b6a8c543a","SonyPSINR12000","PlayS India INR 12000","Gaming","1.5","12000","Fixed","0","1","Easily add funds to your PlayStation®Network wallet without the need for a credit card. Top up your PSN wallet to purchase full games, add-on content and more through PlayStation®Store, accessible with your PS4, PS3 or PS Vita. Some of the great content you’ll find on PlayStation®Store includes, games, add-on content, avatars and themes.","{""text"":""1. Broadband, Wi-Fi or 3G internet connection required (system dependent). User is responsible for internet connection fees. \r\n2. Code redeemable only against the issuer by users holding an SEN account registered in respective region\r\n3. FPB 18 users must be SEN master account holders aged 18 & over. Aged 7 & over require parental consent if under 18.\r\n4. Online multiplayer functionality on PlayStation®4 is only available to users with a current paid-for PlayStation®Plus account. \r\n5. Voucher code issued by Sony Interactive Entertainment Network Europe Limited and expires 12 months from date of purchase\r\n6. Voucher code not redeemable for cash and cannot be resold or, exchanged""}","{""raw"":""https://at.valuedesign.co.in/media/uploads/products/_12000.png""}","2025-11-27T14:38:48.620826+00:00",,"2025-11-27T14:38:48.620826+00:00","2025-11-27T20:13:33.320257+00:00",,"1bbf49a5-e8bf-475d-a1fd-e542d5597afe","{}","[]","0","0","2025-11-27T14:38:47.474+00:00","Both","1","inr, add, playstation","360"
"71b95bd0-19fd-47e7-8f0d-6808266791a1","SpencersRetailJimsEyDxTB1O9Hsq","Spencer's Retail","Fashion & Lifestyle","4.5","100,250,500,1000,1500,2000","Fixed","0","1","Based on the 'Food First' format, Spencer's is a chain of retail stores. Present in 35+ Indian cities, Spencer's provides customers with imported, gourmet, meat, packaged, organic, et cetera food varieties under one roof. Choose Spencer's gift cards and gift vouchers for cashless shopping.","{""text"":""1.This is a Spencer s Insta Gift Voucher (GV) / Gift Card (GC) and would be accepted at listed Spencer s outlets only. <br/>2.The person who has the Spencer s GV / GC Code is deemed to be the beneficiary. <br/>3.Do inform the cashier that you plan to use the GV / GC for making payments before billing. <br/>4.This is a Spencer s Insta Gift Voucher (GV) / Gift Card (GC) and cannot be redeemed at WADIWADI, ALKAPURI VADODARA(BARODA)GUJARAT outlet. Only the listed Spencer s outlets at its sole discretion accept the GV / GC. Spencer s may add or remove an outlet without giving any prior notice. <br/>5.More than one GV / GC can be used in one bill. <br/>6.This is a ONE time use GV / GC. <br/>7.No Credit note / Refund for the unused amount of the GV / GC will be given. <br/>8.Spencer s GV / GC CANNOT be revalidated once expired. <br/>9.Spencer s GV / GC can be used during sale. <br/>10.Spencer s GV / GC is not applicable on bulk purchase & customized pricing. <br/>11.Spencer s GV / GC cannot be redeemed on specific block out dates. Spencer s may add or delete any date on its sole discretion <br/>12.Any dispute related to the GV / GC should be referred to the issuing company and the decision of the issuing company shall be final. <br/>13.Spencer s makes full efforts to accept Insta Gift Vouchers (GV) / Gift Card (GC), but on account of any technical / administrative reasons an outlet may refuse to accept the same. <br/>14.If an Insta Gift Voucher (GV) /Gift Card (GC) gets blocked on account of technical issue, it would get enabled in 72 hours. <br/>15.For any queries / issues related to GV / GC, raise a request at www.gvhelpdesk.com""}","{""raw"":""https://at.valuedesign.co.in/media/uploads/products/SpencersRetail.png""}","2025-11-27T14:38:48.620826+00:00",,"2025-11-27T14:38:48.620826+00:00","2025-11-27T20:13:33.495894+00:00",,"4ead20e7-9a15-4b5f-bdb4-3ebafe4daf71","{""0"":""Gift Vouchers are ACCEPTED at all listed outlets"",""1"":""Multiple Gift Vouchers CAN be used in one bill"",""2"":""Gift Vouchers CAN be clubbed with on-going promotions"",""3"":""Gift Vouchers CANNOT be redeemed Online""}","[{""image"":""https://at.valuedesign.co.in/media/uploads/products/Spencer'sRetail/1.jpeg"",""title"":""Use the outlet locator to locate the nearest outlet that accepts this Gift Voucher.""},{""image"":""https://at.valuedesign.co.in/media/uploads/products/Spencer'sRetail/2.jpeg"",""title"":""Select your choice of product.""},{""image"":null,""title"":""Share your Gift Voucher at the time of billing & pay the remaining amount by cash or card if required.""}]","0","0","2025-11-27T14:38:47.482+00:00","Both","Multiple","one, gift, cards","365"
"8a7075c7-6a7d-4703-a64a-f510d5143b21","1999FCSILVERIND","1999 Silver IND","Gaming","6","1799","Fixed","0","1","Available on Android and iOS. Age Rating 12+. EA SPORTS FC™ is here—the next chapter in The World's Game. Join us in building the future of football on a foundation of innovation and authenticity with more than 19,000 fully licensed players, 700 teams, and 30 leagues. Created for fans by fans, EA SPORTS FC is a new Football Club for the future of football we want to build together. Silver: can be used to buy in-game items such as Star Pass & Welcome Bundles. Silver Store: can be accessed from the in-game store under the Silver Category","{""text"":""1. Your use of this card is subject to the requirements printed on the card.\r\n2. This cards full terms and conditions are available at https://redeem.meplay.com/game/eafc. By purchasing, using or accepting this card you agree to all such requirements, full terms and conditions.\r\n3. Please note, FC Silver and FC Silver Accounts are region specific, which means you can only use the FC Silver codes specific to the region you have opened an account from. For example, if you have opened an account in Brazil, you can only purchase Brazil specific FC Silver Points for that region/country.\r\n4. Once you have loaded your FC Silver onto your account you are ready to play.\r\n5. Please be careful when selecting the regional code you wish to buy. Once a FC Silver Digital code leaves our secure inventory, we can no longer guarantee the validity of the code; therefore, after an order has been sent we cannot return or exchange it.\r\n6. FC Silver Codes have a 1 (one) year validity from date of purchase.""}","{""raw"":""https://at.valuedesign.co.in/media/uploads/products/Silver-1999-8-IND.png""}","2025-11-27T14:38:48.620826+00:00",,"2025-11-27T14:38:48.620826+00:00","2025-11-27T20:13:33.408128+00:00",,"1bbf49a5-e8bf-475d-a1fd-e542d5597afe","{}","[]","0","0","2025-11-27T14:38:47.474+00:00","Both","1","silver, ind, world","365"
"4a0d94eb-3aed-4c5a-834d-c06ffc50515a","NINTUSDARKTHRNS","Nintendo US - Dark Thrones","Gaming","9","649","Fixed","0","1","","{""text"":""1. Valid for the USA accounts only\r\n2. This card cannot be exchanged for cash. \r\n3. Card balances cannot be redeemed for cash or for third-party stored value, and are non-refundable unless required by law.\r\n4. Card balances will not be replaced by Nintendo or your retailer if the card is lost or stolen.\r\n5. For the purchase of games, software, and any other item you can purchase on Nintendo E-shop""}","{""raw"":""https://at.valuedesign.co.in/media/uploads/products/US-Dark-Throne---800x800.png""}","2025-11-27T14:38:48.620826+00:00",,"2025-11-27T14:38:48.620826+00:00","2025-11-27T20:13:33.673214+00:00",,"1bbf49a5-e8bf-475d-a1fd-e542d5597afe","{}","[{""image"":null,""title"":""Valid for the USA accounts only""},{""image"":null,""title"":""Select Nintendo eShop on the HOME Menu to launch the Nintendo eShop.""},{""image"":null,""title"":""Select the account you want to use.""},{""image"":null,""title"":""Select Enter Code on the left side of the screen.""},{""image"":null,""title"":""Enter the 16 character download code.""},{""image"":null,""title"":""Select OK to confirm.""},{""image"":null,""title"":""The game will begin downloading once the code is confirmed.""}]","0","0","2025-11-27T14:38:47.475+00:00","Online","1","gaming","365"
"cf425a02-ffb6-438e-a8c0-d00294f5ddca","SBP-BDT","Boditive","E-Commerce","12.5","50-200","Variable","0","1","Boditive is a menstrual health brand from Nagaland that empowers women with premium, sanitary pads while breaking stigmas and creating awareness.
Boditive is more than just a pad—it is dignity, confidence, and change for every menstruator.
With bamboo charcoal technology, Boditive pads offer comfort, hygiene, and sustainability— because every period deserves care that’s safe for women.
Boditive is not just a brand, it’s a movement. We educate, empower, and provide access to menstrual hygiene while challenging tabooo.","{""text"":""Eligibility and Acceptance\r\n\r\nBy purchasing, accepting, or using the Gift Card, you agree to these Terms & Conditions and acknowledge compliance with applicable laws and the platform's general Terms of Use.\r\n\r\nRedemption\r\n\r\nGift Cards are redeemable only for the purchase of eligible goods and services on this website.\r\n\r\nSome product categories (e.g., certain apps, global store products, other gift cards or vouchers) may be excluded from redemption.\r\n\r\nNon-Transferability\r\n\r\nUpon first redemption, the Gift Card links to the user’s account and becomes nontransferable.\r\nThe card cannot be assigned, sold, or transferred to another individual.\r\n\r\nValidity\r\n\r\nGift Cards are valid for 12 months from the date of issue or activation, unless stated otherwise. Expired cards and any associated balance are non-redeemable and nonrefundable.\r\n\r\nNon-Cash Exchange & Refunds\r\n\r\nGift Cards cannot be redeemed for cash, credit, or any other monetary value except where required by law. They are nonrefundable and cannot be returned or exchanged for monetary value or other gift\r\ncards.\r\n\r\nRestrictions\r\n\r\nGift Cards cannot be used to purchase other gift cards, pre-paid instruments, or vouchers.\r\n\r\nThey may not be combined with certain promotional offers, discounts, or coupons\r\nunless explicitly permitted. No Reload, Resale, or Reissue\r\n\r\nGift Cards cannot be reloaded, resold, or reissued once sold or redeemed, except as\r\nnecessary to comply with law.\r\n\r\nLost or Stolen Cards\r\n\r\nThe company is not responsible for lost, stolen, destroyed, or unauthorized use of the\r\nGift Card. Treat Gift Cards as cash because they will not be replaced or refunded if lost or\r\nstolen.\r\n\r\nPurchases and Balances\r\n\r\nIf the total order exceeds the Gift Card balance, the remainder must be paid using another payment method.\r\n\r\nYou can use multiple Gift Cards per transaction only if the platform allows. Some platforms may impose limits on the number or amount of Gift Cards used per transaction.\r\n\r\nReturns On Furcnases\r\n\r\nItems purchased with a Gift Card that are returned will have the refund credited back to the original Gift Card, subject to the site's return policy.\r\n\r\nValidity and Expiry\r\n\r\nValid for 12 months from issue/activation unless required by law to remain valid longer. Check your balance on the website.\r\n\r\nCompliance and Fraud\r\n\r\nUse of Gift Cards for fraudulent, deceptive, or unauthorized activities is strictly prohibited. The company reserves the right to cancel or block Gift Cards involved in such activities without notice.\r\n\r\nGoverning Law\r\n\r\nThese Terms & Conditions are governed by the laws applicable within the company’s jurisdiction.\r\n\r\nAmendment\r\n\r\nThe company reserves the right to change, modify, or amend these Terms & Conditions at any time without prior notice.\r\n\r\nContact\r\n\r\nFor questions regarding your Gift Card or to check your balance, please contact customer service through the website's help center\r\n\r\nSend a gift card or buy for yourself.\r\n\r\n1. Fill up the form with your details under Buy a gift card Hit Continue and make the payment.\r\n2. If payment is successful, the gift card details such as card number and pin will be sent to the email mentioned in Recipient Email.\r\n\r\nRecharge Gift Card\r\n\r\n1. To recharge your gift card select one of the amount(₹ 200, ₹ 500, ₹ 1000) given below the available balance and click Recharge.""}","{""raw"":""https://at.valuedesign.co.in/media/uploads/products/Boditive_Gift_Card.png""}","2025-11-27T14:38:48.620826+00:00",,"2025-11-27T14:38:48.620826+00:00","2025-11-27T20:13:33.846949+00:00",,"4b9e758e-7c45-4642-ac6e-641028f0d9a5","{}","[{""image"":null,""title"":""On your cart before checkout Head over to the gift card section and provide your card number pin and registered email along with the amount you would like to deduct from your card.""},{""image"":null,""title"":""Click on Redeem and you will able to see your balance and other details and the total after deduction.""},{""image"":null,""title"":""Check Gift Card Balance.""},{""image"":null,""title"":""To check your balance simply click on Check Balance and provide your card details.""}]","50","200","2025-11-27T14:38:47.475+00:00","Online","Multiple","e-commerce","360"
"7de5dc44-d083-4d55-9e09-4fadec07099c","NINTUSCLASRACEL","Nintendo US - Classic Racers Elite","Gaming","9","1199","Fixed","0","1","","{""text"":""1. Valid for the USA accounts only\r\n2. This card cannot be exchanged for cash. \r\n3. Card balances cannot be redeemed for cash or for third-party stored value, and are non-refundable unless required by law.\r\n4. Card balances will not be replaced by Nintendo or your retailer if the card is lost or stolen.\r\n5. For the purchase of games, software, and any other item you can purchase on Nintendo E-shop""}","{""raw"":""https://at.valuedesign.co.in/media/uploads/products/US-Classic-Racer-Elite---800x800.png""}","2025-11-27T14:38:48.620826+00:00",,"2025-11-27T14:38:48.620826+00:00","2025-11-27T20:13:33.58129+00:00",,"1bbf49a5-e8bf-475d-a1fd-e542d5597afe","{}","[{""image"":null,""title"":""Valid for the USA accounts only""},{""image"":null,""title"":""Select Nintendo eShop on the HOME Menu to launch the Nintendo eShop.""},{""image"":null,""title"":""Select the account you want to use.""},{""image"":null,""title"":""Select Enter Code on the left side of the screen.""},{""image"":null,""title"":""Enter the 16 character download code.""},{""image"":null,""title"":""Select OK to confirm.""},{""image"":null,""title"":""The game will begin downloading once the code is confirmed.""}]","0","0","2025-11-27T14:38:47.475+00:00","Online","1","gaming","365"
"73bf615e-ea27-40dd-99ba-5262d97acbaf","SonyPSINR1000","Plays India INR 1000","Gaming","1.5","1000","Fixed","0","1","Easily add funds to your PlayStation®Network wallet without the need for a credit card. Top up your PSN wallet to purchase full games, add-on content and more through PlayStation®Store, accessible with your PS4, PS3 or PS Vita. Some of the great content you’ll find on PlayStation®Store includes, games, add-on content, avatars and themes.","{""text"":""1. Broadband, Wi-Fi or 3G internet connection required (system dependent). User is responsible for internet connection fees. \r\n2. Code redeemable only against the issuer by users holding an SEN account registered in respective region\r\n3. FPB 18 users must be SEN master account holders aged 18 & over. Aged 7 & over require parental consent if under 18.\r\n4. Online multiplayer functionality on PlayStation®4 is only available to users with a current paid-for PlayStation®Plus account. \r\n5. Voucher code issued by Sony Interactive Entertainment Network Europe Limited and expires 12 months from date of purchase\r\n6. Voucher code not redeemable for cash and cannot be resold or, exchanged""}","{""raw"":""https://at.valuedesign.co.in/media/uploads/products/_1000.png""}","2025-11-27T14:38:48.620826+00:00",,"2025-11-27T14:38:48.620826+00:00","2025-11-27T20:13:33.758298+00:00",,"1bbf49a5-e8bf-475d-a1fd-e542d5597afe","{}","[]","0","0","2025-11-27T14:38:47.475+00:00","Both","1","inr, add, playstation","360"
"30825265-6375-45ef-8b29-8753b62bc383","SonyPSINR4000","Plays India INR 4000","Gaming","1.5","4000","Fixed","0","1","Easily add funds to your PlayStation®Network wallet without the need for a credit card. Top up your PSN wallet to purchase full games, add-on content and more through PlayStation®Store, accessible with your PS4, PS3 or PS Vita. Some of the great content you’ll find on PlayStation®Store includes, games, add-on content, avatars and themes.","{""text"":""1. Broadband, Wi-Fi or 3G internet connection required (system dependent). User is responsible for internet connection fees. \r\n2. Code redeemable only against the issuer by users holding an SEN account registered in respective region\r\n3. FPB 18 users must be SEN master account holders aged 18 & over. Aged 7 & over require parental consent if under 18.\r\n4. Online multiplayer functionality on PlayStation®4 is only available to users with a current paid-for PlayStation®Plus account. \r\n5. Voucher code issued by Sony Interactive Entertainment Network Europe Limited and expires 12 months from date of purchase\r\n6. Voucher code not redeemable for cash and cannot be resold or, exchanged""}","{""raw"":""https://at.valuedesign.co.in/media/uploads/products/_4000.png""}","2025-11-27T14:38:48.620826+00:00",,"2025-11-27T14:38:48.620826+00:00","2025-11-27T20:13:34.024505+00:00",,"1bbf49a5-e8bf-475d-a1fd-e542d5597afe","{}","[]","0","0","2025-11-27T14:38:47.475+00:00","Both","1","inr, add, playstation","360"
"7ec9f32a-df82-4aa3-8077-37849d96264a","SonyPSINR3000","Plays India INR 3000","Gaming","1.5","3000","Fixed","0","1","Easily add funds to your PlayStation®Network wallet without the need for a credit card. Top up your PSN wallet to purchase full games, add-on content and more through PlayStation®Store, accessible with your PS4, PS3 or PS Vita. Some of the great content you’ll find on PlayStation®Store includes, games, add-on content, avatars and themes.","{""text"":""1. Broadband, Wi-Fi or 3G internet connection required (system dependent). User is responsible for internet connection fees. \r\n2. Code redeemable only against the issuer by users holding an SEN account registered in respective region\r\n3. FPB 18 users must be SEN master account holders aged 18 & over. Aged 7 & over require parental consent if under 18.\r\n4. Online multiplayer functionality on PlayStation®4 is only available to users with a current paid-for PlayStation®Plus account. \r\n5. Voucher code issued by Sony Interactive Entertainment Network Europe Limited and expires 12 months from date of purchase\r\n6. Voucher code not redeemable for cash and cannot be resold or, exchanged""}","{""raw"":""https://at.valuedesign.co.in/media/uploads/products/_3000.png""}","2025-11-27T14:38:48.620826+00:00",,"2025-11-27T14:38:48.620826+00:00","2025-11-27T20:13:34.203439+00:00",,"1bbf49a5-e8bf-475d-a1fd-e542d5597afe","{}","[]","0","0","2025-11-27T14:38:47.476+00:00","Both","1","inr, add, playstation","360"
"f9f09ebe-cca2-483d-a8d0-a697b33d8416","SweetBengalQYSbwqeK5gDNQdDJ","Sweet Bengal","Food & Beverages","12.5","250,500,1000,1500,2000,5000","Fixed","0","1","Sweet Bengal is India?s premium destination for sweet dishes. The brand brings authentic Bengali dishes to people in the metropolitan cities. Don?t forget to order their signature rasgullas and gulab jamuns the next time you visit them. Sweet Bengal Gift Cards and Gift Vouchers give customers a cashless shopping experience.","{""text"":""1.This is a Speciality Restaurants (Mainland China, Machaan, Sigree, Oh! Calcutta and Sweet Bengal) Insta Gift Voucher (GV) / Gift Card (GC) and would be accepted at listed outlets. (For Outlet List, please visit www.gyftr.com ) <br/>2.The person who has the Speciality Restaurants GV / GC Code is deemed to be the beneficiary. <br/>3.Speciality Restaurants GV / GC cannot be clubbed with any other offer or voucher. <br/>4.Do inform the cashier that you plan to use the GV / GC for making payments before billing. <br/>5.Only the listed Speciality Restaurants outlets at its sole discretion accept the GV / GC. Speciality Restaurants may add or remove an outlet without giving any prior notice. <br/>6.More than one GV / GC can be used in one bill. <br/>7.This is a ONE time use GV / GC. <br/>8.No Credit note / Refund for the unused amount of the GV / GC will be given. <br/>9.Speciality Restaurants GV / GC CANNOT be revalidated once expired. <br/>10.Speciality Restaurants GV / GC is valid only on Food & Non-Alcoholic beverages <br/>11.Speciality Restaurants GV / GC cannot be redeemed on specific block out dates. Speciality Restaurants may add or delete any date on its sole discretion. <br/>12.Any dispute related to the GV / GC should be referred to the issuing company and the decision of the issuing company shall be final. <br/>13.Speciality Restaurants makes full efforts to accept Insta Gift Vouchers (GV) / Gift Card (GC), but on account of any technical / administrative reasons an outlet may refuse to accept the same. <br/>14.If an Insta Gift Voucher (GV) /Gift Card (GC) gets blocked on account of technical issue, it would get enabled in 72 hours. <br/>15.For any queries / issues related to GV / GC, raise a request at www.gvhelpdesk.com""}","{""raw"":""https://at.valuedesign.co.in/media/uploads/products/SweetBengal.png""}","2025-11-27T14:38:48.620826+00:00",,"2025-11-27T14:38:48.620826+00:00","2025-11-27T20:13:33.934552+00:00",,"ad8a9a7e-38c0-46f6-8ccd-b5a53ca270b3","{""0"":""\t"",""1"":""Gift Vouchers CANNOT be used Online."",""2"":""Multiple Gift Vouchers CAN be used in one bill."",""3"":""Gift Vouchers CANNOT be used for Meal Combos."",""4"":""Gift Vouchers are ACCEPTED at all Listed Outlets.""}","[{""image"":""https://at.valuedesign.co.in/media/uploads/products/SweetBengal/1.png"",""title"":""Visit the restaurant mentioned in your Gift Voucher. Inform the cashier about the Gift Voucher before ordering food.""},{""image"":""https://at.valuedesign.co.in/media/uploads/products/SweetBengal/2.png"",""title"":""Order food & enjoy your meal!""},{""image"":null,""title"":""Provide the Gift Voucher to the cashier at the time of billing & pay the remaining amount by card or cash if required.""}]","0","0","2025-11-27T14:38:47.475+00:00","Both","Multiple","india, their, gift","365"
"343ebed4-3b41-4e22-9313-89bd6e89a439","SonyPSINR13500","PlayS India INR 13500","Gaming","1.5","13500","Fixed","0","1","Easily add funds to your PlayStation®Network wallet without the need for a credit card. Top up your PSN wallet to purchase full games, add-on content and more through PlayStation®Store, accessible with your PS4, PS3 or PS Vita. Some of the great content you’ll find on PlayStation®Store includes, games, add-on content, avatars and themes.","{""text"":""1. Broadband, Wi-Fi or 3G internet connection required (system dependent). User is responsible for internet connection fees. \r\n2. Code redeemable only against the issuer by users holding an SEN account registered in respective region\r\n3. FPB 18 users must be SEN master account holders aged 18 & over. Aged 7 & over require parental consent if under 18.\r\n4. Online multiplayer functionality on PlayStation®4 is only available to users with a current paid-for PlayStation®Plus account. \r\n5. Voucher code issued by Sony Interactive Entertainment Network Europe Limited and expires 12 months from date of purchase\r\n6. Voucher code not redeemable for cash and cannot be resold or, exchanged""}","{""raw"":""https://at.valuedesign.co.in/media/uploads/products/_13500.png""}","2025-11-27T14:38:48.620826+00:00",,"2025-11-27T14:38:48.620826+00:00","2025-11-27T20:13:34.11343+00:00",,"1bbf49a5-e8bf-475d-a1fd-e542d5597afe","{}","[]","0","0","2025-11-27T14:38:47.475+00:00","Both","1","inr, add, playstation","360"
"c58fda6f-3101-4716-8335-56a42eee6455","EGCGBEPON001","Epic On  E-Gift Cards-1 month subscription","Entertainment","6","59-59","Variable","0","1","EPIC ON is the go-to destination for endless entertainment in the form of TV shows, short videos, eBooks, podcasts, games, music, audiobooks, contests, and LIVE channels. The streaming service offers free and premium Videos-On-Demand, exciting audio content, and popular books and games - easily accessible on mobile devices, desktop, and Smart TVs. Explore, discover, and be inspired by EPIC ON","{""text"":""1.\tThis E-Gift Card is available only with Enfagrow products and its various combos.\r\n2.\tEPIC ON eGift cards gets you premium subscription service from ‘IN10 MEDIA NETWORK’. Users get access to unlimited premium content on EPIC ON for the specified period of the subscription on eGift card.\r\n3.\tThe subscription can be used by new or existing EPIC ON users. Those not registered on the service will need to register themselves first.\r\n4.\tTo avail the eGift card option, go to https://www.epicon.in/getSubscription and select the specific plan the gift card is for. Customer can enter the eGift card details in the eGift card section in the payments options.\r\n5.\tThis service is only available on Web, android app and iOS.\r\n6.\tFor further details, please check https://www.epicon.in/getSubscription.\r\n7.\tThe eGift card can be used only once by a user and will be valid for 12 months from the date of purchase.\r\n8.\tEvery coupon code on eGift card will be applicable for a specific pack. One code applicable for a subscription pack cannot be used for any other subscription pack.\r\n9.\tAn email with the eGift card details will be sent to customers upon purchase of the gift card.\r\n10.\tEPIC ON reserves the right to terminate, modify or extend the timelines and features of the eGift card, at any time at its absolute discretion, without assigning any reason.\r\n11.\teGift card offers are subject to promotional availability. This eGift card has no monetary value, is not transferable, is not for sale or re-sale nor redeemable for cash.\r\n12.\tEPIC ON accepts no responsibility, financial or otherwise for the misuse of the eGift card.\r\n13.\teGift cards are normally delivered instantly. But sometimes due to system issues, the delivery can be delayed up-to 24 hours.\r\n14.\tNo returns and no refunds on Gift cards, eGift cards and Gift vouchers shipped by Valuedesign.\r\n15.\tFor any support or assistance regarding EPIC ON subscription, please contact EPIC ON customer care at epicon@in10media.com. The query will be addressed within 48 hours.""}","{""raw"":""https://at.valuedesign.co.in/media/""}","2025-11-27T14:38:48.620826+00:00",,"2025-11-27T14:38:48.620826+00:00","2025-11-27T20:13:34.377535+00:00",,"502892c1-e901-4c40-8b77-8fdbf8b41a62","{}","[{""image"":null,""title"":""Visit https://www.epicon.in or download the EPIC ON app""},{""image"":null,""title"":""Sign up / log in to EPIC ON app/website""},{""image"":null,""title"":""Click on subscribe now https://www.epicon.in/getSubscription.""},{""image"":null,""title"":""Enter the unique promo code in the section below and apply it. Your 1 month subscription will be automatically generated""},{""image"":null,""title"":""IOS users can redeem the code only on website""},{""image"":null,""title"":""Enjoy your EPIC ON premium 1-month subscription""}]","59","59","2025-11-27T14:38:47.476+00:00","Online","Multiple","epic, gift, cards","360"
"f678e968-ebc7-4038-a25f-2ce3368aae23","EGCGBBCR001","BodyCraft E-Gift Card","Wellness & Beauty","12","500-10000","Variable","0","1","Bodycraft Spa & Salon has been a culmination of expertise & excellence, enjoying the patronage of very satisfied & discerning clientele. Trained & experienced professionals strive to provide our clients with the best solutions in the field of hair care, skin care, personal grooming and wellness. Under one roof you can try the latest hairstyle, avail specialised clinical treatments, pamper yourself to a fancy nail art or indulge in the sheer luxury of our spa.","{""text"":""1.\tThe gift card is valid only at the following salon outlets: Assaye Road, HRBR Layout, HSR Layout, Indiranagar, Jayanagar, JP Nagar, Kanakapura, Koramangala, Lavelle Road, New BEL Road, RR Nagar, Whitefield, Bannerghatta, Sadashivanagar, DLF, Dehradun, Chembur, and Vatika City.\r\n2.\tTo redeem the gift voucher, please call the desired outlet in advance to schedule an appointment.\r\n3.\tIt is mandatory to submit the E-Gift card details, that is, Gift card number & pin, to the Bodycraft team before the service starts.\r\n4.\tThe E-gift card is valid on all days of the week.\r\n5.\tMultiple E-gift cards can be clubbed for redemption.\r\n6.\tThe E-gift card can be used multiple times till the balance is left on the card. The remaining balance, if any, will not be refunded through any medium.\r\n7.\tThe E-gift card cannot be used to purchase Products, Memberships, Packages at Bodycraft\r\n8.\tThe E-gift card cannot be clubbed with any other discounts, offers, promos, packages & membership benefits running at Bodycraft\r\n9.\tE-Gift card once purchased, cannot be refunded.\r\n10.\tE-Gift card validity cannot be extended.\r\n11.\tThe validity of the E-gift Card is for 6 months.\r\n12.\tAppointment booking is required to redeem this gift card. Please call your preferred outlet in advance to schedule your visit""}","{""raw"":""https://giftbig.s3.amazonaws.com/microsite/product/EGCGBBCR001/d/thumbnail/1021_microsite.jpg""}","2025-11-27T14:38:48.620826+00:00",,"2025-11-27T14:38:48.620826+00:00","2025-11-27T20:13:34.464514+00:00",,"f5575e42-86a0-4616-9408-0f096d2da35f","{}","[{""image"":null,""title"":""Visit the nearest Bodycraft outlet.""},{""image"":null,""title"":""Inform the cashier about the Gift Card before availing the service.""},{""image"":null,""title"":""Show the Gift Card details to the cashier at the time of billing & pay any balance amount by card or cash.""}]","500","10000","2025-11-27T14:38:47.476+00:00","Both","Multiple","gift, card, hair","180"
"a318d670-9486-48ff-a768-bf13c9411fa3","EGCGBLBF003","Punjab Grill E-Gift Card","Food & Beverages","7.5","500-50000","Variable","0","1","The Lion Head is a representation of the Royal State of Punjab. In Ancient India, Maharaja Ranjit Singh was bestowed with the title of Sher-e-Punjab which meant – The Lion of Punjab for his bravery and courage. It was during his era that the State and its people gained great prominence and became known for their bravery in the battle field. Punjab Grill is an endeavour by Lite Bite Foods to take our guests on a culinary journey into the grandeur of the Royal State of undivided Punjab.\r\nStreet Foods by Punjab Grill is the destination to experience our indigenous cuisine, culture & community. We bring the rich culinary experience to your taste buds. Savour mouth melting lazeez kebabs, gorge on aromatic matkadum biryani or brighten up the day with kulhadwali chai. The meal can be rounded with rich apple phirni. Inspired by the by lanes of India, the food prepared and served is presented in its hygienic avatar. It is also our effort to increase the usage of ecofriendly earthen ware.\r\nAsia Seven infuses an abundance of ingredients sourced from each region to enhance the traditional fare. Experience the vivid colours and aromatic flavours of Asia at our award - winning restaurant. While the famed and extensive dumplings range are at the heart of the menu, our culinary repertoire is much broader with a variety of noodles, wok-fried seafood & juicy spiced meat, all showcasing the finest of fresh seasonal produce.\r\nYOÜMEE is a reflection of an overall cultural interest in food and cooking. The place is not just about fiery battles and the story, it is about the language of vegetables, meat, spices, and herbs.\r\nLocated in Gurgaon, the ambience at Zambar is experiential and\r\npromises to show the different facets of Southern India through vibrant\r\ndelicacies and dynamic décor. The menu of Zambar is exhaustive going\r\nfar beyond the staple offering of sambar, dosa, vada and idli. There is a\r\nrange of vegetarian fusion dishes like Charcoal Tandoor SrilankanKotthu\r\nRoti, Andhra Tomato Pappu Dhal, the ChettinadKozhambhu,\r\nGobhiKempuBezule, KajuKothumir Wade or Zambar Dosa.","{""text"":""1.\tRedeemable across all LBF outlets\r\n2.\tNot valid on 31st December.\r\n3.\tValid only on Dine in/take away.\r\n4.\tValidity 6 months from the date of issue.\r\n5.\tOnly one voucher can be redeemed in one bill\r\n6.\tVoucher Type : Digital.\r\n7.\tThis voucher cannot be club with any other offers running at outlets.\r\n8.\tThe voucher can be redeemed only once.\r\n9.\tThe intended recipient can use the voucher only and the voucher cannot be transferred to, resold to / exchanged with a third party or cannot be encashed.\r\n10.\tPrior reservation is recommended.\r\n11.\tA voucher will not be valid for use and may be rejected or cancelled at any time by Lite Bite Foods, if it reasonably believes there has been a breach of any condition. The voucher holder agrees it has no claim against Lite Bite Foods in the event of such rejection or cancellation.\r\n12.\tIn case you have misplaced or deleted the voucher, please email us on corpsales@lbf.co.in\""""}","{""raw"":""https://giftbig.s3.amazonaws.com/microsite/product/EGCGBLBF003/d/thumbnail/5964_microsite.jpg""}","2025-11-27T14:38:48.620826+00:00",,"2025-11-27T14:38:48.620826+00:00","2025-11-27T20:13:34.290045+00:00",,"ad8a9a7e-38c0-46f6-8ccd-b5a53ca270b3","{}","[{""image"":null,""title"":""Visit outlet""},{""image"":null,""title"":""Complete dining""},{""image"":null,""title"":""At time of billing present card number and pin to cashier""},{""image"":null,""title"":""In case card is valid and has balance cashier will redeem in Point of Sale and hand over invoice""}]","500","50000","2025-11-27T14:38:47.476+00:00","Both","Multiple","punjab, gift, card","180"
"c289af20-ef32-40c8-82b3-103c5f947b79","EGVGBHDS001","Hidesign E-Gift card","E-Commerce","12","100-15000","Variable","0","1","Whether one is looking for a classy laptop bag, a wallet, a belt or an elegant clutch, Hidesign is the best place to shop. Present a Hidesign e-Gift card today and instantly up a loved one’s style. It takes only a few minutes to gift your friend fashionable Hidesign accessories.","{""text"":""1.\tThis e-Gift Card is valid at all participating exclusive Hidesign boutiques and on www.hidesign.com.\r\n2.\tThis e-Gift Card can be redeemed only once.\r\n3.\tThis is a bearer card, please treat it like cash. No duplicate cards shall be reissued if lost, misplaced or stolen.\r\n4.\tThis card cannot be exchanged for cash.\r\n5.\tE-Gift Cards are normally delivered instantly. But sometimes due to system issues, the delivery can be delayed up-to 24 - 48 hours.\r\n6.\tNo returns and no refunds on gift cards, e-gift cards and gift vouchers shipped by woohoo.in. Please check the refund policy at http://www.woohoo.in/faq for further details.""}","{""raw"":""https://giftbig.s3.amazonaws.com/microsite/product/EGVGBHDS001/d/thumbnail/71_microsite.jpg""}","2025-11-27T14:38:48.620826+00:00",,"2025-11-27T14:38:48.620826+00:00","2025-11-27T20:13:34.553539+00:00",,"4b9e758e-7c45-4642-ac6e-641028f0d9a5","{}","[{""image"":null,""title"":""Visit the outlet near you.""},{""image"":null,""title"":""Before making the purchase confirm about the acceptance of Gift Card at the store.""},{""image"":null,""title"":""Choose the products you would like to buy.""},{""image"":null,""title"":""Show your Gift Card details to the cashier at the time of billing & pay any balance amount by cash or card.""}]","100","15000","2025-11-27T14:38:47.476+00:00","Both","Multiple","gift, card, one","365"
"c02caa7f-2ff2-4a47-a0c9-168de643c279","STEWALINR150-6","Steam Wallet INR 150","Gaming","4.25","150","Fixed","0","1","STEAM is a video game digital distribution service. It is also a storefront for Valve which it uses to sell, or provide updates for its games. Gamers can select from thousands of titles including bestsellers like Red Dead Redemption and Witcher series, indie hits, casual favourites, Dota 2 items, PUBG, CS:GO, Team Fortress 2 items and more. STEAM Wallet Codes are gift cards that you can use to add funds to your Steam wallet. Use those funds to buy your favourite games or purchase in-game items.","{""text"":""""}","{""raw"":""https://at.valuedesign.co.in/media/""}","2025-11-27T14:38:48.620826+00:00",,"2025-11-27T14:38:48.620826+00:00","2025-11-27T20:13:34.725197+00:00",,"1bbf49a5-e8bf-475d-a1fd-e542d5597afe","{}","[]","0","0","2025-11-27T14:38:47.477+00:00","Both","1","steam, wallet, inr","365"
"4a6a54b8-da4f-4c0e-a98e-0d8bb4a62af7","EGCGBMK002","MiniKlub E-Gift Card","Fashion & Lifestyle","12","500-1000","Variable","0","1","Miniklub is a brand for babies, inspired by their curiosity and committed to their safety. With presence in 25 cities across India, brand offers thoughtfully crafted range of apparel,\r\naccessories and baby products for new born to 8 year old's .\r\nBe it the soft and comfy sleep suits for the babies, stylish apparel for the kids, premium baby care products from soft toys to the travel gear. You can find all of them under one roof, If you are thinking of a perfect gift for the minis, this is the right place to visit.","{""text"":""1.\tGift Cards are redeemable at Miniklub online & exclusive stores\r\n2.\tFor balance enquiry visit https://www.woohoo.in/balenq\r\n3.\tThis Gift card is valid for one year from the date of issue\r\n4.\tThis Gift card can be redeemed only once and in full, in case the value of the merchandise exceeds the value of card, the difference shall be paid by the bearer. No refunds / credit note shall be issued for unused part of the Gift card\r\n5.\tMiniklub Retail Pvt.Ltd. reserves the right to amend the terms at its discretion without prior notice\r\n6.\tProtect the Gift card number to avoid misuse, Miniklub shall neither replace the Gift card nor refund the cash\r\n7.\tDisputes if any, shall be subject to Bangalore jurisdiction\r\n8.\tNo replacement/compensation is permissible for lost Gift card\r\n9.\tReach out to care@miniklub.in for any queries""}","{""raw"":""https://giftbig.s3.amazonaws.com/microsite/product/EGCGBMK002/d/thumbnail/5817_microsite.jpg""}","2025-11-27T14:38:48.620826+00:00",,"2025-11-27T14:38:48.620826+00:00","2025-11-27T20:13:34.637336+00:00",,"4ead20e7-9a15-4b5f-bdb4-3ebafe4daf71","{}","[{""image"":null,""title"":""Physical Cards:""},{""image"":null,""title"":""Visit exclusive Miniklub store and present the card while billing""},{""image"":null,""title"":""Store Manager checks the balance and swipes the card""},{""image"":null,""title"":""Remaining amount needs to be paid by cash/card""},{""image"":null,""title"":""Online:""},{""image"":null,""title"":""visit www.Miniklub.in""},{""image"":null,""title"":""sign in as user""},{""image"":null,""title"":""select redeem gift card during check out""},{""image"":null,""title"":""check balance and redeem gift card""}]","500","1000","2025-11-27T14:38:47.477+00:00","Online","Multiple","gift, card, brand","365"
"b08c089c-9891-493d-8dc2-95c20abb5a13","VALOGCVP1520-91","Valorant Gift Card 1520 VP","Gaming","7","1305","Fixed","0","1","Valorant Gift Cards","{""text"":""""}","{""raw"":""https://athena-test-customer-assets.s3.ap-south-1.amazonaws.com/images/VALORANT_phx_jett.jpg""}","2025-11-27T14:38:48.620826+00:00",,"2025-11-27T14:38:48.620826+00:00","2025-11-27T20:13:34.897708+00:00",,"1bbf49a5-e8bf-475d-a1fd-e542d5597afe","{}","[]","0","0","2025-11-27T14:38:47.477+00:00","Online","1","gift, card","365"
"15b720f2-3b2f-44dc-bdae-7086bbd014a5","VALOGCVP5350-23","Valorant Gift Card 5350 VP","Gaming","7","4352","Fixed","0","1","Valorant Gift Cards","{""text"":""""}","{""raw"":""https://athena-test-customer-assets.s3.ap-south-1.amazonaws.com/images/VALORANT_phx_jett.jpg""}","2025-11-27T14:38:48.620826+00:00",,"2025-11-27T14:38:48.620826+00:00","2025-11-27T20:13:34.981601+00:00",,"1bbf49a5-e8bf-475d-a1fd-e542d5597afe","{}","[]","0","0","2025-11-27T14:38:47.477+00:00","Online","1","gift, card","365"
"92762d5e-99e5-4c2a-b5c1-9f9e8407c6c4","VALOGCVP475-18","Valorant Gift Card 475 VP","Gaming","7","435","Fixed","0","1","Valorant Gift Cards","{""text"":""""}","{""raw"":""https://athena-test-customer-assets.s3.ap-south-1.amazonaws.com/images/VALORANT_phx_jett.jpg""}","2025-11-27T14:38:48.620826+00:00",,"2025-11-27T14:38:48.620826+00:00","2025-11-27T20:13:35.156633+00:00",,"1bbf49a5-e8bf-475d-a1fd-e542d5597afe","{}","[]","0","0","2025-11-27T14:38:47.478+00:00","Online","1","gift, card","365"
"cbc196dc-4700-4b5a-9ed5-1fde883c8f1d","SonyPSINR2000","Plays India INR 2000","Gaming","1.5","2000","Fixed","0","1","Easily add funds to your PlayStation®Network wallet without the need for a credit card. Top up your PSN wallet to purchase full games, add-on content and more through PlayStation®Store, accessible with your PS4, PS3 or PS Vita. Some of the great content you’ll find on PlayStation®Store includes, games, add-on content, avatars and themes.","{""text"":""1. Broadband, Wi-Fi or 3G internet connection required (system dependent). User is responsible for internet connection fees. \r\n2. Code redeemable only against the issuer by users holding an SEN account registered in respective region\r\n3. FPB 18 users must be SEN master account holders aged 18 & over. Aged 7 & over require parental consent if under 18.\r\n4. Online multiplayer functionality on PlayStation®4 is only available to users with a current paid-for PlayStation®Plus account. \r\n5. Voucher code issued by Sony Interactive Entertainment Network Europe Limited and expires 12 months from date of purchase\r\n6. Voucher code not redeemable for cash and cannot be resold or, exchanged""}","{""raw"":""https://at.valuedesign.co.in/media/uploads/products/_2000.png""}","2025-11-27T14:38:48.620826+00:00",,"2025-11-27T14:38:48.620826+00:00","2025-11-27T20:13:35.24613+00:00",,"1bbf49a5-e8bf-475d-a1fd-e542d5597afe","{}","[]","0","0","2025-11-27T14:38:47.478+00:00","Both","1","inr, add, playstation","360"
"e291bd10-d09d-453c-b215-a5b7ed4ca39d","ROBGCDCR50-38","Roblox Gift Card Code - $50 Credit","Gaming","5","4350","Fixed","0","1","Roblox lets you jump into endless worlds of adventure, creativity, and fun—all built by a global community. It’s the ultimate reward for anyone who loves to play, explore, and imagine!","{""text"":""""}","{""raw"":""https://postimg.cc/q6dNBn1w""}","2025-11-27T14:38:48.620826+00:00",,"2025-11-27T14:38:48.620826+00:00","2025-11-27T20:13:35.334065+00:00",,"1bbf49a5-e8bf-475d-a1fd-e542d5597afe","{}","[]","0","0","2025-11-27T14:38:47.478+00:00","Online","1","gift, card","365"
"1474ef1e-0eac-44f4-8ee6-2be896d12236","ROBGCDCR25-37","Roblox Gift Card Code - $25 Credit","Gaming","5","2175","Fixed","0","1","Roblox lets you jump into endless worlds of adventure, creativity, and fun—all built by a global community. It’s the ultimate reward for anyone who loves to play, explore, and imagine!","{""text"":""""}","{""raw"":""https://postimg.cc/q6dNBn1w""}","2025-11-27T14:38:48.620826+00:00",,"2025-11-27T14:38:48.620826+00:00","2025-11-27T20:13:35.422677+00:00",,"1bbf49a5-e8bf-475d-a1fd-e542d5597afe","{}","[]","0","0","2025-11-27T14:38:47.478+00:00","Online","1","gift, card","365"
"54ba0ccd-b5d3-4042-bb6b-a78c1cd0b45b","ROBGCDCR10-26","Roblox Gift Card Code - $10 Credit","Gaming","5","870","Fixed","0","1","Roblox lets you jump into endless worlds of adventure, creativity, and fun—all built by a global community. It’s the ultimate reward for anyone who loves to play, explore, and imagine!","{""text"":""""}","{""raw"":""https://postimg.cc/q6dNBn1w""}","2025-11-27T14:38:48.620826+00:00",,"2025-11-27T14:38:48.620826+00:00","2025-11-27T20:13:35.51076+00:00",,"1bbf49a5-e8bf-475d-a1fd-e542d5597afe","{}","[]","0","0","2025-11-27T14:38:47.478+00:00","Online","1","gift, card","365"
"c6a11e04-0444-4c5e-97c1-e949217ad5ec","MOBLEDIA2195-36","Mobile Legends 2195 Diamonds","Gaming","10.5","3190","Fixed","0","1","Mobile Legends: Bang Bang is a fast-paced 5v5 multiplayer online battle arena (MOBA) game designed for mobile.","{""text"":""1. Validity\r\n* Each Gift Card is valid for 6 months from the date of purchase or issuance, unless stated otherwise. \r\n\r\n2. Redemption Process:\r\na. Visit the redemption website: https://www.redeemcodenow.com.\r\nb. Enter your 16-digit voucher code.\r\nc. Provide your game account details ( User ID and Zone ID ) and your email address.\r\nd. Click Redeem.\r\ne. Once successful, you'll see a confirmation message, and the in-game currency will be credited shortly.\r\n\r\n3. Usage Restrictions\r\n* Gift Card funds are credited exclusively as in?game currency.\r\n* Cards cannot be exchanged for cash, reloaded, refunded, transferred, or sold for value.  \r\n\r\n4. No Expiry or Fees (Card vs Balance)\r\n* The Gift Card code expires after 6 months, but once redeemed, balance in your game account does not expire or incur fees. \r\n\r\n5. Lost, Stolen, or Unauthorized Use\r\n* MobaLegend is not responsible for lost or stolen physical cards or digital codes.\r\n* No replacements or refunds will be issued once the code is redeemed or lost.\r\n\r\n6. Limited Liability\r\n* MobaLegend reserves the right to refuse or void redemption in cases of fraud, chargebacks, or violations of platform rules or local laws.\r\n\r\n7. Regional Variations\r\n* Gift Cards may be region?locked. Only cards matching the user s account region will redeem successfully.\r\n\r\n8. Promotional Bonuses\r\n* Some Gift Cards may include bonus items (e.g., limited-time skins or membership perks).\r\n* Bonus items are one?per?account and subject to availability and promotional terms.\r\n\r\n9. General Legal\r\n* By redeeming or using a Gift Card, you agree to these T&C and the broader MobaLegend Terms of Service and Privacy Policy.\r\n* MobaLegend reserves the right to amend, suspend or terminate this T&C at any time.\r\n* Where required by law, certain clauses (e.g., liability, expiration) may not apply.""}","{""raw"":""https://at.valuedesign.co.in/media/""}","2025-11-27T14:38:48.620826+00:00",,"2025-11-27T14:38:48.620826+00:00","2025-11-27T20:13:35.598521+00:00",,"1bbf49a5-e8bf-475d-a1fd-e542d5597afe","{}","[{""image"":null,""title"":""Visit the redemption website https://www.redeemcodenow.com.""},{""image"":null,""title"":""Enter your 16-digit voucher code.""},{""image"":null,""title"":""Provide your game account details ( User ID and Zone ID ) and your email address.""},{""image"":null,""title"":""Click Redeem.""},{""image"":null,""title"":""Once successful you'll see a confirmation message and the in-game currency will be credited shortly.""}]","0","0","2025-11-27T14:38:47.478+00:00","Online","1","game","180"
"240fc9c5-61c4-4bef-9071-6fe0008b1e70","VALOGCVP8700-92","Valorant Gift Card 8700 VP","Gaming","7","6960","Fixed","0","1","Valorant Gift Cards","{""text"":""""}","{""raw"":""https://athena-test-customer-assets.s3.ap-south-1.amazonaws.com/images/VALORANT_phx_jett.jpg""}","2025-11-27T14:38:48.620826+00:00",,"2025-11-27T14:38:48.620826+00:00","2025-11-27T20:13:34.809502+00:00",,"1bbf49a5-e8bf-475d-a1fd-e542d5597afe","{}","[]","0","0","2025-11-27T14:38:47.477+00:00","Online","1","gift, card","365"
"44bfa1fb-4ca1-4833-a4bd-0c6419e688f2","MOBLEDIA257-34","Mobile Legends 257 Diamonds","Gaming","10.5","397","Fixed","0","1","Mobile Legends: Bang Bang is a fast-paced 5v5 multiplayer online battle arena (MOBA) game designed for mobile.","{""text"":""1. Validity\r\n* Each Gift Card is valid for 6 months from the date of purchase or issuance, unless stated otherwise. \r\n\r\n2. Redemption Process:\r\na. Visit the redemption website: https://www.redeemcodenow.com.\r\nb. Enter your 16-digit voucher code.\r\nc. Provide your game account details ( User ID and Zone ID ) and your email address.\r\nd. Click Redeem.\r\ne. Once successful, you'll see a confirmation message, and the in-game currency will be credited shortly.\r\n\r\n3. Usage Restrictions\r\n* Gift Card funds are credited exclusively as in?game currency.\r\n* Cards cannot be exchanged for cash, reloaded, refunded, transferred, or sold for value.  \r\n\r\n4. No Expiry or Fees (Card vs Balance)\r\n* The Gift Card code expires after 6 months, but once redeemed, balance in your game account does not expire or incur fees. \r\n\r\n5. Lost, Stolen, or Unauthorized Use\r\n* MobaLegend is not responsible for lost or stolen physical cards or digital codes.\r\n* No replacements or refunds will be issued once the code is redeemed or lost.\r\n\r\n6. Limited Liability\r\n* MobaLegend reserves the right to refuse or void redemption in cases of fraud, chargebacks, or violations of platform rules or local laws.\r\n\r\n7. Regional Variations\r\n* Gift Cards may be region?locked. Only cards matching the user s account region will redeem successfully.\r\n\r\n8. Promotional Bonuses\r\n* Some Gift Cards may include bonus items (e.g., limited-time skins or membership perks).\r\n* Bonus items are one?per?account and subject to availability and promotional terms.\r\n\r\n9. General Legal\r\n* By redeeming or using a Gift Card, you agree to these T&C and the broader MobaLegend Terms of Service and Privacy Policy.\r\n* MobaLegend reserves the right to amend, suspend or terminate this T&C at any time.\r\n* Where required by law, certain clauses (e.g., liability, expiration) may not apply.""}","{""raw"":""https://at.valuedesign.co.in/media/""}","2025-11-27T14:38:48.620826+00:00",,"2025-11-27T14:38:48.620826+00:00","2025-11-27T20:13:35.684122+00:00",,"1bbf49a5-e8bf-475d-a1fd-e542d5597afe","{}","[{""image"":null,""title"":""Visit the redemption website https://www.redeemcodenow.com.""},{""image"":null,""title"":""Enter your 16-digit voucher code.""},{""image"":null,""title"":""Provide your game account details ( User ID and Zone ID ) and your email address.""},{""image"":null,""title"":""Click Redeem.""},{""image"":null,""title"":""Once successful you'll see a confirmation message and the in-game currency will be credited shortly.""}]","0","0","2025-11-27T14:38:47.478+00:00","Online","1","game","180"
"171d90cb-a4ac-4492-9cca-65b568044757","MOBLEDIA172-33","Mobile Legends 172 Diamonds","Gaming","10.5","266","Fixed","0","1","Mobile Legends: Bang Bang is a fast-paced 5v5 multiplayer online battle arena (MOBA) game designed for mobile.","{""text"":""1. Validity\r\n* Each Gift Card is valid for 6 months from the date of purchase or issuance, unless stated otherwise. \r\n\r\n2. Redemption Process:\r\na. Visit the redemption website: https://www.redeemcodenow.com.\r\nb. Enter your 16-digit voucher code.\r\nc. Provide your game account details ( User ID and Zone ID ) and your email address.\r\nd. Click Redeem.\r\ne. Once successful, you'll see a confirmation message, and the in-game currency will be credited shortly.\r\n\r\n3. Usage Restrictions\r\n* Gift Card funds are credited exclusively as in?game currency.\r\n* Cards cannot be exchanged for cash, reloaded, refunded, transferred, or sold for value.  \r\n\r\n4. No Expiry or Fees (Card vs Balance)\r\n* The Gift Card code expires after 6 months, but once redeemed, balance in your game account does not expire or incur fees. \r\n\r\n5. Lost, Stolen, or Unauthorized Use\r\n* MobaLegend is not responsible for lost or stolen physical cards or digital codes.\r\n* No replacements or refunds will be issued once the code is redeemed or lost.\r\n\r\n6. Limited Liability\r\n* MobaLegend reserves the right to refuse or void redemption in cases of fraud, chargebacks, or violations of platform rules or local laws.\r\n\r\n7. Regional Variations\r\n* Gift Cards may be region?locked. Only cards matching the user s account region will redeem successfully.\r\n\r\n8. Promotional Bonuses\r\n* Some Gift Cards may include bonus items (e.g., limited-time skins or membership perks).\r\n* Bonus items are one?per?account and subject to availability and promotional terms.\r\n\r\n9. General Legal\r\n* By redeeming or using a Gift Card, you agree to these T&C and the broader MobaLegend Terms of Service and Privacy Policy.\r\n* MobaLegend reserves the right to amend, suspend or terminate this T&C at any time.\r\n* Where required by law, certain clauses (e.g., liability, expiration) may not apply.""}","{""raw"":""https://at.valuedesign.co.in/media/""}","2025-11-27T14:38:48.620826+00:00",,"2025-11-27T14:38:48.620826+00:00","2025-11-27T20:13:35.77224+00:00",,"1bbf49a5-e8bf-475d-a1fd-e542d5597afe","{}","[{""image"":null,""title"":""Visit the redemption website https://www.redeemcodenow.com.""},{""image"":null,""title"":""Enter your 16-digit voucher code.""},{""image"":null,""title"":""Provide your game account details ( User ID and Zone ID ) and your email address.""},{""image"":null,""title"":""Click Redeem.""},{""image"":null,""title"":""Once successful you'll see a confirmation message and the in-game currency will be credited shortly.""}]","0","0","2025-11-27T14:38:47.479+00:00","Online","1","game","180"
"33c7d1a4-2287-4f88-8dbd-e14f8054bee1","GENIMGECR2240-31","Genshin Impact 2240 Genesis Crystals","Gaming","13.5","2784","Fixed","0","1","Genshin Impact is an open-world action RPG that lets players explore the fantasy world of Teyvat, battle powerful foes, and uncover rich storylines.","{""text"":""1. Validity\r\n* Genshin Impact Gift Card codes are typically valid for up to 12 months from the date of purchase, unless stated otherwise. Once redeemed, the Genesis Crystals do not expire. \r\n\r\n2. Redemption Process:\r\na. Visit the redemption website: https://www.redeemcodenow.com.\r\nb. Enter your 16-digit voucher code.\r\nc. Enter your User ID, select your Server, and provide your email address.\r\nd. Click Redeem.\r\ne. Upon successful redemption, a confirmation message will appear, and the in-game currency will be credited shortly.\r\n\r\n3. Usage Restrictions\r\n* Gift Card funds are credited exclusively as in?game currency.\r\n* Cards cannot be exchanged for cash, reloaded, refunded, transferred, or sold for value.  \r\n\r\n4. No Expiry or Fees (Gift Card vs Balance)\r\n* The Gift Card code expires after 12 months from the date of purchase, but once redeemed, balance in your game account does not expire or incur fees. \r\n\r\n5. Lost, Stolen, or Unauthorized Use\r\n* Genshin Impact is not responsible for lost or stolen physical cards or digital codes.\r\n* No replacements or refunds will be issued once the code is redeemed or lost.\r\n\r\n6. Limited Liability\r\n* Genshin Impact reserves the right to refuse or void redemption in cases of fraud, chargebacks, or violations of platform rules or local laws.\r\n\r\n7. Regional Variations\r\n* Gift Cards may be region?locked. Only cards matching the user s account region will redeem successfully.\r\n\r\n8. Promotional Bonuses\r\n* Some Gift Cards may include bonus items (e.g., limited-time skins or membership perks).\r\n* Bonus items are one?per?account and subject to availability and promotional terms.\r\n\r\n9. General Legal\r\n* By redeeming or using a Gift Card, you agree to these T&C and the broader Genshin Impact Terms of Service and Privacy Policy.\r\n* Genshin Impact reserves the right to amend, suspend or terminate this T&C at any time.\r\n* Where required by law, certain clauses (e.g., liability, expiration) may not apply.""}","{""raw"":""https://at.valuedesign.co.in/media/""}","2025-11-27T14:38:48.620826+00:00",,"2025-11-27T14:38:48.620826+00:00","2025-11-27T20:13:35.859309+00:00",,"1bbf49a5-e8bf-475d-a1fd-e542d5597afe","{}","[{""image"":null,""title"":""Visit the redemption websitehttps://www.redeemcodenow.com.""},{""image"":null,""title"":""Enter your 16-digit voucher code.""},{""image"":null,""title"":""Enter your User ID select your Server and provide your email address.""},{""image"":null,""title"":""Click Redeem.""},{""image"":null,""title"":""Upon successful redemption a confirmation message will appear and the in-game currency will be credited shortly.""}]","0","0","2025-11-27T14:38:47.479+00:00","Online","1","world, rpg, players","360"
"e42e6674-9c7e-4118-81ea-21055ab67f1c","GENIMGECR1090-30","Genshin Impact 1090 Genesis Crystals","Gaming","13.5","1392","Fixed","0","1","Genshin Impact is an open-world action RPG that lets players explore the fantasy world of Teyvat, battle powerful foes, and uncover rich storylines.","{""text"":""1. Validity\r\n* Genshin Impact Gift Card codes are typically valid for up to 12 months from the date of purchase, unless stated otherwise. Once redeemed, the Genesis Crystals do not expire. \r\n\r\n2. Redemption Process:\r\na. Visit the redemption website: https://www.redeemcodenow.com.\r\nb. Enter your 16-digit voucher code.\r\nc. Enter your User ID, select your Server, and provide your email address.\r\nd. Click Redeem.\r\ne. Upon successful redemption, a confirmation message will appear, and the in-game currency will be credited shortly.\r\n\r\n3. Usage Restrictions\r\n* Gift Card funds are credited exclusively as in?game currency.\r\n* Cards cannot be exchanged for cash, reloaded, refunded, transferred, or sold for value.  \r\n\r\n4. No Expiry or Fees (Gift Card vs Balance)\r\n* The Gift Card code expires after 12 months from the date of purchase, but once redeemed, balance in your game account does not expire or incur fees. \r\n\r\n5. Lost, Stolen, or Unauthorized Use\r\n* Genshin Impact is not responsible for lost or stolen physical cards or digital codes.\r\n* No replacements or refunds will be issued once the code is redeemed or lost.\r\n\r\n6. Limited Liability\r\n* Genshin Impact reserves the right to refuse or void redemption in cases of fraud, chargebacks, or violations of platform rules or local laws.\r\n\r\n7. Regional Variations\r\n* Gift Cards may be region?locked. Only cards matching the user s account region will redeem successfully.\r\n\r\n8. Promotional Bonuses\r\n* Some Gift Cards may include bonus items (e.g., limited-time skins or membership perks).\r\n* Bonus items are one?per?account and subject to availability and promotional terms.\r\n\r\n9. General Legal\r\n* By redeeming or using a Gift Card, you agree to these T&C and the broader Genshin Impact Terms of Service and Privacy Policy.\r\n* Genshin Impact reserves the right to amend, suspend or terminate this T&C at any time.\r\n* Where required by law, certain clauses (e.g., liability, expiration) may not apply.""}","{""raw"":""https://at.valuedesign.co.in/media/""}","2025-11-27T14:38:48.620826+00:00",,"2025-11-27T14:38:48.620826+00:00","2025-11-27T20:13:35.945868+00:00",,"1bbf49a5-e8bf-475d-a1fd-e542d5597afe","{}","[{""image"":null,""title"":""Visit the redemption websitehttps://www.redeemcodenow.com.""},{""image"":null,""title"":""Enter your 16-digit voucher code.""},{""image"":null,""title"":""Enter your User ID select your Server and provide your email address.""},{""image"":null,""title"":""Click Redeem.""},{""image"":null,""title"":""Upon successful redemption a confirmation message will appear and the in-game currency will be credited shortly.""}]","0","0","2025-11-27T14:38:47.479+00:00","Online","1","world, rpg, players","360"
"1e879b29-9b87-4a36-ac3f-e88c35a08fce","GENIMGECR60-28","Genshin Impact 60 Genesis Crystals","Gaming","13.5","87","Fixed","0","1","Genshin Impact is an open-world action RPG that lets players explore the fantasy world of Teyvat, battle powerful foes, and uncover rich storylines.","{""text"":""1. Validity\r\n* Genshin Impact Gift Card codes are typically valid for up to 12 months from the date of purchase, unless stated otherwise. Once redeemed, the Genesis Crystals do not expire. \r\n\r\n2. Redemption Process:\r\na. Visit the redemption website: https://www.redeemcodenow.com.\r\nb. Enter your 16-digit voucher code.\r\nc. Enter your User ID, select your Server, and provide your email address.\r\nd. Click Redeem.\r\ne. Upon successful redemption, a confirmation message will appear, and the in-game currency will be credited shortly.\r\n\r\n3. Usage Restrictions\r\n* Gift Card funds are credited exclusively as in?game currency.\r\n* Cards cannot be exchanged for cash, reloaded, refunded, transferred, or sold for value.  \r\n\r\n4. No Expiry or Fees (Gift Card vs Balance)\r\n* The Gift Card code expires after 12 months from the date of purchase, but once redeemed, balance in your game account does not expire or incur fees. \r\n\r\n5. Lost, Stolen, or Unauthorized Use\r\n* Genshin Impact is not responsible for lost or stolen physical cards or digital codes.\r\n* No replacements or refunds will be issued once the code is redeemed or lost.\r\n\r\n6. Limited Liability\r\n* Genshin Impact reserves the right to refuse or void redemption in cases of fraud, chargebacks, or violations of platform rules or local laws.\r\n\r\n7. Regional Variations\r\n* Gift Cards may be region?locked. Only cards matching the user s account region will redeem successfully.\r\n\r\n8. Promotional Bonuses\r\n* Some Gift Cards may include bonus items (e.g., limited-time skins or membership perks).\r\n* Bonus items are one?per?account and subject to availability and promotional terms.\r\n\r\n9. General Legal\r\n* By redeeming or using a Gift Card, you agree to these T&C and the broader Genshin Impact Terms of Service and Privacy Policy.\r\n* Genshin Impact reserves the right to amend, suspend or terminate this T&C at any time.\r\n* Where required by law, certain clauses (e.g., liability, expiration) may not apply.""}","{""raw"":""https://at.valuedesign.co.in/media/""}","2025-11-27T14:38:48.620826+00:00",,"2025-11-27T14:38:48.620826+00:00","2025-11-27T20:13:36.031518+00:00",,"1bbf49a5-e8bf-475d-a1fd-e542d5597afe","{}","[{""image"":null,""title"":""Visit the redemption websitehttps://www.redeemcodenow.com.""},{""image"":null,""title"":""Enter your 16-digit voucher code.""},{""image"":null,""title"":""Enter your User ID select your Server and provide your email address.""},{""image"":null,""title"":""Click Redeem.""},{""image"":null,""title"":""Upon successful redemption a confirmation message will appear and the in-game currency will be credited shortly.""}]","0","0","2025-11-27T14:38:47.479+00:00","Online","1","world, rpg, players","360"
"3501ac28-263d-4bd8-a58d-89bda6519f72","TATACLiQqwNMMA1vAn6zWTxc","TATA CLiQ","Fashion & Lifestyle","7","500,1000,2000,5000","Fixed","0","1","Buy TATA CLiQ Gift Vouchers & Gift Card to shop from India's definitive destination for exclusive Fashion and Electronics brands. Tata CLiQ is the flagship digital commerce initiative of the Tata Group. It is a multi-category e-commerce platform, operating across categories such as Fashion, Footwear and Accessories, Electronics, and Luxury.","{""text"":""1.This is a Tata CLiQ e- Gift Voucher (GV) and would be accepted on their Website (https://www.tataCLiQ.com/ and https://luxury.tataCLiQ.com/ ), the m-site and mobile application <br/>2.The user who has the Tata CLiQ GV is deemed to be the beneficiary. <br/>3.The user has to be registered on the e-commerce site of Tata Unistore Limited to use the e-Gift Voucher <br/>4.The user will need to activate his/her CLiQ Cash account be following the process asdefined by Tata CLiQ from time to time <br/>5.Tata CLiQ is not responsible if the Gift card is lost, stolen or used without permission. <br/>6.Multiple GV can be used in one bill/transaction. The number of GVs that can be aggregated is at the sole discretion of Tata CLiQ. The user is advised to refer to the relevant clause on the Tata CLiQ site. <br/>7.The GV can be used till the expiration date or till the time the balance is exhausted, whichever happens earlier. <br/>8.Tata CLiQ GV cannot be redeemed on purchase of bullions. <br/>9.No credit note / refund for the unused balance amount of the GV will be given. <br/>10. Any such unused balance amount shall stand lapsed automatically once the voucher expires <br/>11.Tata CLiQ GV CANNOT be revalidated once expired or cancelled under any situations. <br/>12.Tata CLiQ GV can be clubbed with any one of the existing offers on its website. <br/>13.Tata CLiQ GV cannot be redeemed on specific block out dates as may be intimated / updated by Tata CLiQ on its website from time to time. Tata CLiQ may add or delete any date(s)/period(s) on its sole discretion without any liability. <br/>14.Any dispute related to the GV should be referred to the issuing company and the decision of the issuing company shall be final. In case of any legal disputes, the courts at Mumbai shall have the exclusive jurisdiction. <br/>15.Tata CLiQ shall on best effort basis attempt to accept e-Gift Vouchers (GV), but on account of any technical reason or for any reason beyond control Tata CLiQ, GV may not get accepted on the website and Tata CLiQ shall have no liability for the same. <br/>16.If an Insta Gift Voucher (GV) gets blocked on account of technical issue, it would get enabled in 72 hours. In case of transaction failures after Insta Gift Voucher (GV) is applied, amount would be automatically refunded to the same cards within 72 hours <br/>17.For any queries / issues related to GV / GC, raise a request at www.gvhelpdesk.com <br/>18.Tata CLiQ reserves the rights to edit/change the terms and conditions for the e-Gift Voucher GV at any time without any notice or liability. <br/>19.Tata CLiQ reserves the right to cancel orders in case of any suspicious activity. <br/>20.Tata CLiQ has the final authority on the interpretation of these rules. <br/>21.Tata CLiQ reserves the right to withdraw e-Gift Voucher (GV) scheme/offer before the completion of validity period without any notice or liability at its sole discretion. <br/>22.Tata CLiQ reserves the right to deny accepting any e-Gift Voucher (GV) if it suspects that there is duplicity of cards. <br/>23.In no event the liability of Tata CLiQ for any claims shall exceed the value of the e-Gift Voucher (GV) in dispute. <br/>24.The standard Terms and conditions of the use of vouchers with the exception of the expiry date can be viewed on https://www.tatacliq.com/cliq-cash-tnc""}","{""raw"":""https://at.valuedesign.co.in/media/uploads/products/TATACliq.png""}","2025-11-27T14:38:48.620826+00:00",,"2025-11-27T14:38:48.620826+00:00","2025-11-27T20:13:36.207775+00:00",,"4ead20e7-9a15-4b5f-bdb4-3ebafe4daf71","{}","[{""image"":""https://at.valuedesign.co.in/media/uploads/products/TATACLiQ/1.jpeg"",""title"":""Visit www.tatacliq.com & Log In or Sign up on Tata CLiQ""},{""image"":""https://at.valuedesign.co.in/media/uploads/products/TATACLiQ/2.jpeg"",""title"":""Go to your CLiQ Cash page & Verify your Mobile number to complete KYC""},{""image"":""https://at.valuedesign.co.in/media/uploads/products/TATACLiQ/3.jpeg"",""title"":""Enter the gift card code to add the amount to your CLiQ Cash account""},{""image"":""https://at.valuedesign.co.in/media/uploads/products/TATACLiQ/4.jpeg"",""title"":""Apply CLiQ Cash on payment page to pay through CLiQ Cash. For T&Cs on CLiQ Cash visit www.tatacliq.com""}]","0","0","2025-11-27T14:38:47.486+00:00","Both","Multiple","gift, card, shop","365"
"33ded8d7-09fc-4c69-9a71-b267ff4844ff","SimpleqVHHqQ2CzBIYobAP","Simple","Wellness & Beauty","12","500,1000","Fixed","0","1","Feel good with Simple?s 100% plant-based, and non-toxic skin care products. Simple has simplified the skincare routine with natural ingredients. It has formulated skincare solutions for all skin types and all the products are dermatologically tested. The skincare products manufactured by the company are PETA certified and are known for the authenticity each bottle carries. Buy Simple Gift Cards from GyFTR with up to a 15% discount. Simple Gift Voucher is a gateway to care for your skin. The Simp","{""text"":""1. This is a Simple Insta Gift Voucher would be accepted only at www.simpleskincare.in <br/>2. The person who has the Simple GV Code is deemed to be the beneficiary. <br/>4. Multiple Gift Vouchers CANNOT be used in one single purchase <br/>5. Only ONE voucher can be used per transaction atwww.simpleskincare.in <br/>6. Simple Gift Voucher is a One-time use Gift Voucher <br/>7. No Credit note / Refund for the unused amount of the GV will be given. <br/>8. Simple Gift Voucher CANNOT be revalidated once expired. <br/>9. Simple Gift Voucher CANNOT be clubbed with existing offers <br/>10. If the order value exceeds the e-Gift Card amount, the balance must be paid by another payment option. <br/>11. Any dispute related to the GV should be referred to the issuing company and the decision of the issuing company shall be final. <br/>12. Simple makes full efforts to accept Insta Gift Vouchers (GV), but on account of any technical reasons GV may not be redeemed. <br/>13. For any queries / issues related to GV / GC, raise a request at www.gvhelpdesk.com""}","{""raw"":""https://at.valuedesign.co.in/media/uploads/products/Simple.png""}","2025-11-27T14:38:48.620826+00:00",,"2025-11-27T14:38:48.620826+00:00","2025-11-27T20:13:35.071166+00:00",,"f5575e42-86a0-4616-9408-0f096d2da35f","{""0"":""Only single voucher can be used per transactions."",""1"":""The Gift Voucher cannot be clubbed with existing offers"",""2"":""Voucher can only be redeemed online on the website.""}","[{""image"":""https://at.valuedesign.co.in/media/uploads/products/Simple/1.png"",""title"":""Visit the webiste and add the product of your choice in cart.""},{""image"":""https://at.valuedesign.co.in/media/uploads/products/Simple/2.png"",""title"":""Enter customer details and apply the Gift Voucher at the checkout page.""},{""image"":null,""title"":""Pay the remaining amount if any via other payment modes and complete the transactions.""}]","0","0","2025-11-27T14:38:47.477+00:00","Online","Multiple","skin, care, products","365"
"d1e03ea8-cf08-4a35-9b79-4bfe95a8ea2f","ZENZOZEMO8080-48","Zenless Zone Zero 8080 MONOCHROME","Gaming","10.5","8699","Fixed","0","1","Zenless Zone Zero is an urban fantasy action RPG where players battle supernatural enemies in a post-apocalyptic city using fast-paced, stylish combat and a cast of unique characters.","{""text"":""1. Introduction\r\nThese Terms & Conditions (“T&C”) govern your use and redemption of Zenless Zone Zero gift cards. The cards are issued under the authority of COGNOSPHERE PTE. LTD. (“HoYoverse”, “we”, “us”) and are subject to the Zenless Zone Zero Terms of Service (https://zenless.hoyoverse.com/en-us/company/terms).\r\n\r\n2. Acceptance of Terms\r\nBy purchasing, using, or redeeming a gift card, you accept these T&C. Redemptions also require compliance with the official game TOS.\r\n\r\n3. Eligibility\r\n- Gift cards may be redeemed only in supported regions and through approved platforms.\r\n- HoYoverse reserves the right to limit or refuse redemption if any suspicious or unauthorized activity is detected.\r\n\r\n4. Gift Card Value & Expiry\r\n- Gift cards provide in-game credits or currency as specified on the card (e.g., Polychromes).\r\n- Gift cards do not expire unless local laws require otherwise.\r\n\r\n5. Redemption & Usage\r\n- Redemption must occur through official Zenless Zone Zero channels or affiliated platforms.\r\n- Once redeemed, credits are non-transferable and cannot be refunded or exchanged for cash.\r\n\r\n6. Refunds & Cancellations\r\n- All gift card purchases are final and non-refundable.\r\n- If any error occurs during redemption, users must contact HoYoverse support promptly.\r\n\r\n7. Fraud & Unauthorized Use\r\n- Fraudulent, stolen, or misused cards may be deactivated or confiscated without notice.\r\n- HoYoverse enforces anti-cheat and fair-use policies across all platforms.\r\n\r\n8. Intellectual Property\r\n- All branding, content, and assets associated with Zenless Zone Zero are the property of HoYoverse.\r\n- Use of such materials must comply with HoYoverse's brand and legal policies.\r\n\r\n9. Liability Limitation\r\n- Gift cards and their associated services are provided “as-is” without any warranty.\r\n- HoYoverse disclaims liability for indirect or consequential damages.\r\n\r\n10. Governing Law\r\n- These terms are governed by the laws of Singapore. Disputes shall be resolved under its jurisdiction.\r\n\r\n11. Updates to T&C\r\n- HoYoverse may modify these T&C at its discretion without prior notice.\r\n- Continued use after changes constitutes acceptance of the new terms.\r\n\r\n12. Contact Information\r\nFor gift card inquiries, contact Zenless Zone Zero support through the official game website.""}","{""raw"":""https://at.valuedesign.co.in/media/""}","2025-11-27T14:38:48.620826+00:00",,"2025-11-27T14:38:48.620826+00:00","2025-11-27T20:13:36.38204+00:00",,"1bbf49a5-e8bf-475d-a1fd-e542d5597afe","{}","[{""image"":null,""title"":""Go to the redemption website https://www.redeemcodenow.com.""},{""image"":null,""title"":""Enter your 16-digit voucher code.""},{""image"":null,""title"":""Enter your User ID select your Server and provide your email address.""},{""image"":null,""title"":""Click Redeem.""},{""image"":null,""title"":""If successful you’ll see a confirmation message and the in-game currency will be credited shortly.""}]","0","0","2025-11-27T14:38:47.48+00:00","Both","1","rpg, players","365"
"2f6b6af5-1029-4634-bbc1-35965dcd785c","ZENZOZEMO2240-46","Zenless Zone Zero 2240 MONOCHROME","Gaming","10.5","2609","Fixed","0","1","Zenless Zone Zero is an urban fantasy action RPG where players battle supernatural enemies in a post-apocalyptic city using fast-paced, stylish combat and a cast of unique characters.","{""text"":""1. Introduction\r\nThese Terms & Conditions (“T&C”) govern your use and redemption of Zenless Zone Zero gift cards. The cards are issued under the authority of COGNOSPHERE PTE. LTD. (“HoYoverse”, “we”, “us”) and are subject to the Zenless Zone Zero Terms of Service (https://zenless.hoyoverse.com/en-us/company/terms).\r\n\r\n2. Acceptance of Terms\r\nBy purchasing, using, or redeeming a gift card, you accept these T&C. Redemptions also require compliance with the official game TOS.\r\n\r\n3. Eligibility\r\n- Gift cards may be redeemed only in supported regions and through approved platforms.\r\n- HoYoverse reserves the right to limit or refuse redemption if any suspicious or unauthorized activity is detected.\r\n\r\n4. Gift Card Value & Expiry\r\n- Gift cards provide in-game credits or currency as specified on the card (e.g., Polychromes).\r\n- Gift cards do not expire unless local laws require otherwise.\r\n\r\n5. Redemption & Usage\r\n- Redemption must occur through official Zenless Zone Zero channels or affiliated platforms.\r\n- Once redeemed, credits are non-transferable and cannot be refunded or exchanged for cash.\r\n\r\n6. Refunds & Cancellations\r\n- All gift card purchases are final and non-refundable.\r\n- If any error occurs during redemption, users must contact HoYoverse support promptly.\r\n\r\n7. Fraud & Unauthorized Use\r\n- Fraudulent, stolen, or misused cards may be deactivated or confiscated without notice.\r\n- HoYoverse enforces anti-cheat and fair-use policies across all platforms.\r\n\r\n8. Intellectual Property\r\n- All branding, content, and assets associated with Zenless Zone Zero are the property of HoYoverse.\r\n- Use of such materials must comply with HoYoverse's brand and legal policies.\r\n\r\n9. Liability Limitation\r\n- Gift cards and their associated services are provided “as-is” without any warranty.\r\n- HoYoverse disclaims liability for indirect or consequential damages.\r\n\r\n10. Governing Law\r\n- These terms are governed by the laws of Singapore. Disputes shall be resolved under its jurisdiction.\r\n\r\n11. Updates to T&C\r\n- HoYoverse may modify these T&C at its discretion without prior notice.\r\n- Continued use after changes constitutes acceptance of the new terms.\r\n\r\n12. Contact Information\r\nFor gift card inquiries, contact Zenless Zone Zero support through the official game website.""}","{""raw"":""https://at.valuedesign.co.in/media/""}","2025-11-27T14:38:48.620826+00:00",,"2025-11-27T14:38:48.620826+00:00","2025-11-27T20:13:36.469038+00:00",,"1bbf49a5-e8bf-475d-a1fd-e542d5597afe","{}","[{""image"":null,""title"":""Go to the redemption website https://www.redeemcodenow.com.""},{""image"":null,""title"":""Enter your 16-digit voucher code.""},{""image"":null,""title"":""Enter your User ID select your Server and provide your email address.""},{""image"":null,""title"":""Click Redeem.""},{""image"":null,""title"":""If successful you’ll see a confirmation message and the in-game currency will be credited shortly.""}]","0","0","2025-11-27T14:38:47.48+00:00","Both","1","rpg, players","365"
"2bd8b415-7efb-4220-97a1-bdd2fa8fce19","ZENZOZEMO330-44","Zenless Zone Zero 330 MONOCHROME","Gaming","10.5","434","Fixed","0","1","Zenless Zone Zero is an urban fantasy action RPG where players battle supernatural enemies in a post-apocalyptic city using fast-paced, stylish combat and a cast of unique characters.","{""text"":""1. Introduction\r\nThese Terms & Conditions (“T&C”) govern your use and redemption of Zenless Zone Zero gift cards. The cards are issued under the authority of COGNOSPHERE PTE. LTD. (“HoYoverse”, “we”, “us”) and are subject to the Zenless Zone Zero Terms of Service (https://zenless.hoyoverse.com/en-us/company/terms).\r\n\r\n2. Acceptance of Terms\r\nBy purchasing, using, or redeeming a gift card, you accept these T&C. Redemptions also require compliance with the official game TOS.\r\n\r\n3. Eligibility\r\n- Gift cards may be redeemed only in supported regions and through approved platforms.\r\n- HoYoverse reserves the right to limit or refuse redemption if any suspicious or unauthorized activity is detected.\r\n\r\n4. Gift Card Value & Expiry\r\n- Gift cards provide in-game credits or currency as specified on the card (e.g., Polychromes).\r\n- Gift cards do not expire unless local laws require otherwise.\r\n\r\n5. Redemption & Usage\r\n- Redemption must occur through official Zenless Zone Zero channels or affiliated platforms.\r\n- Once redeemed, credits are non-transferable and cannot be refunded or exchanged for cash.\r\n\r\n6. Refunds & Cancellations\r\n- All gift card purchases are final and non-refundable.\r\n- If any error occurs during redemption, users must contact HoYoverse support promptly.\r\n\r\n7. Fraud & Unauthorized Use\r\n- Fraudulent, stolen, or misused cards may be deactivated or confiscated without notice.\r\n- HoYoverse enforces anti-cheat and fair-use policies across all platforms.\r\n\r\n8. Intellectual Property\r\n- All branding, content, and assets associated with Zenless Zone Zero are the property of HoYoverse.\r\n- Use of such materials must comply with HoYoverse's brand and legal policies.\r\n\r\n9. Liability Limitation\r\n- Gift cards and their associated services are provided “as-is” without any warranty.\r\n- HoYoverse disclaims liability for indirect or consequential damages.\r\n\r\n10. Governing Law\r\n- These terms are governed by the laws of Singapore. Disputes shall be resolved under its jurisdiction.\r\n\r\n11. Updates to T&C\r\n- HoYoverse may modify these T&C at its discretion without prior notice.\r\n- Continued use after changes constitutes acceptance of the new terms.\r\n\r\n12. Contact Information\r\nFor gift card inquiries, contact Zenless Zone Zero support through the official game website.""}","{""raw"":""https://at.valuedesign.co.in/media/""}","2025-11-27T14:38:48.620826+00:00",,"2025-11-27T14:38:48.620826+00:00","2025-11-27T20:13:36.558159+00:00",,"1bbf49a5-e8bf-475d-a1fd-e542d5597afe","{}","[{""image"":null,""title"":""Go to the redemption website https://www.redeemcodenow.com.""},{""image"":null,""title"":""Enter your 16-digit voucher code.""},{""image"":null,""title"":""Enter your User ID select your Server and provide your email address.""},{""image"":null,""title"":""Click Redeem.""},{""image"":null,""title"":""If successful you’ll see a confirmation message and the in-game currency will be credited shortly.""}]","0","0","2025-11-27T14:38:47.48+00:00","Both","1","rpg, players","365"
"65f30172-70ef-48ee-a7d2-f8907dd6dbf9","ZENZOZEMO60-39","Zenless Zone Zero 60 MONOCHROME","Gaming","10.5","86","Fixed","0","1","Zenless Zone Zero is an urban fantasy action RPG where players battle supernatural enemies in a post-apocalyptic city using fast-paced, stylish combat and a cast of unique characters.","{""text"":""1. Introduction\r\nThese Terms & Conditions (“T&C”) govern your use and redemption of Zenless Zone Zero gift cards. The cards are issued under the authority of COGNOSPHERE PTE. LTD. (“HoYoverse”, “we”, “us”) and are subject to the Zenless Zone Zero Terms of Service (https://zenless.hoyoverse.com/en-us/company/terms).\r\n\r\n2. Acceptance of Terms\r\nBy purchasing, using, or redeeming a gift card, you accept these T&C. Redemptions also require compliance with the official game TOS.\r\n\r\n3. Eligibility\r\n- Gift cards may be redeemed only in supported regions and through approved platforms.\r\n- HoYoverse reserves the right to limit or refuse redemption if any suspicious or unauthorized activity is detected.\r\n\r\n4. Gift Card Value & Expiry\r\n- Gift cards provide in-game credits or currency as specified on the card (e.g., Polychromes).\r\n- Gift cards do not expire unless local laws require otherwise.\r\n\r\n5. Redemption & Usage\r\n- Redemption must occur through official Zenless Zone Zero channels or affiliated platforms.\r\n- Once redeemed, credits are non-transferable and cannot be refunded or exchanged for cash.\r\n\r\n6. Refunds & Cancellations\r\n- All gift card purchases are final and non-refundable.\r\n- If any error occurs during redemption, users must contact HoYoverse support promptly.\r\n\r\n7. Fraud & Unauthorized Use\r\n- Fraudulent, stolen, or misused cards may be deactivated or confiscated without notice.\r\n- HoYoverse enforces anti-cheat and fair-use policies across all platforms.\r\n\r\n8. Intellectual Property\r\n- All branding, content, and assets associated with Zenless Zone Zero are the property of HoYoverse.\r\n- Use of such materials must comply with HoYoverse's brand and legal policies.\r\n\r\n9. Liability Limitation\r\n- Gift cards and their associated services are provided “as-is” without any warranty.\r\n- HoYoverse disclaims liability for indirect or consequential damages.\r\n\r\n10. Governing Law\r\n- These terms are governed by the laws of Singapore. Disputes shall be resolved under its jurisdiction.\r\n\r\n11. Updates to T&C\r\n- HoYoverse may modify these T&C at its discretion without prior notice.\r\n- Continued use after changes constitutes acceptance of the new terms.\r\n\r\n12. Contact Information\r\nFor gift card inquiries, contact Zenless Zone Zero support through the official game website.""}","{""raw"":""https://at.valuedesign.co.in/media/""}","2025-11-27T14:38:48.620826+00:00",,"2025-11-27T14:38:48.620826+00:00","2025-11-27T20:13:36.646838+00:00",,"1bbf49a5-e8bf-475d-a1fd-e542d5597afe","{}","[{""image"":null,""title"":""Go to the redemption website https://www.redeemcodenow.com.""},{""image"":null,""title"":""Enter your 16-digit voucher code.""},{""image"":null,""title"":""Enter your User ID select your Server and provide your email address.""},{""image"":null,""title"":""Click Redeem.""},{""image"":null,""title"":""If successful you’ll see a confirmation message and the in-game currency will be credited shortly.""}]","0","0","2025-11-27T14:38:47.48+00:00","Both","1","rpg, players","365"
"67a444cd-e4ef-440d-8116-b6e64615737b","HONSROS8080-55","Honkai: Star Rail 8080 Oneiric Shard","Gaming","10.5","8699","Fixed","0","1","Honkai: Star Rail is a turn-based sci-fi RPG where players explore space stations and alien worlds with a team of anime-style characters in a richly animated universe.","{""text"":""1. Introduction\r\nThese Terms & Conditions (“T&C”) govern your use and redemption of Honkai: Star Rail gift cards. The cards are issued under the authority of COGNOSPHERE PTE. LTD. (“HoYoverse”, “we”, “us”) and subject to the Honkai: Star Rail Terms of Service (https://hsr.hoyoverse.com/en-us/company/terms).\r\n\r\n2. Acceptance of Terms\r\nBy purchasing, using, or redeeming a gift card, you accept these T&C. Redemptions further bind you to the official game TOS.\r\n\r\n3. Eligibility\r\n- Gift cards may only be redeemed in supported regions and via approved storefronts.\r\n- HoYoverse reserves the right to restrict or refuse redemption for any reason, including suspicious activity.\r\n\r\n4. Gift Card Value & Expiry\r\n- The card entitles the user to in-game credit denominated on the card (e.g. Stellar Jade).\r\n- Gift cards do not expire unless local regulations require expiry.\r\n\r\n5. Redemption & Usage\r\n- Gift card codes must be redeemed via the official Honkai: Star Rail redemption portal or approved platforms.\r\n- Once redeemed, the associated game credit is non-transferable and non-refundable.\r\n\r\n6. Refunds & Cancellations\r\n- Gift cards are non-refundable and cannot be exchanged once issued.\r\n- In case of technical errors during redemption, please contact HoYoverse customer support immediately.\r\n\r\n7. Fraud & Unauthorized Use\r\n- Any attempts at purchasing or using stolen/unauthorized accounts/dashboard codes may result in card forfeiture.\r\n- Fair play rules apply: shared, traded, or multiple accounts from a single source may lead to account bans.\r\n\r\n8. Intellectual Property\r\n- Logos, game assets, and content associated with Honkai: Star Rail remain the property of HoYoverse.\r\n- Use or link to these assets must comply with HoYoverse’s brand guidelines.\r\n\r\n9. Liability Limitation\r\n- To the maximum extent permitted by law, HoYoverse provides this gift card “as-is” without warranties.\r\n- We are not liable for indirect, incidental, or consequential damages.\r\n\r\n10. Governing Law\r\n- These T&C are governed by Singapore law, and disputes are subject to the jurisdiction of its courts.\r\n\r\n11. Updates to T&C\r\n- HoYoverse may amend these T&C at its discretion.\r\n- Users will be notified of changes, and continued use constitutes acceptance.\r\n\r\n12. Contact Information\r\nFor inquiries or issues related to gift cards, please contact official Honkai: Star Rail support via the game’s website.""}","{""raw"":""https://at.valuedesign.co.in/media/""}","2025-11-27T14:38:48.620826+00:00",,"2025-11-27T14:38:48.620826+00:00","2025-11-27T20:13:36.733658+00:00",,"1bbf49a5-e8bf-475d-a1fd-e542d5597afe","{}","[{""image"":null,""title"":""Visit the redemption website https://www.redeemcodenow.com.""},{""image"":null,""title"":""Enter your 16-digit voucher code.""},{""image"":null,""title"":""Enter your User ID select your Server and provide your email address.""},{""image"":null,""title"":""Click Redeem.""},{""image"":null,""title"":""Upon successful redemption a confirmation message will appear and the in-game currency will be credited shortly.""}]","0","0","2025-11-27T14:38:47.481+00:00","Both","1","rpg, players","365"
"a3e7dd48-3fc1-441e-8678-93f23fa66f2c","HONSROS3880-54","Honkai: Star Rail 3880 Oneiric Shard","Gaming","10.5","4349","Fixed","0","1","Honkai: Star Rail is a turn-based sci-fi RPG where players explore space stations and alien worlds with a team of anime-style characters in a richly animated universe.","{""text"":""1. Introduction\r\nThese Terms & Conditions (“T&C”) govern your use and redemption of Honkai: Star Rail gift cards. The cards are issued under the authority of COGNOSPHERE PTE. LTD. (“HoYoverse”, “we”, “us”) and subject to the Honkai: Star Rail Terms of Service (https://hsr.hoyoverse.com/en-us/company/terms).\r\n\r\n2. Acceptance of Terms\r\nBy purchasing, using, or redeeming a gift card, you accept these T&C. Redemptions further bind you to the official game TOS.\r\n\r\n3. Eligibility\r\n- Gift cards may only be redeemed in supported regions and via approved storefronts.\r\n- HoYoverse reserves the right to restrict or refuse redemption for any reason, including suspicious activity.\r\n\r\n4. Gift Card Value & Expiry\r\n- The card entitles the user to in-game credit denominated on the card (e.g. Stellar Jade).\r\n- Gift cards do not expire unless local regulations require expiry.\r\n\r\n5. Redemption & Usage\r\n- Gift card codes must be redeemed via the official Honkai: Star Rail redemption portal or approved platforms.\r\n- Once redeemed, the associated game credit is non-transferable and non-refundable.\r\n\r\n6. Refunds & Cancellations\r\n- Gift cards are non-refundable and cannot be exchanged once issued.\r\n- In case of technical errors during redemption, please contact HoYoverse customer support immediately.\r\n\r\n7. Fraud & Unauthorized Use\r\n- Any attempts at purchasing or using stolen/unauthorized accounts/dashboard codes may result in card forfeiture.\r\n- Fair play rules apply: shared, traded, or multiple accounts from a single source may lead to account bans.\r\n\r\n8. Intellectual Property\r\n- Logos, game assets, and content associated with Honkai: Star Rail remain the property of HoYoverse.\r\n- Use or link to these assets must comply with HoYoverse’s brand guidelines.\r\n\r\n9. Liability Limitation\r\n- To the maximum extent permitted by law, HoYoverse provides this gift card “as-is” without warranties.\r\n- We are not liable for indirect, incidental, or consequential damages.\r\n\r\n10. Governing Law\r\n- These T&C are governed by Singapore law, and disputes are subject to the jurisdiction of its courts.\r\n\r\n11. Updates to T&C\r\n- HoYoverse may amend these T&C at its discretion.\r\n- Users will be notified of changes, and continued use constitutes acceptance.\r\n\r\n12. Contact Information\r\nFor inquiries or issues related to gift cards, please contact official Honkai: Star Rail support via the game’s website.""}","{""raw"":""https://at.valuedesign.co.in/media/""}","2025-11-27T14:38:48.620826+00:00",,"2025-11-27T14:38:48.620826+00:00","2025-11-27T20:13:36.819512+00:00",,"1bbf49a5-e8bf-475d-a1fd-e542d5597afe","{}","[{""image"":null,""title"":""Visit the redemption website https://www.redeemcodenow.com.""},{""image"":null,""title"":""Enter your 16-digit voucher code.""},{""image"":null,""title"":""Enter your User ID select your Server and provide your email address.""},{""image"":null,""title"":""Click Redeem.""},{""image"":null,""title"":""Upon successful redemption a confirmation message will appear and the in-game currency will be credited shortly.""}]","0","0","2025-11-27T14:38:47.481+00:00","Both","1","rpg, players","365"
"ccac6fd7-bb61-4dc1-b33a-b340823a8bcf","SonyPSINR5000","Plays India INR 5000","Gaming","1.5","5000","Fixed","0","1","Easily add funds to your PlayStation®Network wallet without the need for a credit card. Top up your PSN wallet to purchase full games, add-on content and more through PlayStation®Store, accessible with your PS4, PS3 or PS Vita. Some of the great content you’ll find on PlayStation®Store includes, games, add-on content, avatars and themes.","{""text"":""1. Broadband, Wi-Fi or 3G internet connection required (system dependent). User is responsible for internet connection fees. \r\n2. Code redeemable only against the issuer by users holding an SEN account registered in respective region\r\n3. FPB 18 users must be SEN master account holders aged 18 & over. Aged 7 & over require parental consent if under 18.\r\n4. Online multiplayer functionality on PlayStation®4 is only available to users with a current paid-for PlayStation®Plus account. \r\n5. Voucher code issued by Sony Interactive Entertainment Network Europe Limited and expires 12 months from date of purchase\r\n6. Voucher code not redeemable for cash and cannot be resold or, exchanged""}","{""raw"":""https://at.valuedesign.co.in/media/uploads/products/_5000.png""}","2025-11-27T14:38:48.620826+00:00",,"2025-11-27T14:38:48.620826+00:00","2025-11-27T20:13:36.121115+00:00",,"1bbf49a5-e8bf-475d-a1fd-e542d5597afe","{}","[]","0","0","2025-11-27T14:38:47.479+00:00","Both","1","inr, add, playstation","360"
"538fb908-cdae-4371-af8e-bac65ec21950","ZENZOZEIKM0-49","Zenless Zone Zero Inter-Knot Membership","Gaming","10.5","434","Fixed","0","1","Zenless Zone Zero is an urban fantasy action RPG where players battle supernatural enemies in a post-apocalyptic city using fast-paced, stylish combat and a cast of unique characters.","{""text"":""1. Introduction\r\nThese Terms & Conditions (“T&C”) govern your use and redemption of Zenless Zone Zero gift cards. The cards are issued under the authority of COGNOSPHERE PTE. LTD. (“HoYoverse”, “we”, “us”) and are subject to the Zenless Zone Zero Terms of Service (https://zenless.hoyoverse.com/en-us/company/terms).\r\n\r\n2. Acceptance of Terms\r\nBy purchasing, using, or redeeming a gift card, you accept these T&C. Redemptions also require compliance with the official game TOS.\r\n\r\n3. Eligibility\r\n- Gift cards may be redeemed only in supported regions and through approved platforms.\r\n- HoYoverse reserves the right to limit or refuse redemption if any suspicious or unauthorized activity is detected.\r\n\r\n4. Gift Card Value & Expiry\r\n- Gift cards provide in-game credits or currency as specified on the card (e.g., Polychromes).\r\n- Gift cards do not expire unless local laws require otherwise.\r\n\r\n5. Redemption & Usage\r\n- Redemption must occur through official Zenless Zone Zero channels or affiliated platforms.\r\n- Once redeemed, credits are non-transferable and cannot be refunded or exchanged for cash.\r\n\r\n6. Refunds & Cancellations\r\n- All gift card purchases are final and non-refundable.\r\n- If any error occurs during redemption, users must contact HoYoverse support promptly.\r\n\r\n7. Fraud & Unauthorized Use\r\n- Fraudulent, stolen, or misused cards may be deactivated or confiscated without notice.\r\n- HoYoverse enforces anti-cheat and fair-use policies across all platforms.\r\n\r\n8. Intellectual Property\r\n- All branding, content, and assets associated with Zenless Zone Zero are the property of HoYoverse.\r\n- Use of such materials must comply with HoYoverse's brand and legal policies.\r\n\r\n9. Liability Limitation\r\n- Gift cards and their associated services are provided “as-is” without any warranty.\r\n- HoYoverse disclaims liability for indirect or consequential damages.\r\n\r\n10. Governing Law\r\n- These terms are governed by the laws of Singapore. Disputes shall be resolved under its jurisdiction.\r\n\r\n11. Updates to T&C\r\n- HoYoverse may modify these T&C at its discretion without prior notice.\r\n- Continued use after changes constitutes acceptance of the new terms.\r\n\r\n12. Contact Information\r\nFor gift card inquiries, contact Zenless Zone Zero support through the official game website.""}","{""raw"":""https://at.valuedesign.co.in/media/""}","2025-11-27T14:38:48.620826+00:00",,"2025-11-27T14:38:48.620826+00:00","2025-11-27T20:13:36.297789+00:00",,"1bbf49a5-e8bf-475d-a1fd-e542d5597afe","{}","[{""image"":null,""title"":""Go to the redemption website https://www.redeemcodenow.com.""},{""image"":null,""title"":""Enter your 16-digit voucher code.""},{""image"":null,""title"":""Enter your User ID select your Server and provide your email address.""},{""image"":null,""title"":""Click Redeem.""},{""image"":null,""title"":""If successful you’ll see a confirmation message and the in-game currency will be credited shortly.""}]","0","0","2025-11-27T14:38:47.48+00:00","Both","1","rpg, players","365"
"52bed505-1ab4-4d9a-b7a0-855087e9b7e8","HONSROS1090-52","Honkai: Star Rail 1090 Oneiric Shard","Gaming","10.5","1304","Fixed","0","1","Honkai: Star Rail is a turn-based sci-fi RPG where players explore space stations and alien worlds with a team of anime-style characters in a richly animated universe.","{""text"":""1. Introduction\r\nThese Terms & Conditions (“T&C”) govern your use and redemption of Honkai: Star Rail gift cards. The cards are issued under the authority of COGNOSPHERE PTE. LTD. (“HoYoverse”, “we”, “us”) and subject to the Honkai: Star Rail Terms of Service (https://hsr.hoyoverse.com/en-us/company/terms).\r\n\r\n2. Acceptance of Terms\r\nBy purchasing, using, or redeeming a gift card, you accept these T&C. Redemptions further bind you to the official game TOS.\r\n\r\n3. Eligibility\r\n- Gift cards may only be redeemed in supported regions and via approved storefronts.\r\n- HoYoverse reserves the right to restrict or refuse redemption for any reason, including suspicious activity.\r\n\r\n4. Gift Card Value & Expiry\r\n- The card entitles the user to in-game credit denominated on the card (e.g. Stellar Jade).\r\n- Gift cards do not expire unless local regulations require expiry.\r\n\r\n5. Redemption & Usage\r\n- Gift card codes must be redeemed via the official Honkai: Star Rail redemption portal or approved platforms.\r\n- Once redeemed, the associated game credit is non-transferable and non-refundable.\r\n\r\n6. Refunds & Cancellations\r\n- Gift cards are non-refundable and cannot be exchanged once issued.\r\n- In case of technical errors during redemption, please contact HoYoverse customer support immediately.\r\n\r\n7. Fraud & Unauthorized Use\r\n- Any attempts at purchasing or using stolen/unauthorized accounts/dashboard codes may result in card forfeiture.\r\n- Fair play rules apply: shared, traded, or multiple accounts from a single source may lead to account bans.\r\n\r\n8. Intellectual Property\r\n- Logos, game assets, and content associated with Honkai: Star Rail remain the property of HoYoverse.\r\n- Use or link to these assets must comply with HoYoverse’s brand guidelines.\r\n\r\n9. Liability Limitation\r\n- To the maximum extent permitted by law, HoYoverse provides this gift card “as-is” without warranties.\r\n- We are not liable for indirect, incidental, or consequential damages.\r\n\r\n10. Governing Law\r\n- These T&C are governed by Singapore law, and disputes are subject to the jurisdiction of its courts.\r\n\r\n11. Updates to T&C\r\n- HoYoverse may amend these T&C at its discretion.\r\n- Users will be notified of changes, and continued use constitutes acceptance.\r\n\r\n12. Contact Information\r\nFor inquiries or issues related to gift cards, please contact official Honkai: Star Rail support via the game’s website.""}","{""raw"":""https://at.valuedesign.co.in/media/""}","2025-11-27T14:38:48.620826+00:00",,"2025-11-27T14:38:48.620826+00:00","2025-11-27T20:13:36.90723+00:00",,"1bbf49a5-e8bf-475d-a1fd-e542d5597afe","{}","[{""image"":null,""title"":""Visit the redemption website https://www.redeemcodenow.com.""},{""image"":null,""title"":""Enter your 16-digit voucher code.""},{""image"":null,""title"":""Enter your User ID select your Server and provide your email address.""},{""image"":null,""title"":""Click Redeem.""},{""image"":null,""title"":""Upon successful redemption a confirmation message will appear and the in-game currency will be credited shortly.""}]","0","0","2025-11-27T14:38:47.481+00:00","Both","1","rpg, players","365"
"b2611179-1fac-420b-a149-8ae64057b51d","HONSROS60-50","Honkai: Star Rail 60 Oneiric Shard","Gaming","10.5","86","Fixed","0","1","Honkai: Star Rail is a turn-based sci-fi RPG where players explore space stations and alien worlds with a team of anime-style characters in a richly animated universe.","{""text"":""1. Introduction\r\nThese Terms & Conditions (“T&C”) govern your use and redemption of Honkai: Star Rail gift cards. The cards are issued under the authority of COGNOSPHERE PTE. LTD. (“HoYoverse”, “we”, “us”) and subject to the Honkai: Star Rail Terms of Service (https://hsr.hoyoverse.com/en-us/company/terms).\r\n\r\n2. Acceptance of Terms\r\nBy purchasing, using, or redeeming a gift card, you accept these T&C. Redemptions further bind you to the official game TOS.\r\n\r\n3. Eligibility\r\n- Gift cards may only be redeemed in supported regions and via approved storefronts.\r\n- HoYoverse reserves the right to restrict or refuse redemption for any reason, including suspicious activity.\r\n\r\n4. Gift Card Value & Expiry\r\n- The card entitles the user to in-game credit denominated on the card (e.g. Stellar Jade).\r\n- Gift cards do not expire unless local regulations require expiry.\r\n\r\n5. Redemption & Usage\r\n- Gift card codes must be redeemed via the official Honkai: Star Rail redemption portal or approved platforms.\r\n- Once redeemed, the associated game credit is non-transferable and non-refundable.\r\n\r\n6. Refunds & Cancellations\r\n- Gift cards are non-refundable and cannot be exchanged once issued.\r\n- In case of technical errors during redemption, please contact HoYoverse customer support immediately.\r\n\r\n7. Fraud & Unauthorized Use\r\n- Any attempts at purchasing or using stolen/unauthorized accounts/dashboard codes may result in card forfeiture.\r\n- Fair play rules apply: shared, traded, or multiple accounts from a single source may lead to account bans.\r\n\r\n8. Intellectual Property\r\n- Logos, game assets, and content associated with Honkai: Star Rail remain the property of HoYoverse.\r\n- Use or link to these assets must comply with HoYoverse’s brand guidelines.\r\n\r\n9. Liability Limitation\r\n- To the maximum extent permitted by law, HoYoverse provides this gift card “as-is” without warranties.\r\n- We are not liable for indirect, incidental, or consequential damages.\r\n\r\n10. Governing Law\r\n- These T&C are governed by Singapore law, and disputes are subject to the jurisdiction of its courts.\r\n\r\n11. Updates to T&C\r\n- HoYoverse may amend these T&C at its discretion.\r\n- Users will be notified of changes, and continued use constitutes acceptance.\r\n\r\n12. Contact Information\r\nFor inquiries or issues related to gift cards, please contact official Honkai: Star Rail support via the game’s website.""}","{""raw"":""https://at.valuedesign.co.in/media/""}","2025-11-27T14:38:48.620826+00:00",,"2025-11-27T14:38:48.620826+00:00","2025-11-27T20:13:36.997825+00:00",,"1bbf49a5-e8bf-475d-a1fd-e542d5597afe","{}","[{""image"":null,""title"":""Visit the redemption website https://www.redeemcodenow.com.""},{""image"":null,""title"":""Enter your 16-digit voucher code.""},{""image"":null,""title"":""Enter your User ID select your Server and provide your email address.""},{""image"":null,""title"":""Click Redeem.""},{""image"":null,""title"":""Upon successful redemption a confirmation message will appear and the in-game currency will be credited shortly.""}]","0","0","2025-11-27T14:38:47.481+00:00","Both","1","rpg, players","365"
"43a3a787-ec25-4b52-9d0e-614f30807368","BaskinRobbinseUScNtt01nKFwu5p","Baskin Robbins","Food & Beverages","12.5","50,100,250,500,1000","Fixed","0","1","Indulge in the sweetness of ice-creams, shakes, cakes, pies, and more! Baskin Robbins, the world?s largest ice cream specialty chain, is serving world-class flavors to its customers. Use Baskin Robbin's gift cards and gift vouchers and pamper your taste buds with discounted deals.","{""text"":""1.This is a Baskin Robbins Insta Gift Voucher (GV) / Gift Card (GC) and would be accepted at listed outlets.  <br/>2.The person who has the Baskin Robbins GV / GC Code is deemed to be the beneficiary. <br/>3.Do inform the cashier that you plan to use the GV / GC for making payments before billing. <br/>4.Gift Vouchers are not valid on discounted items, merchandise, cakes, sticks and pre-packed sundaes. <br/>5.Gift Vouchers are can be redeemed only in select parlors. Not valid at non-connected parlors, multiplexes, airports, shop-in-shops and select food courts where payments are made using food court cash cards <br/>6.Gift Vouchers cannot be used in conjunction with any other offers/schemes running at parlors <br/>7.Only the listed Baskin Robbins outlets at its sole discretion accept the GV / GC. Baskin Robbins may add or remove an outlet without giving any prior notice. <br/>8.More than one GV / GC can be used in one bill. <br/>9.This is a ONE time use GV / GC. <br/>10.No Credit note / Refund for the unused amount of the GV / GC will be given. <br/>11.Baskin Robbins GV / GC CANNOT be revalidated once expired. <br/>12.Baskin Robbins GV / GC cannot be redeemed on specific block out dates. Baskin Robbins may add or delete any date on its sole discretion. <br/>13.Any dispute related to the GV / GC should be referred to the issuing company and the decision of the issuing company shall be final. <br/>14.Baskin Robbins makes full efforts to accept Insta Gift Vouchers (GV) / Gift Card (GC), but on account of any technical / administrative reasons an outlet may refuse to accept the same. <br/>15.If an Insta Gift Voucher (GV) /Gift Card (GC) gets blocked on account of technical issue, it would get enabled in 72 hours. <br/>16.For any queries / issues related to GV, raise a request at www.gvhelpdesk.com""}","{""raw"":""https://at.valuedesign.co.in/media/uploads/products/BaskinRobbins.png""}","2025-11-27T14:38:48.620826+00:00",,"2025-11-27T14:38:48.620826+00:00","2025-11-27T20:13:37.172271+00:00",,"ad8a9a7e-38c0-46f6-8ccd-b5a53ca270b3","{""0"":""Gift Vouchers CANNOT be used Online."",""1"":""Multiple Gift Vouchers CAN be used in one bill."",""2"":""Gift Vouchers are ACCEPTED at all Listed Outlets.""}","[{""image"":""https://at.valuedesign.co.in/media/uploads/products/BaskinRobbins/1.png"",""title"":""Visit the listed outlet.""},{""image"":""https://at.valuedesign.co.in/media/uploads/products/BaskinRobbins/2.png"",""title"":""Order food & enjoy your meal.""},{""image"":null,""title"":""Provide the Gift Voucher to the cashier at the time of billing & pay the remaining amount by card or cash if required.""}]","0","0","2025-11-27T14:38:47.481+00:00","Both","Multiple","more, chain, its","365"
"a15ebd17-64ac-4d91-8caf-cfbf2b07db59","AureliabImEdd6PO7PaMQyF","Aurelia","Fashion & Lifestyle","10","250,500,1000,2000,5000","Fixed","0","1","Ethnic clothing has been re-defined with the latest collection of Aurelia clothes. The brand gives women a strong reason to dress up in contemporary and Indian wear. With a wide range of Kurti, palazzo, suits, and bottom wear, give yourself a makeover this season. Shop for Aurelia's traditional clothing at the best prices. Use Aurelia Gift Vouchers and Aurelia Gift Cards to avail great discounts on your next ethnic wear shopping.","{""text"":""1.This is a Aurelia Insta Gift Voucher (GV) or Gift Card (GC) and would be accepted at all Aurelia listed outlets. For outlet list, please visit https://www.gyftr.com/aurelia <br/>2.The person who has the Aurelia GV or GC Code is deemed to be the beneficiary. <br/>3.Do inform the cashier that you plan to use the GV or GC for making payments before billing. <br/>4.Only the listed Aurelia outlets at its sole discretion accept the GV or GC. Aurelia may add or remove an outlet without giving any prior notice. <br/>5.More than one GV or GC can be used in one bill. <br/>6.This is a ONE time use GV / GC. <br/>7.No Credit note or Refund for the unused amount of the GV / GC will be given. <br/>8.Aurelia GV or GC CANNOT be revalidated once expired. <br/>9.Aurelia GV or GC can be used during sale. <br/>10.Aurelia GV or GC cannot be redeemed on specific block out dates. Aurelia may add or delete any date on its sole discretion. <br/>11.Any dispute related to the Insta Gift Voucher (GV) or Insta Gift Card (GC) should be referred to the issuing company and the decision of the issuing company shall be final. <br/>12.Aurelia makes full efforts to accept Insta Gift Voucher (GV) or Gift Card (GC), but on account of any technical / administrative reasons an outlet may refuse to accept the same. <br/>13.If an Insta Gift Voucher (GV) or Gift Card (GC) gets blocked on account of technical issue, it would get enabled in 72 hours. <br/>14. Please contact Shop manager for any acceptance issue and for any queries / issues related to GV / GC, raise a request at www.gvhelpdesk.com""}","{""raw"":""https://at.valuedesign.co.in/media/uploads/products/Aurelia.png""}","2025-11-27T14:38:48.620826+00:00",,"2025-11-27T14:38:48.620826+00:00","2025-11-27T20:13:37.083105+00:00",,"4ead20e7-9a15-4b5f-bdb4-3ebafe4daf71","{""0"":""Gift Vouchers CAN Only be used at listed outlets"",""1"":""Gift Vouchers CAN be used to buy discounted products"",""2"":""Multiple Gift Vouchers CAN be used in one bill"",""3"":""Gift Vouchers CANNOT be used Online""}","[{""image"":""https://at.valuedesign.co.in/media/uploads/products/Aurelia/1.png"",""title"":""Use the outlet locator to locate the nearest outlet that accepts this Gift Voucher.""},{""image"":""https://at.valuedesign.co.in/media/uploads/products/Aurelia/2.png"",""title"":""Select your choice of merchandise.""},{""image"":null,""title"":""Share your Gift Voucher with the cashier at the time of billing & pay the remaining amount by cash or card if required.""}]","0","0","2025-11-27T14:38:47.481+00:00","Both","Multiple","brand, shop, prices","365"
"0a57510c-723f-4eaa-bcb8-1ffb879c54f8","TheManCompanywGKQRT4XceblXbRy","The Man Company","Wellness & Beauty","14.5","250,500,1000,2000,2500","Fixed","0","1","A premium men's grooming essentials brand offering products to customers across India. Head to toe range of men's grooming essentials, ranging from hair, face & body product to beard & shave product. Now buy products with The Man Company gift voucher and Gift cards and save extra on your shopping.","{""text"":""1.IMPORTANT   The Man Company GV / GC CANNOT be revalidated once expired or cancelled under any circumstances.  <br/>2.This is The Man Company Insta Gift Voucher (GV) / Gift Card (GC) and would be accepted on https://www.themancompany.com/ <br/>3.The person who has the The Man Company GV / GC Code is deemed to be the beneficiary. <br/>4.The Man Company is not responsible if the Gift card is lost, stolen or used without permission. <br/>5.Only one GV / GC can be used in one bill/transaction. <br/>6.This is a ONE time use GV / GC with an expiration date. <br/>7.No credit note / refund for the unused balance amount of the GV / GC will be given. <br/>8.Any such unused balance amount shall stand lapsed automatically. <br/>9.The Man Company GV / GC cannot be clubbed with any one of the existing offer on its website. <br/>10.The Man Company GV / GC cannot be redeemed on specific block out dates as may be intimated / updated by The Man Company on its website from time to time. The Man Company may add or delete any date(s)/period(s) on its sole discretion without any liability. <br/>11.Any dispute related to the GV / GC should be referred to the issuing company and the decision of the issuing company shall be final. In case of any legal disputes, the courts at Mumbai shall have the exclusive jurisdiction. <br/>12.The Man Company shall on best effort basis attempt to accept Insta Gift Vouchers (GV) / Gift Card (GC), but on account of any technical reason or for any reason beyond control of The Man Company, GV / GC may not get accepted on the website and The Man Company shall have no liability for the same. <br/>13.If an Insta Gift Voucher (GV) /Gift Card (GC) gets blocked on account of technical issue, it would get enabled in 72 hours. In case of transaction failures after Insta Gift Voucher (GV) / Gift Card (GC) is applied, amount would be automatically refunded to the same cards within 48 hours <br/>14.Please contact Shop Manager for any acceptance issue and if issue is still not resolved, you can write in to bit.ly/2CsY6BX or call 18001033314 for immediate help. <br/>15.The Man Company reserves the rights to edit/change the terms and conditions for the Insta Gift Voucher (GV) / Gift Card (GC) at any time without any notice or liability. <br/>16.The Man Company has the final authority on the interpretation of these rules. <br/>17.The Man Company reserves the right to withdraw Insta Gift Voucher (GV) / Gift Card (GC) scheme/offer before the completion of validity period without any notice or liability at its sole discretion. <br/>18.The Man Company reserves the right to deny accepting any Insta Gift Voucher (GV) / Gift Card (GC), if it suspects that there is duplicity of cards. <br/>19.In no event the liability of The Man Company for any claims shall exceed the value of the Insta Gift Voucher (GV) / Gift Card (GC) in dispute""}","{""raw"":""https://at.valuedesign.co.in/media/uploads/products/TheManCompany.png""}","2025-11-27T14:38:48.620826+00:00",,"2025-11-27T14:38:48.620826+00:00","2025-11-27T20:13:37.257837+00:00",,"f5575e42-86a0-4616-9408-0f096d2da35f","{}","[{""image"":""https://at.valuedesign.co.in/media/uploads/products/TheManCompany/1.jpeg"",""title"":""Visit . Select the product and add to cart.""},{""image"":""https://at.valuedesign.co.in/media/uploads/products/TheManCompany/2.jpeg"",""title"":""Click on Checkout.""},{""image"":""https://at.valuedesign.co.in/media/uploads/products/TheManCompany/3.jpeg"",""title"":""Enter your shipping details.""},{""image"":""https://at.valuedesign.co.in/media/uploads/products/TheManCompany/4.jpeg"",""title"":""Add the discount code in the input box and click on the arrow. Select your preferred mode of payment and Click on Complete Order.""}]","0","0","2025-11-27T14:38:47.484+00:00","Both","Multiple","company, brand, products","365"
"773ad131-a82a-401b-a1c2-9e3c29b017c5","EGCGBAJIORRL001","AJIO E-Gift Card","Fashion & Lifestyle","6.25","50-10000","Variable","0","1","AJIO E-Gift Card – A Style Treat For Everyone!\r\nWelcome to AJIO - India’s favourite online shopping destination. \r\nIndulge in the world of fashion with the best of global brands, home-grown labels and the trendiest international styles, with just a click.\r\nFrom a vast collection of looks, brands, home décor and accessories, AJIO has something for everyone. \r\nTreat your loved ones with the finest of fashion and lifestyle from our selection of premium international brands. \r\nBe it a birthday or an anniversary AJIO’s E-Gift Card will help ensure big smiles and happy hearts, with a seamless online shopping experience.\r\n \r\nPerks Of Gifting An E-Card:\r\nSuitable for all occasions like birthday, wedding, anniversary or festive celebrations\r\nUser(s) can redeem the card to shop from 2,500+ brands at AJIO\r\nEasy-to-use and convenient\r\nRedeemable for a minimum of 1 year\r\nThe cards are available in multiple denominations\r\nThe cards can be personalized with a message or a greeting \r\nIn case of returns, the E-Gift card amount bounces back and stays in your wallet","{""text"":""1. The E-Gift Cards are issued for the purpose of used on the AJIO desktop website/mobile website/ mobile application (“AJIO Portal”) by the customers of the AJIO Portal.\r\n2.\t2.\\tTerms of use\r\n3.\t(a)\\tThe Holders (defined hereunder) agree that usage of the E-Gift Card is a voluntary exercise and they are not bound to accept any terms or conditions herein, unless they use or redeem the E-Gift Card.\r\n4.\t(b)\\tThe E-Gift Card:\r\n5.\ti.\\tcannot be used to purchase other gift cards.\r\n6.\tii.\\tcannot be redeemed for Cash or Credit and cannot be reloaded.\r\n7.\tiii.\\tcannot be redeemed on the purchase of fine jewellery, silver and gold coins.\r\n8.\t3.\\tTerms of redemption\r\n9.\t(a)\\tThis E-Gift Card is redeemable only on the AJIO Portal.\r\n10.\t(b)\\tThe E-Gift Card once issued is valid for a total period of 12 months only from the date of issue\r\n11.\t(c)\\tFor the redemption of the E-Gift Card, every holder of E-Gift Card (“Holder”) shall be required to add the value stored on such E-Gift Card into the AJIO wallet account as AJIO Cash. The value of the gift card value to the AJIO Wallet account (AJIO Cash) is not transferable to any other account or to any bank account.\r\n12.\t(d)\\tThe loading of the E-Gift Card onto the user’s AJIO Wallet account shall constitute registration of the user on the AJIO Portal.\r\n13.\t(e)\\tOnce the E-Gift card is stored in the AJIO Wallet as AJIO cash it will have a total validity of 365 days for redemption on AJIO purchases\r\n14.\t(f)\\tIf the value of the products ordered (“Order Value”) is less than the total amount of the E-Gift Card, the outstanding balance (after deduction of order value) will reflect as AJIO cash in the AJIO Wallet account and can be used for subsequent transactions.\r\n15.\t(g)\\tIf the event that the Order Value exceeds the E-Gift Card amount, the balance must be paid by the Holder. The Holder acknowledges and agrees to pay any balance amount of the cost of the item being purchased, after the discount has been availed\r\n16.\t(h)\\tAll taxes, duties, levies or other statutory dues and charges payable in connection with the benefits accruing for the E-Gift Card, shall be borne solely by the Holder.\r\n17.\t(i)\\tThe Holder is solely responsible for the safety and security of the E -Gift Cards. AJIO Portal is not responsible for any acts of omission or commission if E-Gift Card is lost, stolen or used without permission.\r\n18.\t(j)\\tAll orders placed using the E-Gift Card are subject to availability of the products at the time of purchase and will be governed by the standard terms and conditions on the AJIO Portal. In case of return of the purchased item, please refer to the “Return Policy” on our website or contact AJIO customer care (https://www.ajio.com/selfcare).\r\n19.\t(k)\\tAJIO Portal assumes no responsibility for the products purchased using the E-Gift Card and any liability thereof is expressly disclaimed. Product warranty shall be regulated by the terms and conditions mentioned on the warranty card of respective products.\r\n20.\tGeneral Terms\r\n21.\t(a)\\tThere will be no extension of the E-Gift Card post the expiry of the validity date\r\n22.\t(b)\\tThe AJIO Portal reserves the unconditional right to cancel the E-Gift Card in the event the Holder breaches these terms of use of the E-Gift Card, and the terms and conditions of the AJIO Portal. In such cases, the funds shall be credited back to the same source from where these were received after proper investigation\r\n23.\t(c)\\tAJIO Portal reserves the right to change the terms and conditions of the E-Gift Card, including extending, withdrawing or discontinuing the same, at its sole discretion.\r\n24.\t(d)\\tAJIO will not be liable for any loss (including, without limitation, direct, indirect, special or consequential loss or loss of profits) expense or damage which is suffered or sustained in connection with E-Gift Card including any loss incurred as a result of any delay and/or failure to perform any obligation to the Holder that is caused by:\r\n25.\ti.\\ttechnical problems of any kind which may limit or prevent any person's from redeeming the E-Gift Card\r\n26.\tii.\\tany loss or damage arising from or in connection with the allocation or enjoyment of discount;\r\n27.\tiii.\\tany misuse of the E-Gift Card due to loss of any such confidential details.\r\n28.\tiv.\\tany other events beyond the AJIO Portal’s control that may cause the promotion to be disrupted or corrupted or may lead to loss of, or damage to, the Holder.\r\n29.\t(e)\\tThe Holder hereby agrees to indemnify and keep the AJIO Portal harmless against all damages, liabilities, costs, expenses, claims, suits and proceedings that may be suffered by the AJIO Portal as a consequence of (i) violation of the terms and conditions by the Holder; (ii) violation of applicable laws; (iii) any action or inaction resulting in wilful misconduct or negligence on the User’s part.\r\n30.\t(f)\\tUser agrees that, these terms shall be governed by and construed in accordance with the laws of India and the courts at Mumbai, Maharashtra shall have exclusive jurisdiction to decide over any controversy arising out of this E-Gift Card\r\n31.\t(g)\\tFor dispute and liability with respect to the E-Gift Card, please refer the customer grievance policy for dispute resolution, unauthorized transactions and liability related aspects at support@woohoo.in""}","{""raw"":""https://giftbig.s3.amazonaws.com/microsite/product/EGCGBAJIORRL001/d/thumbnail/5404_microsite.jpg""}","2025-11-27T14:38:48.620826+00:00",,"2025-11-27T14:38:48.620826+00:00","2025-11-27T20:13:39.604644+00:00",,"4ead20e7-9a15-4b5f-bdb4-3ebafe4daf71","{}","[{""image"":null,""title"":""Step 1 Enter the 16-digit Gift Card number""},{""image"":null,""title"":""Step 2 Enter the 6-digit pin""},{""image"":null,""title"":""Step 3 Click on the Add to AJIO Wallet button.""},{""image"":null,""title"":""The Gift Card amount will be added to your AJIO Wallet.""},{""image"":null,""title"":""You can use this amount to pay for your orders within 1 year of redemption.""}]","50","10000","2025-11-27T14:38:47.487+00:00","Both","Multiple","gift, card, india","360"
"c0405f57-7434-4bf3-a376-2c16b5e0640c","VijaySalesi6YPUJkVViegs5Xe","Vijay Sales","Fashion & Lifestyle","2.5","500,1000,1500,2000,2500,3000,5000,7500,9999","Fixed","0","1","Vijay Sales is an Indian electronics retail chain based out of Mumbai. Vijay Sales is your most preferable destination for consumer electronics and offering guests the best in quality and service has been the primary principle at Vijay Sales since its inception. VIJAY SALES caters to guests of all budgets and preferences.","{""text"":""1.This is a Vijay Sales Insta Gift Voucher (GV) / Gift Card (GC) and would be accepted at the stores <br/>2.The holder of the Instant Gift Voucher is deemed to be the beneficiary. <br/>3.Beneficiary should announce the intent of using the Instant Gift Voucher before making a purchase. <br/>4.Only valid Instant Gift Vouchers at the sole discretion of VIJAY SALES shall be accepted for redemption.Vijay Sales Insta Gift Voucher balance should be mapped with the registered mobile number and transfer of balance is not possible, it will stand cancelled. <br/>5.Multiple vouchers can be used against one bill. <br/>6.Once the voucher gets added to the EPay balance, it can be utilized till the balance gets exhausted or expires.No credit note or refund for the unused balance amount will be given. <br/>7.Instant Gift Voucher cannot be revalidated once expired. <br/>8.VIJAY SALES or its affiliates are not responsible on account of the beneficiary sharing the Instant Gift Voucher number and the voucher getting redeemed on that account. <br/>9.The Brand may ask for a valid Government identity proof at the time of redeeming the voucher. <br/>10.Instant Gift Vouchers will be accepted across all mentioned outlets at its sole discretion.Brand may add or remove an outlet from the list without giving any prior notice. <br/>11.VIJAY SALES makes full efforts to accept all Instant Gift Vouchers but on account of technical / administrative reasons, an outlet may refuse to accept vouchers. <br/>12.This Instant Gift Voucher cannot be redeemed on specific block out dates. VIJAY SALES may add or delete any date on its sole discretion. <br/>13.VIJAY SALES or any of its partners would not be liable to pay any form of compensation etc on account of an outlet not being able to accept Instant Gift Voucher. The customer would be liable to settle the bill. <br/>14.If an Instant Gift Voucher gets blocked on account of technical issue, it would get activated in 72 hours. <br/>15.Any dispute should be referred to the company from where the Instant Gift Voucher has been received, decision of the company shall be final. <br/>16.For any queries / issues related to GV / GC, raise a request at gvhelpdesk.com""}","{""raw"":""https://at.valuedesign.co.in/media/uploads/products/VijaySales.jpeg""}","2025-11-27T14:38:48.620826+00:00",,"2025-11-27T14:38:48.620826+00:00","2025-11-27T20:13:40.126645+00:00",,"4ead20e7-9a15-4b5f-bdb4-3ebafe4daf71","{""0"":""This is a Vijay Sales Insta Gift Voucher (GV) / Gift Card (GC) and would be accepted at the stores"",""1"":""Multiple vouchers can be used against one bill"",""2"":""For using multiple vouchers, customer will need to add the vouchers to your Vijay Sales GV balance"",""3"":""The Vijay Sales GV balance can be used over multiple transactions as per any amount"",""4"":""Visit https://www.gftr.it to activate/add E-Pay Code to your account.""}","[{""image"":""https://at.valuedesign.co.in/media/uploads/products/VijaySales/1.jpeg"",""title"":""Share the registered mobile number with cashier, once products are scanned for invoicing by the cashier""},{""image"":""https://at.valuedesign.co.in/media/uploads/products/VijaySales/2.jpeg"",""title"":""Cashier to confirm the available Gift Voucher and its balance""},{""image"":""https://at.valuedesign.co.in/media/uploads/products/VijaySales/3.png"",""title"":""Customer to confirm the amount to be used for redemption and proceed further for balance payment, if any Cashier to proceed with invoicing""}]","0","0","2025-11-27T14:38:47.488+00:00","Offline","Multiple","fashion---lifestyle","365"
"b3d56a82-369f-49b4-9655-6205d1746779","EGCGBLBF001","Lite Bite Food E-Gift Card","Food & Beverages","7.5","500-50000","Variable","0","1","The Lion Head is a representation of the Royal State of Punjab. In Ancient India, Maharaja Ranjit Singh was bestowed with the title of Sher-e-Punjab which meant – The Lion of Punjab for his bravery and courage. It was during his era that the State and its people gained great prominence and became known for their bravery in the battle field. Punjab Grill is an endeavour by Lite Bite Foods to take our guests on a culinary journey into the grandeur of the Royal State of undivided Punjab.\r\nStreet Foods by Punjab Grill is the destination to experience our indigenous cuisine, culture & community. We bring the rich culinary experience to your taste buds. Savour mouth melting lazeez kebabs, gorge on aromatic matkadum biryani or brighten up the day with kulhadwali chai. The meal can be rounded with rich apple phirni. Inspired by the by lanes of India, the food prepared and served is presented in its hygienic avatar. It is also our effort to increase the usage of ecofriendly earthen ware.\r\nAsia Seven infuses an abundance of ingredients sourced from each region to enhance the traditional fare. Experience the vivid colours and aromatic flavours of Asia at our award - winning restaurant. While the famed and extensive dumplings range are at the heart of the menu, our culinary repertoire is much broader with a variety of noodles, wok-fried seafood & juicy spiced meat, all showcasing the finest of fresh seasonal produce.\r\nYOÜMEE is a reflection of an overall cultural interest in food and cooking. The place is not just about fiery battles and the story, it is about the language of vegetables, meat, spices, and herbs.\r\nLocated in Gurgaon, the ambience at Zambar is experiential and\r\npromises to show the different facets of Southern India through vibrant\r\ndelicacies and dynamic décor. The menu of Zambar is exhaustive going\r\nfar beyond the staple offering of sambar, dosa, vada and idli. There is a\r\nrange of vegetarian fusion dishes like Charcoal Tandoor SrilankanKotthu\r\nRoti, Andhra Tomato Pappu Dhal, the ChettinadKozhambhu,\r\nGobhiKempuBezule, KajuKothumir Wade or Zambar Dosa.","{""text"":""1.\tRedeemable across all LBF outlets\r\n2.\tNot valid on 31st December.\r\n3.\tValid only on Dine in/take away.\r\n4.\tValidity 6 months from the date of issue.\r\n5.\tOnly one voucher can be redeemed in one bill\r\n6.\tVoucher Type : Digital.\r\n7.\tThis voucher cannot be club with any other offers running at outlets.\r\n8.\tThe voucher can be redeemed only once.\r\n9.\tThe intended recipient can use the voucher only and the voucher cannot be transferred to, resold to / exchanged with a third party or cannot be encashed.\r\n10.\tPrior reservation is recommended.\r\n11.\tA voucher will not be valid for use and may be rejected or cancelled at any time by Lite Bite Foods, if it reasonably believes there has been a breach of any condition. The voucher holder agrees it has no claim against Lite Bite Foods in the event of such rejection or cancellation.\r\n12.\tIn case you have misplaced or deleted the voucher, please email us on corpsales@lbf.co.in""}","{""raw"":""https://giftbig.s3.amazonaws.com/microsite/product/EGCGBLBF001/d/thumbnail/5717_microsite.jpg""}","2025-11-27T14:38:48.620826+00:00",,"2025-11-27T14:38:48.620826+00:00","2025-11-27T20:13:40.731975+00:00",,"ad8a9a7e-38c0-46f6-8ccd-b5a53ca270b3","{}","[{""image"":null,""title"":""Visit outlet""},{""image"":null,""title"":""Complete dining""},{""image"":null,""title"":""At time of billing present card number and pin to cashier""},{""image"":null,""title"":""In case card is valid and has balance cashier will redeem in Point of Sale and hand over invoice""}]","500","50000","2025-11-27T14:38:47.489+00:00","Both","Multiple","food, gift, card","180"
"bda212cb-ad1d-4967-b628-2b1ef6cafe5e","EGCGBREL004","My Jio Store E-Gift Voucher","E-Commerce","3.5","250-10000","Variable","0","1","My Jio Store caters to India’s rapidly growing market for mobility and communication products by offering a wide range of mobile phones and accessories. It also acts as an interface for providing new Jio mobile connections, recharge services, and resolving the telecom arm's customer queries. The store offers a range of Jio-exclusive phones from leading brands and are available with attractive Jio mobile connection bundles. Customers can also shop for a wide range of electronics through its web catalogue and get them delivered & installed at their home. With its network of 8,000+ stores across all major towns and cities of India, My Jio Store offers consumers the convenience of shopping in a neighbourhood store, even in the remotest pockets of India.","{""text"":""1.\tThis Gift Voucher is issued by Reliance Retail Limited (Reliance).\r\n2.\tThis Gift Voucher is redeemable, and it is valid only for a period of 12 months from the date of receipt.\r\n3.\tGift Voucher can be redeemed only against the purchase of qualified products from My Jio Stores in India.\r\n4.\tGift Voucher can’t be exchanged for cash. This Gift Voucher can be redeemed only once.\r\n5.\tThis Gift Voucher is not valid on purchase of Gold/Silver Coins.\r\n6.\tThis Gift Voucher cannot be redeemed in parts and needs to be redeemed for full value.\r\n7.\tNo extension of the Validity period nor refund of the value of Gift Voucher in case of failure to use the Gift Voucher on or before the validity period.\r\n8.\tReliance shall not be responsible for loss or misuse of Gift Voucher and no duplicate or compensation in lieu of the Gift Voucher shall be given by Reliance.\r\n9.\tReliance’s overall liability will not exceed the value of the Gift Voucher.\r\n10.\tGift Vouchers CAN be used to buy discounted products\r\n11.\tMultiple Gift Vouchers CAN be used in one bill.\r\n12.\tGift Vouchers CAN be used at all Listed Outlets on storelocator.ril.com/Retail.\r\n13.\tGift Vouchers CANNOT be used online.\r\n14.\tBearer of the Gift Voucher shall be deemed to have read, understood and accepted these terms and conditions.\r\n15.\tBearer of the code of Gift Voucher is deemed to be the beneficiary of this Gift Voucher. Any redemption by the bearer of Gift Voucher shall be considered as a valid discharge of liabilities by Reliance.\r\n16.\tReliance shall not be liable under any circumstances towards any loss or damage or expenses or cost or any third-party liability, whether directly or indirectly arising out of or in relation to use of Gift Voucher and redemption thereunder by the bearer.\r\n17.\tReliance reserves its right to modify/amend the terms and conditions of the Gift Voucher at any time without prior notice and such modifications shall be binding on the user/bearer of the Gift Voucher.\r\n18.\tAny dispute with regard to Product liability, guarantee, warranty and quality of the Products to be purchased under redemption of the Gift Voucher shall be addressed to the respective Manufacturer/ Brand Owner and Reliance shall not be held responsible/liable for the same. The guarantee and warranty of the Products shall be transferred, as received from the respective Manufacturer/Buyer.\r\n19.\tIn case of any issue faced by the Gift Voucher bearer, the Gift Voucher bearer can reach out to Customer service desk at the Stores or Customer Care at Toll free number 18008910001/18001027382 or Email at customerservice@ril.com.\r\n20.\tFor any Reliance Retail GV queries / issues related to receiving of the voucher, please reach out to customer care of Qwikcilver at RRLsupport@pinelabs.com\r\n21.\tThe Gift Voucher is binding for all applicable laws of India.\r\n22.\tAll disputes are subject to the jurisdiction of courts at Mumbai only.""}","{""raw"":""https://giftbig.s3.amazonaws.com/microsite/product/EGCGBREL004/d/thumbnail/8211_microsite.jpg""}","2025-11-27T14:38:48.620826+00:00",,"2025-11-27T14:38:48.620826+00:00","2025-11-27T20:13:41.613427+00:00",,"4b9e758e-7c45-4642-ac6e-641028f0d9a5","{}","[{""image"":null,""title"":""Visit the outlet near you.""},{""image"":null,""title"":""Before making the purchase confirm about the acceptance of Gift Card at the store.""},{""image"":null,""title"":""Choose the products you would like to buy.""},{""image"":null,""title"":""Show your Gift Card details to the cashier at the time of billing & pay any balance amount by cash or card.""}]","250","10000","2025-11-27T14:38:47.49+00:00","Both","Multiple","jio, store, gift","360"
"fed91ccf-bee0-42cd-8ccc-30c7579334a8","EGCGBMMTHOL001","Makemytrip Holiday E-Gift Card","Tour & Travel","9","250-200000","Variable","0","1","MakeMyTrip.com, India’s leading online travel company was founded in the year 2000 by Deep Kalra. Created to empower the Indian traveller with instant booking and comprehensive choices, the company began its journey in the US-India travel market. It aimed to offer a range of best-value products and services along with cutting-edge technology and dedicated round-the-clock customer support.","{""text"":""•\tThe Gift card is valid for purchases made from MakeMyTrip only and is valid for a period of 12 Months from the date of Purchase.\r\n• To check your voucher balance & validity, please log on to - https://www.makemytrip.com/gift-cards/\r\n\r\nThe Gift card is valid for purchases of Holidays made from MakeMyTrip Only.\r\no\tCan be redeemed online at www.makemytrip.com or on MakeMyTrip Android & IOS app. Please follow the steps listed below:\r\n\tSelect your Holiday and fill required details till you reach the payment page.\r\n\tOn Website, click on \""More options\"" and Select \""Gift Card\"" as your Payment Mode. On Android and IOS app, choose Gift Card as the payment option\r\n\tEnter your Gift Card/ Card No. (16 Digit) and 6 Digit Pin No.\r\n\tClick on \""Make Payment\"" and Pay the Balance amount (if any) using other Payment Modes Listed.\r\no\tFor redeeming Holidays offline through our Holiday Experts:\r\n\tPlease call the understated number to redeem the card.\r\n\tDomestic and International Holiday packages: 0124- 4628747. You can reach out to our travel expert between 9 AM to 9 PM.\r\n\tAlternatively you can also write on Giftvouchers@makemytrip.com\r\n\tYou can also visit the MakeMyTrip Branches to redeem.\r\n•\tThis Gift card is not valid on individual Fights, individual Hotels, Bus, Rail, Homestays, VISA, experiences and Car bookings.\r\n•\tThe Gift Card is not valid on bookings through myBiz.\r\n•\tGift cards are valid on bookings made through MMT Mobile App. \r\n•\tIn case of transaction failures after Gift Card is applied, amount would be automatically refunded to the same cards within 24 hours.\r\n•\tThis Gift card/voucher cannot be clubbed with any other ongoing offer discount/cash back/promotion run by Makemytrip.com on app or website. \r\n•\tThis Gift card is valid for partial redemption. Balance would remain in the Gift Card till the validity period and can be reused for multiple transactions.\r\n•\tMultiple Gift Cards (up to 3) can be combined and used in 1 booking.\r\n•\tProducts and services are subject to availability.   \r\n•\tThe Gift card cannot be cancelled or exchanged for cash. \r\n•\tThe Gift card validity cannot be extended under any circumstances.\r\n•\tGift Card code/Physical copy or both to be provided at the time of booking along with an ID proof for the offline redemption. \r\n•\tMakeMyTrip is not responsible if the Gift card is lost, stolen or used without permission. \r\n•\tIn case of cancellation of bookings made using the gift card within the validity period, the amount will be reversed to the same card as used at the time of booking. \r\n•\tUsers are required to save the gift card number and PIN to utilize this refunded amount as we will not be able to reset the PIN or reissue a new gift card number.\r\n•\tIn case of cancellations where the gift card validity has expired, no refund will be processed for the amount paid by the gift card.\r\n•\tMakeMyTrip is the final authority on the interpretation of these rules \r\n•\tMakeMyTrip reserves the right to deny accepting any Gift card if it suspects that there is duplicity of cards. \r\n•\tIn no event the liability of MakeMyTrip for any claims shall exceed the value of the card. \r\n•\tIn the event of any dispute, parties agree to exclusive jurisdiction of courts of New Delhi. \r\n•\tThis is for individual use only, Travel agents found using the card would lead to cancellation of booking and no refund would be made.\r\n•\tFor any issue or query regarding Gift card, please write to Giftvouchers@makemytrip.com""}","{""raw"":""https://giftbig.s3.amazonaws.com/microsite/product/EGCGBMMTHOL001/d/thumbnail/242_microsite.jpg""}","2025-11-27T14:38:48.620826+00:00",,"2025-11-27T14:38:48.620826+00:00","2025-11-27T20:13:41.879561+00:00",,"b44a4dcd-7a94-4a48-a266-a96134850e89","{}","[{""image"":null,""title"":""Select your Holiday and fill required details till you reach the payment page.""},{""image"":null,""title"":""On Website, click on \""More options\"" and Select \""Gift Card\"" as your Payment Mode. On Android and IOS app, choose Gift Card as the payment option""},{""image"":null,""title"":""Enter your Gift Card/ Card No. (16 Digit) and 6 Digit Pin No.""},{""image"":null,""title"":""Click on \""Make Payment\"" and Pay the Balance amount (if any) using other Payment Modes Listed.""},{""image"":null,""title"":""For redeeming Holidays offline through our Holiday Experts.""},{""image"":null,""title"":""Please call on the understated number to redeem the card.""},{""image"":null,""title"":""Domestic Holiday packages: 9599595601.""},{""image"":null,""title"":""International Holiday packages: 9599595618.""},{""image"":null,""title"":""Alternatively you can also write on gifts@makemytrip.com""},{""image"":null,""title"":""You can also visit the MakeMyTrip Branches to redeem.""}]","250","200000","2025-11-27T14:38:47.49+00:00","Online","Multiple","makemytrip, gift, card","360"
"de75e4fd-74b7-458a-a3bb-b74a950f9a52","EGCGBMDB001","MediBuddy E-Gift Card-2499","Wellness & Beauty","8","2499-2499","Variable","0","1","""MediBuddy is India’s largest digital healthcare platform. Assisting the customers 24*7 with their healthcare needs. \r\nMediBuddy Gold Subscrption\r\nUnlimited Online Doctor Consultation for your family \r\n24*7 Consultation from anywhere in India \r\nValid across 20+ specialties\r\nValid for all the family members in 16 Indian languages\r\nSpecialist MD & MBBS doctors""","{""text"":""1.\tConsult any Doctor 24*7 from anywhere in India.Unlimited Consultations For you and your entire family free for 1 year.\r\n2.\tThis card is valid for a period of one year from the date of issuance.Card could be redeemed only once per user.\r\n3.\tThis card cannot be clubbed with any other ongoing offer discount/cashback/promotion.\r\n4.\tThis service is only available on the android app.\r\n5.\tThe refund policy is not applicable for 100% Cashback payments.For any support or assistance regarding Medibuddy subscription, please contact Medi Buddy customer care at hello@medibuddy.in\r\n6.\tE-Gift Cards are normally delivered instantly.But sometimes due to system issues, the delivery can be delayed up-to 24 - 48 hours.\""""}","{""raw"":""https://giftbig.s3.amazonaws.com/microsite/product/EGCGBMDB001/d/thumbnail/4305_microsite.jpg""}","2025-11-27T14:38:48.620826+00:00",,"2025-11-27T14:38:48.620826+00:00","2025-11-27T20:13:42.492932+00:00",,"f5575e42-86a0-4616-9408-0f096d2da35f","{}","[{""image"":null,""title"":""Once customer purchases the card he need to Install MediBuddy app""},{""image"":null,""title"":""Signup/sign in on MediBuddy app""},{""image"":null,""title"":""Need click on the Menu option""},{""image"":null,""title"":""Click on My coupons""},{""image"":null,""title"":""Click on Gift card and Redeem the same""}]","2499","2499","2025-11-27T14:38:47.491+00:00","Online","Multiple","gift, card, india","365"
"e7e8c85f-3a1f-4243-852a-071b2d213c49","EGCGBRESONATE001","RESONATE RouterUPS","Entertainment","9","250-50000","Variable","0","1","RESONATE RouterUPS ensures uninterrupted internet connectivity during power failures. It allows you to work seamlessly on VPN, Zoom, WebEx, AnyDesk, Webinars, or any other live sessions. This pocket-sized device provides up to 4 hours of power backup with zero lag during switch over","{""text"":""1.\tThe gift card is not a legal tender or replacement of credit / debit card\r\n2.\tThis card cannot be exchanged for cash or cheque\r\n3.\tThe holder of this card is deemed to be the beneficiary\r\n4.\tThis Gift Card is valid at only at Resonate E-Commerce Portal www.resonate.store\r\n5.\tThis card cannot be redeemed at offline retail Outlets, any other multi brand or departmental stores or any other marketplaces like Amazon, Flipkart, Paytm etc. for purchase of Resonate products\r\n6.\tThe card is valid for 12 months from the date of activation\r\n7.\tMaximum of five gift cards can be redeemed against single invoice\r\n8.\tNo replacement or compensation is permissible for lost or mutilated or defaced Gift Card.\r\n9.\tAny dispute or redemption issues should be referred to Resonate customer support (Contact Details) and the decision of the company shall be final\r\n10.\tAll disputes must be referred to Bangalore Jurisdiction only""}","{""raw"":""https://giftbig.s3.amazonaws.com/microsite/product/EGCGBRESONATE001/d/thumbnail/6911_microsite.jpg""}","2025-11-27T14:38:48.620826+00:00",,"2025-11-27T14:38:48.620826+00:00","2025-11-27T20:13:42.928361+00:00",,"502892c1-e901-4c40-8b77-8fdbf8b41a62","{}","[{""image"":null,""title"":""1.Customer comes to webstore www.resonate.store""},{""image"":null,""title"":""2. Selects merchandise""},{""image"":null,""title"":""3. Reaches checkout page""},{""image"":null,""title"":""4. Selects gift card as a mode for payment""},{""image"":null,""title"":""5. Submits gift card details""},{""image"":null,""title"":""6. Clicks redemption button""},{""image"":null,""title"":""7. System validates the card and available balance""},{""image"":null,""title"":""8. And prompts to customers on redemption""},{""image"":null,""title"":""9. Customers choose redemption""},{""image"":null,""title"":""10. Receives confirmation of redemption and total invoice value gets adjusted with redeemed value""},{""image"":null,""title"":""11. In case of the total bill value goes higher than redeemed value, customer is requested to opt for other mode of payment like credit / debit / UPI etc. for balance payment.""}]","250","50000","2025-11-27T14:38:47.492+00:00","Online","Multiple","live","360"
"2dc8e0c5-a367-40bf-ae5b-79ebd6a4c8b7","LoveBeautyandPlanetjC1NHU01ts2NOArw","Love Beauty & Planet","Wellness & Beauty","11","500,1000","Fixed","0","1","Go Natural with LOVE beauty and planet! Explore a range of self-care products for your skin and hair. Their bottles are filled with nature?s love, each product is fabulously formulated with natural ingredients to pamper you. These goodies are known for the goodness they carry. The authenticity of the products enhances your skin & hair from within. Buy LOVE beauty and planet Gift Cards from GyFTR with up to a 15% discount. This Gift Card is a gateway to care for your skin, body & hair. The LOVE b","{""text"":""1.This is a Love, Beauty & Planet Insta Gift Voucher would be accepted only at www.lovebeautyandplanet.in <br/>2. The person who has the Love, Beauty & Planet GV Code is deemed to be the beneficiary. <br/>4. Multiple Gift Vouchers CANNOT be used in one single purchase <br/>5. Only ONE voucher can be used per transaction at www.lovebeautyandplanet.in <br/>6. Love, Beauty & Planet Gift Voucher is a One-time use Gift Voucher <br/>7. No Credit note / Refund for the unused amount of the GV will be given. <br/>8. Love, Beauty & Planet Gift Voucher CANNOT be revalidated once expired. <br/>9. Love, Beauty & Planet Gift Voucher CANNOT be clubbed with existing offers <br/>10. If the order value exceeds the e-Gift Card amount, the balance must be paid by another payment option. <br/>11. Any dispute related to the GV should be referred to the issuing company and the decision of the issuing company shall be final. <br/>12. Love, Beauty & Planet makes full efforts to accept Insta Gift Vouchers (GV), but on account of any technical reasons GV may not be redeemed. <br/>13. For any queries / issues related to GV / GC, raise a request at www.gvhelpdesk.com""}","{""raw"":""https://at.valuedesign.co.in/media/uploads/products/LoveBeautyPlanet.png""}","2025-11-27T14:38:48.620826+00:00",,"2025-11-27T14:38:48.620826+00:00","2025-11-27T20:13:44.422379+00:00",,"f5575e42-86a0-4616-9408-0f096d2da35f","{""0"":""Only single voucher can be used per transactions."",""1"":""The Gift Voucher cannot be clubbed with existing offers."",""2"":""Voucher can only be redeemed online on the website.""}","[{""image"":""https://at.valuedesign.co.in/media/uploads/products/LoveBeauty&Planet/1.png"",""title"":""Visit the website and add the product of your choice in cart.""},{""image"":""https://at.valuedesign.co.in/media/uploads/products/LoveBeauty&Planet/2.png"",""title"":""Enter customer details and apply the Gift Voucher at the checkout page.""},{""image"":null,""title"":""Pay the remaining amount if any via other payment modes and complete the transactions.""}]","0","0","2025-11-27T14:38:47.495+00:00","Online","Multiple","range, care, products","365"
"bc27944d-4ed7-4a25-a65e-4e999dfbbb14","EGCGBNYKA006","Nykaa Fashion E-Gift Card","Fashion & Lifestyle","6.25","10-10000","Variable","0","1","Nykaa Fashion E-Gift Card","{""text"":""•\t“Nykaa Gift Card” is issued by Pine Labs Pvt. Ltd. Pine Labs Pvt. Ltd (\""Pine Labs\"") is a private limited company incorporated under the laws of India, and is authorised by the Reserve Bank of India (\""RBI\"") to issue such Gift Cards. The Gift cards are issued under the brand name of “Qwikcilver”. By purchasing the Gift Card(s) either online or offline, you/Cardholder are agreeing to and accept these Terms & Conditions. Your use, redeem, purchase or receipt of the Gift Cards shall be deemed to be your understanding of, and agreement, to each of the terms and conditions set forth below.\r\nPurchase, Gifting and issue\r\n•\tFor individual retail customers, Gift Cards can be purchased using the following payment modes only - Credit Card, Debit Card, Net Banking and UPI.\r\n•\tThere is no fee or other charges associated with Gift Card purchase or redemption.\r\n•\tGift cards can be issued / gifted to the recipient as per the issuance process as provided on https://www.nykaa.com/giftcard/list . The value of the gift card is not further transferable to any other account or to any bank account. Additionally, Gift Cards can be purchased offline through Nykaa Retail Stores.\r\n•\tThis Gift Card cannot be used to purchase other gift cards.\r\n•\tThis Gift Card shall have a validity period of 365 days from the date of issue\r\n•\tThe linking of the Gift Card onto the user’s Nykaa Wallet account shall be at customer’s discretion and constitute registration of the user on the Nykaa Platform\r\n•\tThe Gift Card once purchased cannot be cancelled, refunded or returned. Once purchased, the recipient email ID or mobile number cannot be changed.\r\nRedemption\r\n•\tThis Gift Card is redeemable on the online ecommerce platforms of Nykaa group entities to include www.nykaa.com, www.nykaaman.com, www.nykaafashion.com, and across all Nykaa Retail stores.\r\n•\tFor online transaction: If the order value exceeds the Gift Card amount, the balance must be paid by other payment option. If the order value is less than the amount of the Gift Card, the outstanding balance (after deduction of order value) will reflect under the same Gift Card.\r\nFor offline transaction\r\n•\tIf the amount of your Gift Card doesn't cover your order amount, you will have to pay the remaining amount through other payment methods. If the order value is less than the Gift Card amount, Gift Card won’t be applied to the order.\r\n•\tYou can redeem only 1 Gift Card per order.\r\n•\tRegistered users can add multiple Nykaa Gift Cards to their Nykaa Wallet and use the combined Nykaa Wallet Balance for redemption.\r\n•\tNykaa Gift Cards/E Gift Cards / Nykaa Wallet Balance cannot be used to purchase Gold/Silver Coins, Gold/Silver Bars and Jewellery.\r\n•\tThe Gift Card can be combined with promotional codes and with other payment options\r\n•\tE -Gift Cards cannot be redeemed for Cash or Credit and cannot be reloade.\r\nNykaa Cash\r\n•\tHow the Gift card will be visible on Nykaa Platform:\r\n•\tFor existing wallet users and Card(s) holders, your balance will be transferred to the card and shall be stored as Nykaa Cash. Such transition will be done in phased manner at the discretion of Nykaa.\r\n•\tPine Labs and / or Nykaa reserve the right to cancel the Gift Card issued anytime, without any liability, if the same have been found to be purchased with fraudulent means and/or the beneficiary/Know Your Customer (\""KYC\"") details as per RBI Guidelines are found to be incorrect/insufficient/invalid etc. In such cases, the funds shall be credited back to the same source from where these were received from. You agree to provide valid, truthful and accurate information during the purchase of Gift Cards. Nykaa may call for further information and documents from you in compliance to Know Your Customer and Anti Money Laundering guidelines issued by RBI from time to time. In the event the information provided by you, end beneficiary/Know Your Customer(KYC) details are found to be incorrect/ insufficient, Pine Labs/Nykaa retains the right to cancel or block the Gift Cards issued anytime without any liability.\r\n•\tThe cardholder may request for revalidation of the expired gift card. Upon receipt of such request the gift card may be revalidated after due verification and maybe subject to additional terms and conditions and regulatory requirements. Final decision on revalidation shall be on discretion of Nykaa and/or Pine Labs.\r\n•\tYou agree and understand that Gift Cards are a pre-paid payment Instrument subjected to regulations by RBI Under the RBI guidelines, Nykaa/ Pine Labs Pvt. Ltd may be required to share KYC details of the purchaser/ redeemer of the Gift Card and/or any other information with relation to the purchase of the Gift Cards and/or transaction undertaken using the Gift Card with RBI or such statutory authorities. Nykaa/ Pine Labs Pvt. Ltd may contact the purchaser/redeemer of the GC for any such information.\r\n•\tFor Dispute and Liability : please refer to the Customer Grievance policy for dispute resolution, unauthorised transactions and liability related aspects at https://www.qwikcilver.com/grievance-policy/\r\n•\tNykaa and/or Pine Labs are not responsible if card is used without permission. You agree and acknowledge that you shall be solely responsible for maintaining secrecy of the code provided to activate or use the Gift Card.\r\n•\tNykaa does not warrant that the gift card provided to you pursuant to this Agreement will be free of interruptions, errors, bugs, viruses or security problems\r\n•\tNeither Pine Labs nor Nykaa E-Retail Pvt. Ltd. make any warranties, express or implied, with respect to Gift Cards including without limitation, any express or implied warranty of merchantability or fitness for a particular purpose. In the event a Gift Card is non-functional, your sole remedy will be the issuance of another Gift Card, for the value remaining in the non-functional card.\r\n•\tNykaa will not be liable for any loss (including, without limitation, direct, indirect, special or consequential loss or loss of profits) expense or damage which is suffered or sustained in connection with Gift Card including any loss incurred as a result of any delay and/or failure to perform any obligation to the cardholder that is caused by any events beyond Nykaa’s control which includes:\r\n•\tTechnical problems of any kind which may limit or prevent any person's from redeeming the Gift Card.\r\n•\tAny loss or damage arising from or in connection with the allocation or enjoyment of discount.\r\n•\tAny misuse of the Gift Card due to loss of any such confidential details.\r\n•\tAny event that cause the promotion to be disrupted or corrupted or may lead to loss of, or damage to, the cardholder.\r\n•\tThe cardholder hereby agrees to indemnify and keep the Nykaa harmless against all damages, liabilities, costs, expenses, claims, suits and proceedings that may be suffered by the Nykaa as a consequence of (i) violation of the terms and conditions by the cardholder; (ii) violation of applicable laws; (iii) any action or inaction resulting in wilful misconduct or negligence on the cardholder’s part.\r\n•\tCardholder agrees that, these terms shall be governed by and construed in accordance with the laws of India and the courts at Mumbai, Maharashtra shall have exclusive jurisdiction to decide over any controversy arising out of this Gift Card\r\n•\tThe conditions stated in these Terms and Conditions are in addition to the terms and conditions of every e-commerce platform of the Nykaa group. Nykaa reserve the right to change these terms and conditions from time to time in its discretion and without prior notice to you.""}","{""raw"":""https://giftbig.s3.amazonaws.com/microsite/product/EGCGBNYKA006/d/thumbnail/8910_microsite.jpg""}","2025-11-27T14:38:48.620826+00:00",,"2025-11-27T14:38:48.620826+00:00","2025-11-27T20:13:37.356495+00:00",,"4ead20e7-9a15-4b5f-bdb4-3ebafe4daf71","{}","[]","10","10000","2025-11-27T14:38:47.49+00:00","Online","Multiple","fashion, gift, card","365"
"d5ced3fb-a800-4f30-b582-1f2baa3d3f52","EGCGBETSR004","Faasos E-Gift Card - B2C","Food & Beverages","9","100-10000","Variable","0","1","Skip boring food and indulge in flavour some Wraps, Meals and Bowls!","{""text"":""i.\tThe Faasos Gift Card is redeemable only on the EatSure iOS/android app\r\nii.\tEvery holder of Gift Cards shall be required to add the value stored on such Gift Card into the EatSure User Account\r\niii.\tYou agree and understand that the Faasos Gift Card is a pre-paid payment Instrument subjected to regulations by RBI under the RBI guidelines. Rebel Marketplace India Private Limited / Pine Labs may be required to share KYC details of the purchaser/ redeemer of the Faasos Gift Card and/or any other information with relation to the purchase of the Faasos Gift Card and/or transaction undertaken using the Faasos Gift Card with RBI or such statutory authorities. Rebel Marketplace India Private Limited / Pine Labs may contact the purchaser/redeemer of the Faasos Gift Card for any such information.\r\niv.\tIn the event the beneficiary/Know Your Customer (KYC;) details as per RBI Guidelines are found to be incorrect/insufficient, Rebel Marketplace India Private Limited /Pine Labs retain the right to cancel the Gift Card so issued\r\nv.\tRebel Marketplace India Private Limited shall honour and consider requests for blocking of Gift Cards only from users who have registered in accordance with the terms\r\nvi.\tThe Faasos Gift Card can be purchased by debit cards and credit cards issued by Indian Banks. No Gift Card may be purchased by cash or by prepaid wallets.\r\nvii.\tThe Faasos Gift Card cannot be used to purchase another Faasos Gift Card\r\nviii.\tNo cash withdrawal is permissible against the Faasos Gift Card\r\nix.\tRebel Marketplace India Private Limited / Pine Labs Private Limited reserves the right to cancel the Faasos Gift Card if the same have been found to be purchased with fraudulent means. In such cases, the funds shall be credited back to the same source from where these were received.\r\nx.\tIn case the order is cancelled within the timeframe as mentioned in the Cancellation Policy, wherein the Customer has redeemed the Faasos Gift Card, in such scenario the Customers’ Faasos Gift Card shall be credited with the amount equivalent to the redemption amount.\r\nxi.\tThe cardholder may request for the revalidation of the expired Gift Card. Upon receipt of such request, the Faasos Gift Card may be revalidated after due verification and maybe subject to additional terms and conditions\r\nxii.\tTo redeem, user must enter the 16-digit Gift Card number and the mpin on the payment/check out page\r\nxiii.\tIf the value of the service exceeds the value of the Gift Card, the difference must be paid by the user through other available payment modes\r\nxiv.\tThe Faasos Gift Card can be redeemed multiple times until value of the Gift Card is exhausted\r\nxv.\tUser cannot club more than 1 Gift Card in one order\r\nxvi.\tNo fees or charges apply to the purchase Gift Cards\r\nxvii.\tDelivery charges and taxes as applicable\r\nxviii.\tThis Gift Card does not allow any top up or reload\r\nxix.\tThe Faasos Gift Card is valid for a period of 12 months from the date of issue\r\nxx.\tThe user is solely responsible for the safety and security of the Gift card. Rebel Marketplace India Private Limited and/or Pine Labs are not responsible for any acts of omission or commission if Gift Card is lost, stolen or used without permission\r\nxxi.\tNo duplicate card shall be issued\r\nxxii.\tEatSure shall not be held liable or responsible for any unauthorized and/or fraudulent purchase/s made using this Gift Card.\r\nxxiii.\tThe Gift card is non-returnable & non-refundable, and cannot be exchanged for cash in part or full\r\nxxiv.\tGift Cards are normally sent instantly via email/SMS. However, in case of system issues, the delivery may take up to 24 hours.\r\nxxv.\tIn case of any disputes, EatSure reserves the right to identify the authenticity of the Gift Card\r\nxxvi.\tEatSure reserves the right to amend the terms & conditions at its discretion without prior notice\r\nxxvii.\tFor any enquiries, email at goodness@eatsure.com\r\nxxviii.\tPlease refer the Customer Grievance policy for dispute resolution, unauthorized transactions and liability related aspects at https://www.qwikcilver.com/grievance-policy/\r\nxxix.\tAll disputes with relation to the Gift Card shall be subject to the exclusive jurisdiction of the competent courts located at Bangalore\r\nxxx.\tE-Gift Cards are normally delivered instantly. But sometimes due to system issues, the delivery can be delayed up-to 24 - 48 hours.\r\nxxxi.\tNo returns and no refunds on gift cards, e-gift cards and gift vouchers shipped by woohoo.in. Please check the refund policy at http://www.woohoo.in/faq for further details.""}","{""raw"":""https://giftbig.s3.amazonaws.com/microsite/product/EGCGBETSR004/d/thumbnail/6736_microsite.jpg""}","2025-11-27T14:38:48.620826+00:00",,"2025-11-27T14:38:48.620826+00:00","2025-11-27T20:13:37.440139+00:00",,"ad8a9a7e-38c0-46f6-8ccd-b5a53ca270b3","{}","[]","100","10000","2025-11-27T14:38:47.491+00:00","Online","Multiple","gift, card, food","360"
"05fcf73a-98cb-408c-b578-df96339c3e04","EGCGBNYKA007","Nykaa Men E-Gift Card","Fashion & Lifestyle","6.25","10-10000","Variable","0","1","Nykaa Men E-Gift Card","{""text"":""•\t“By purchasing the Gift Card(s) either online or offline, you/Cardholder are agreeing to and accept these Terms & Conditions. Your use, redeem, purchase or receipt of the Gift Cards shall be deemed to be your understanding of, and agreement, to each of the terms and conditions set forth below.\r\nPurchase, Gifting and issue\r\n•\tFor individual retail customers, Gift Cards can be purchased using the following payment modes only - Credit Card, Debit Card, Net Banking and UPI.\r\n•\tThere is no fee or other charges associated with Gift Card purchase or redemption.\r\n•\tGift cards can be issued / gifted to the recipient as per the issuance process as provided on https://www.nykaa.com/giftcard/list . The value of the gift card is not further transferable to any other account or to any bank account. Additionally, Gift Cards can be purchased offline through Nykaa Retail Stores.\r\n•\tThis Gift Card cannot be used to purchase other gift cards.\r\n•\tThis Gift Card shall have a validity period of 365 days from the date of issue\r\n•\tThe linking of the Gift Card onto the user’s Nykaa Wallet account shall be at customer’s discretion and constitute registration of the user on the Nykaa Platform\r\n•\tThe Gift Card once purchased cannot be cancelled, refunded or returned. Once purchased, the recipient email ID or mobile number cannot be changed.\r\nRedemption\r\n•\tThis Gift Card is redeemable on the online ecommerce platforms of Nykaa group entities to include www.nykaa.com, www.nykaaman.com, www.nykaafashion.com, and across all Nykaa Retail stores.\r\n•\tFor online transaction: If the order value exceeds the Gift Card amount, the balance must be paid by other payment option. If the order value is less than the amount of the Gift Card, the outstanding balance (after deduction of order value) will reflect under the same Gift Card.\r\nFor offline transaction\r\n•\tIf the amount of your Gift Card doesn't cover your order amount, you will have to pay the remaining amount through other payment methods. If the order value is less than the Gift Card amount, Gift Card won’t be applied to the order.\r\n•\tYou can redeem only 1 Gift Card per order.\r\n•\tRegistered users can add multiple Nykaa Gift Cards to their Nykaa Wallet and use the combined Nykaa Wallet Balance for redemption.\r\n•\tNykaa Gift Cards/E Gift Cards / Nykaa Wallet Balance cannot be used to purchase Gold/Silver Coins, Gold/Silver Bars and Jewellery.\r\n•\tThe Gift Card can be combined with promotional codes and with other payment options\r\n•\tE -Gift Cards cannot be redeemed for Cash or Credit and cannot be reloade.\r\nNykaa Cash\r\n•\tHow the Gift card will be visible on Nykaa Platform:\r\n•\tFor existing wallet users and Card(s) holders, your balance will be transferred to the card and shall be stored as Nykaa Cash. Such transition will be done in phased manner at the discretion of Nykaa.\r\n•\tNykaa reserve the right to cancel the Gift Card issued anytime, without any liability, if the same have been found to be purchased with fraudulent means and/or the beneficiary/Know Your Customer (\""KYC\"") details as per RBI Guidelines are found to be incorrect/insufficient/invalid etc. In such cases, the funds shall be credited back to the same source from where these were received from. You agree to provide valid, truthful and accurate information during the purchase of Gift Cards. Nykaa may call for further information and documents from you in compliance to Know Your Customer and Anti Money Laundering guidelines issued by RBI from time to time. In the event the information provided by you, end beneficiary/Know Your Customer(KYC) details are found to be incorrect/ insufficient, Nykaa retains the right to cancel or block the Gift Cards issued anytime without any liability.\r\n•\tThe cardholder may request for revalidation of the expired gift card. Upon receipt of such request the gift card may be revalidated after due verification and maybe subject to additional terms and conditions and regulatory requirements. Final decision on revalidation shall be on discretion of Nykaa.\r\n•\tYou agree and understand that Gift Cards are a pre-paid payment Instrument subjected to regulations by RBI Under the RBI guidelines, Nykaa may be required to share KYC details of the purchaser/ redeemer of the Gift Card and/or any other information with relation to the purchase of the Gift Cards and/or transaction undertaken using the Gift Card with RBI or such statutory authorities. Nykaa may contact the purchaser/redeemer of the GC for any such information.\r\n\r\n•\tNykaa is not responsible if card is used without permission. You agree and acknowledge that you shall be solely responsible for maintaining secrecy of the code provided to activate or use the Gift Card.\r\n•\tNykaa does not warrant that the gift card provided to you pursuant to this Agreement will be free of interruptions, errors, bugs, viruses or security problems\r\n•\tNykaa E-Retail Pvt. Ltd. Doesn’t  make any warranties, express or implied, with respect to Gift Cards including without limitation, any express or implied warranty of merchantability or fitness for a particular purpose. In the event a Gift Card is non-functional, your sole remedy will be the issuance of another Gift Card, for the value remaining in the non-functional card.\r\n•\tNykaa will not be liable for any loss (including, without limitation, direct, indirect, special or consequential loss or loss of profits) expense or damage which is suffered or sustained in connection with Gift Card including any loss incurred as a result of any delay and/or failure to perform any obligation to the cardholder that is caused by any events beyond Nykaa’s control which includes:\r\n•\tTechnical problems of any kind which may limit or prevent any person's from redeeming the Gift Card.\r\n•\tAny loss or damage arising from or in connection with the allocation or enjoyment of discount.\r\n•\tAny misuse of the Gift Card due to loss of any such confidential details.\r\n•\tAny event that cause the promotion to be disrupted or corrupted or may lead to loss of, or damage to, the cardholder.\r\n•\tThe cardholder hereby agrees to indemnify and keep the Nykaa harmless against all damages, liabilities, costs, expenses, claims, suits and proceedings that may be suffered by the Nykaa as a consequence of (i) violation of the terms and conditions by the cardholder; (ii) violation of applicable laws; (iii) any action or inaction resulting in wilful misconduct or negligence on the cardholder’s part.\r\n•\tCardholder agrees that, these terms shall be governed by and construed in accordance with the laws of India and the courts at Mumbai, Maharashtra shall have exclusive jurisdiction to decide over any controversy arising out of this Gift Card\r\n•\tThe conditions stated in these Terms and Conditions are in addition to the terms and conditions of every e-commerce platform of the Nykaa group. Nykaa reserve the right to change these terms and conditions from time to time in its discretion and without prior notice to you.""}","{""raw"":""https://at.valuedesign.co.in/media/""}","2025-11-27T14:38:48.620826+00:00",,"2025-11-27T14:38:48.620826+00:00","2025-11-27T20:13:37.526528+00:00",,"4ead20e7-9a15-4b5f-bdb4-3ebafe4daf71","{}","[]","10","10000","2025-11-27T14:38:47.493+00:00","Online","Multiple","gift, card","365"
"67b63bb7-f9af-44f0-8a7a-5093867e6663","EGVGBBMSCLPS001","BookMyShow Instant Voucher","Entertainment","4","100-10000","Variable","0","1","Gift an Experience with a BookMyShow E-Gift Card\r\nLove movies, music concerts, standup comedy shows? Have many friends who love them too, just as you do? Then your gifting problems got solved just now. Don’t bother picking up another inane pen holder or wallet. Surprise your friends with something they did not expect. A movie, dance or standup comedy show experience as a gift; that’s something out of the blue, and it’ll be a talking point in your friends’ circle forever. Go on, set the trend, and we’ll help you do it in style. You’ve heard of gifting movie experiences before, but did you know that you can now make a gift of a plethora of experiences to your friends? Bookmyshow has a wide range of shows that you can choose from – standup comedy shows, music performances, rock shows, drama shows, celebrity talk shows –, the list is endless. Of course, all the latest movies are on offer too, no matter which cinema hall or multiplex in your city they’re on.\r\nBookMyShow E-Gift Voucher – A Perfect Gift for Everyone\r\nGot a mom who loves classical music but never does anything about it? Have a friend who’s crazy about an international rock or pop band, but keeps missing their concerts in India? Gift them both bookmyshow gift cards along with details of the performance they want to watch. See how happy you’ve made your family and friends. Could you have achieved the same delight with some wallet or pen holder? We don’t think so.","{""text"":""1.\tGift Voucher can be redeemed only on BookMyShow Website/Mobile App & cannot be redeemed directly at the Cinema/Venue Box Office.\r\n2.\tGift Voucher can be redeemed on the purchase of e-tickets for Movies/Virtual Events/Plays/Concerts/Sports/BMS Stream available on BookMyShow.\r\n3.\tMultiple Gift Vouchers can be used in a single transaction or Gift Voucher can be combined with any other payment type on BookMyShow.\r\n4.\tGift Voucher can be used multiple times until the last rupee loaded on it gets exhausted within the validity period.\r\n5.\tGift voucher is valid for 6 months.\r\n6.\tGift Voucher cannot be used to purchase another Gift Card.\r\n7.\tGift Voucher work on non-extension clause & order once confirmed cannot be Cancelled or Refunded.\r\n8.\tGift Voucher are valid PAN India across all Cinemas/Partners associated with BookMyShow.\r\n9.\tIf lost misused, the Gift Voucher cannot be replaced. Void if resold, cannot be exchanged for points or cash & cannot be re-validated once past expiry date.\r\n10.\tIn addition to these Terms & Conditions, BookMyShow Gift Voucher & their use on our Website are also subject to BookMyShow's General Terms of Use & BookMyShow's decision will be final in case of any dispute.\r\n11.\tBookMyShow Terms & Conditions Apply.""}","{""raw"":""https://giftbig.s3.amazonaws.com/microsite/product/EGVGBBMSCLPS001/d/thumbnail/1173_microsite.jpg""}","2025-11-27T14:38:48.620826+00:00",,"2025-11-27T14:38:48.620826+00:00","2025-11-27T20:13:37.610297+00:00",,"502892c1-e901-4c40-8b77-8fdbf8b41a62","{}","[]","100","10000","2025-11-27T14:38:47.481+00:00","Both","Multiple","gift, music, shows","180"
"46209905-55b0-45fa-a4ae-db62c4c002ec","Celioix2MQfHrA5w07qWt","Celio","Fashion & Lifestyle","12.5","250,500,1000,2000,5000","Fixed","0","1","Take your fashion up a notch which fresh designs and prints. This menswear brand is changing the way men dress up. With comfortable clothing options and high-quality products, Celio gives you all the reasons to ditch your wardrobe and try something new this season. Use Celio Gift Vouchers and Gift Cards to get the best offers on your purchases.","{""text"":""1.This is a Celio Insta Gift Voucher (GV) or Gift Card (GC) and would be accepted at listed Celio brand exclusive outlets. <br/>2.The person who has the Celio GV or GC Code is deemed to be the beneficiary. <br/>3.Celio is not responsible if the Gift card is lost, stolen or used without permission. <br/>4.Multiple GV or GC can be used in one bill/transaction. <br/>5.Once the voucher gets added to the EPay balance, it can be utilized till the balance gets exhausted or expires.No credit note or refund for the unused balance amount will be given. <br/>6.Any such unused balance amount shall stand lapsed automatically after expiry date.  <br/>7.Celio GV or GC CANNOT be revalidated once expired or cancelled under any situations. <br/>8.Celio GV or GC can be clubbed with on-going promotions and offers available at the store. <br/>9.Celio GV or GC cannot be redeemed on specific block out dates as may be intimated / updated by Celio from time to time. Celio may add or delete any date(s) or period(s) on its sole discretion without any liability. <br/>10.Any dispute related to the GV or GC should be referred to the issuing company and the decision of the issuing company shall be final. In case of any legal disputes, the courts at Mumbai shall have the exclusive jurisdiction.  <br/>11.Celio shall on best effort basis attempt to accept Insta Gift Vouchers (GV) or Gift Card (GC), but on account of any technical reason or for any reason beyond control of Celio, GV or GC may not get accepted and Celio shall have no liability for the same. <br/>12.If an Insta Gift Voucher (GV) or Gift Card (GC) gets blocked on account of technical issue, it would get enabled in 72 hours. <br/>13.Celio reserves the rights to edit or change the terms and conditions for the Insta Gift Voucher (GV) or Gift Card (GC) at any time without any notice or liability. <br/>14.Celio has the final authority on the interpretation of these rules. <br/>15.Celio reserves the right to withdraw Insta Gift Voucher (GV) or Gift Card (GC) scheme or offer before the completion of validity period without any notice or liability at its sole discretion. <br/>16.Celio reserves the right to deny accepting any Insta Gift Voucher (GV) or Gift Card (GC), if it suspects that there is duplicity of cards. <br/>17.In no event the liability of Celio for any claims shall exceed the value of the Insta Gift Voucher (GV) or Gift Card (GC) in dispute. <br/>18.For any queries / issues related to GV, raise a request at www.gvhelpdesk.com.""}","{""raw"":""https://at.valuedesign.co.in/media/uploads/products/Celio.png""}","2025-11-27T14:38:48.620826+00:00",,"2025-11-27T14:38:48.620826+00:00","2025-11-27T20:13:37.69637+00:00",,"4ead20e7-9a15-4b5f-bdb4-3ebafe4daf71","{}","[{""image"":""https://at.valuedesign.co.in/media/uploads/products/Celio/1.png"",""title"":""Check the outlet locator for a store nearby you that accepts the Gift Voucher.""},{""image"":""https://at.valuedesign.co.in/media/uploads/products/Celio/2.png"",""title"":""Choose your product.""},{""image"":null,""title"":""Share your Gift Voucher at the time of billing & pay rest by cash or card if required.""}]","0","0","2025-11-27T14:38:47.481+00:00","Both","Multiple","fashion, brand, gift","365"
"c0e0a7c7-14ff-4a02-a5bc-76b2b13460b4","SmileFoundationPAtK6zd6JA4RZb7h","Smile Foundation","Wellness & Beauty","15","500,1000","Fixed","0","1","Smile Foundation is a non-governmental organization (NGO) based in India that impacts over 15 lakh children and their families every year. The Smile Foundation works through a variety of programs and initiatives aimed at addressing the root causes of poverty and inequality. These programs include education, healthcare, livelihood, and women's empowerment. We invite you to join us in our mission & be a changemaker. GyFTR offers Smile Foundation Gift Cards in different denominations.","{""text"":""1.This is a  Smile Foundation  Donation Voucher (DV) and Donation Voucher CAN only be used at https://donate.smilefoundationindia.org/shiksha-na-ruke-voucher donation voucher will be sent to your registered email id or phone number. <br/>2.The individual who has bought  Smile Foundation  DV is deemed to be the donor <br/>3. Smile Foundation  is not responsible if the Donation Voucher is lost, stolen or used without permission. <br/>4.This is a ONE time use Donation Voucher with an expiration date. <br/>5.No credit note / refund for the unused DV will be given. <br/>6.Any such unused balance amount shall stand redeemed automatically. <br/>7. Smile Foundation  DV CANNOT be revalidated once expired or canceled under any situations. <br/>8. Smile Foundation  DV can be redeemed on its website at all times. <br/>9. Smile Foundation  may add or delete any date(s)/period(s) on its sole discretion without any liability. <br/>10.Any dispute related to the DV should be referred to the issuing company and the decision of the issuing company shall be final. In case of any legal disputes, the courts at Mumbai shall have the exclusive jurisdiction. <br/>11. Smile Foundation  shall on best effort basis attempt to accept Insta Donation Vouchers (DV) but on account of any technical reason or for any reason beyond control of  Smile Foundation , DV may not get accepted on the website and  Smile Foundation  shall have no liability for the same. <br/>12.If an Insta Donation Voucher (DV) gets blocked on account of technical issue, it would get enabled in 72 hours. In case of transaction failures after Insta Donation Voucher (DV) is applied, the amount would be automatically refunded to the same cards within 48 hours. For any further query regarding blocked donation vouchers, please contact the issuing company. <br/>13. Smile Foundation  reserves the rights to edit/change the terms and conditions for the Insta Donation Voucher (DV) at any time without any notice or liability. <br/>14. Smile Foundation  has the final authority on the interpretation of these rules. <br/>15.For any queries / issues related to GV / GC, raise a request at www.gvhelpdesk.com""}","{""raw"":""https://at.valuedesign.co.in/media/uploads/products/SmileFoundation.png""}","2025-11-27T14:38:48.620826+00:00",,"2025-11-27T14:38:48.620826+00:00","2025-11-27T20:13:37.781522+00:00",,"f5575e42-86a0-4616-9408-0f096d2da35f","{""0"":""This is a ?Smile Foundation? Donation Voucher (DV) and CAN only be used at the website. The donation voucher will be sent to your registered email id or phone number."",""1"":""This is a ONE time use Donation Voucher with an expiration date. The expiration period of the DV is 6 months after purchase and shall be considered redeemed if not used within 6 months."",""2"":""For using multiple vouchers, customer will need to add the vouchers to your GV balance."",""3"":""The Smile Foundation Donation Voucher (DV) balance can be used over multiple transactions as per any amount.""}","[{""image"":""https://at.valuedesign.co.in/media/uploads/products/SmileFoundation/1.png"",""title"":""Visit the website & Choose your donation amount.""},{""image"":""https://at.valuedesign.co.in/media/uploads/products/SmileFoundation/2.png"",""title"":""Fill the form and Select Redeem Voucher option. Choose Partner: GyFTR""},{""image"":""https://at.valuedesign.co.in/media/uploads/products/SmileFoundation/3.png"",""title"":""Login with mobile & Verify OTP. Add coupon if any, proceed to pay the amount. Choose the payment method, and add the details.""}]","0","0","2025-11-27T14:38:47.481+00:00","Both","Multiple","india, over, offers","365"
"db40e21d-9f88-48ca-a570-7ec734fe8a64","SBP-PMJ","PMJ Jewellers","Jewellery","2.5","2500,5000,10000,15000,25000,50000","Fixed","0","1","Sometimes, a light that sparkles in Hyderabad finds its way across the world. In 1964, that light was the vision of Sri P. Manoharlal Jain, to craft jewelry that honors tradition and celebrates every customer, for every moment, every celebration. Trust, like precious jewelry, is a legacy handed down. Today, PMJ's third generation carries forward that promise, rooted in heritage, reaching across oceans. From India to the United States, we've had the honor of being part of countless homes and memories. At PMJ, it's never just jewelry-it's a bond, a story, a lifetime relationship In every Telugu home, heirloom jewelry carries stories, of weddings, blessings, and generations past. Patwa, the intricate art of stringing precious beads like emeralds, rubies, and pearls, lives on at PMJ through our skilled Patvegar artisans. From black beads that protect to pearls that whisper tradition, we restore and reimagine what you bring us. Whether it's a mangalsutram passed down or a gold rope necklace from back home, we can help you redesign it with care and craftsmanship. Our team offers trusted services, repairs, cleaning, inspection, and personalized restoration, so your jewelry. and the memories it holds, always shine bright, wherever you are.","{""text"":""1.\tThis PMJ Jewels Instant Gift Voucher / Card (GV) is accepted only at listed outlets of PMJ Jewels at its sole discretion. PMJ Jewels may add or remove outlets without prior notice.\r\n2.\tThe person possessing the PMJ Jewels GV Code is deemed to be the beneficiary.\r\n3.\tWhatsApp forwards or screenshots will not be considered as a valid GV.\r\n4.\tA valid GV in its original form (Email/SMS) must be presented at the time of redemption. In case of a transfer, details including beneficiary name, sender's name, voucher validity, and email confirmation from the sender are essential for redemption.\r\n5.\tIn case of a gifted voucher, the customer must present an authorised email from the beneficiary, along with a valid Photo ID at the time of billing.\r\n6.\tThis voucher cannot be clubbed with Gold/Diamond Purchase Advance Schemes\r\n7.\tThis voucher cannot be clubbed with Package invoices or Special Priced Items\r\n8.\tFor the denomination of INR 500 and INR 1000 a maximum of 20 GVs can be used per bill.\r\n9.\tNo Credit note / Refund will be issued for the unused amount of the GV.\r\n10.\tPMJ Jewels Insta Gift Voucher (GV) / Gift Card CANNOT be revalidated once expired.\r\n11.\tThe gift card is partially redeemable and can be used multiple times until the full amount is exhausted within its validity period.\r\n12.\tPMJ Jewellers Insta Gift Voucher (GV) / Gift Card can be used during sale.\r\n13.\tPMJ Jewels makes every efforts to accept GVs, but the outlets may refuse to accept them due to technical or administrative reasons. \r\n14.\tThe GV/GC cannot be redeemed for cash.\r\n15.\tPMJ Jewels Gold Coin GV can only be used to purchase Gold Coins.\r\n16.\tPMJ Jewels Gold Jewellery GV can only be used to purchase  Gold Jewellery.\r\n17.\tPMJ Jewels Diamond Jewellery GV can only be used to purchase Diamond Jewellery.\r\n18.\tReturns, refunds or exchanges of merchandise purchased with the GV will follow the retail sales & refund policies of PMJ Jewels.\r\n19.\tIf a GV gets blocked due to a technical issue, it will be re-enabled within 72 hours.\r\n20.\tPMJ Jewels may modify these terms from time to time. Unless stated otherwise, the changes will apply to any new gift cards. Gift cards are for personal, non-commercial use and may be shared with family and friends but cannot be advertised, sold or used as promotional purposes without prior written consent from PMJ Jewels.\t\r\n21.\tAny dispute related to the GV should be referred to the issuing company and the decision of the issuing company shall be final and binding on the purchaser and all users and no correspondence in this regard will be entertained.\r\n22.\tAll disputes, with respect to the products and services offered in this connection, are subject to Hyderabad jurisdiction.\r\n23.\tAny condition not explicitly covered above will be at the discretion of PMJ Jewels, at the time of transaction.""}","{""raw"":""https://at.valuedesign.co.in/media/uploads/products/Gift_Cards_Final_Card.pdf""}","2025-11-27T14:38:48.620826+00:00",,"2025-11-27T14:38:48.620826+00:00","2025-11-27T20:13:37.8695+00:00",,"be43af8c-2f42-47e3-b5a4-726427f2308f","{""0"":""Gift Voucher / Card (GV) is accepted only at listed outlets."",""1"":""WhatsApp forwards or screenshots will not be considered as a valid GV."",""2"":""Multiple Gift voucher can be used in one bill.""}","[{""image"":null,""title"":""Visit Nearest PMJ Jewellers listed outlet.""},{""image"":null,""title"":""Select your choice of product.""},{""image"":null,""title"":""Share the voucher code along with PIN number with the cashier at the time of billing & pay the remaining amount by cash or card if required.""}]","0","0","2025-11-27T14:38:47.483+00:00","Offline","Multiple","its, across, jewelry","365"
"f506ee8d-25fd-468e-8104-05d554f025e7","Skullcandy0FggFidygF65BMmZ","Skullcandy","Entertainment","11","500,1000,2000,5000","Fixed","0","1","A perfect blend of style and substance, Skullcandy offers earphones and headphones that offer an amazing listening experience to music lovers. From a pair of earphones that minimizes signal loss to the ones that you can easily detect through a mobile app, every product from this brand has innovation at its core. When you order your next pair of these funky and innovative earphones, use a Skullcandy gift card from GyFTR. This is gonna help you save some money, as the vouchers from GyFTR are avail","{""text"":""1.This is a Skullcandy Insta Gift Voucher (GV) / Gift Card (GC) and would be accepted on https://shop.brandeyes.in  <br/>2.The person who has the Skullcandy GV / GC Code is deemed to be the beneficiary. <br/>3.Skullcandy is not responsible if the Gift card is lost, stolen or used without permission. <br/>4.Skullcandy Pay balance is a sum of all balances associated with the GCs in your Skullcandy.in account. <br/>5.No credit note / refund for the unused balance amount of the GV / GC will be given. <br/>6.Once the voucher gets added to the EPay balance, it can be utilized till the balance gets exhausted or expires. No credit note or refund for the unused balance amount will be given. <br/>7.Skullcandy GV / GC CANNOT be revalidated once expired or cancelled under any situations. <br/>8.Skullcandy GV / GC cannot be redeemed on specific block out dates as may be intimated / updated by Skullcandy on its website from time to time. Skullcandy may add or delete any date(s)/period(s) on its sole discretion without any liability. <br/>9.Any dispute related to the GV / GC should be referred to the issuing company and the decision of the issuing company shall be final. In case of any legal disputes, the courts at Delhi shall have the exclusive jurisdiction. <br/>10.Skullcandy shall on best effort basis attempt to accept Insta Gift Vouchers (GV) / Gift Card (GC), but on account of any technical reason or for any reason beyond control of Skullcandy, GV / GC may not get accepted on the website and Skullcandy shall have no liability for the same. <br/>11.In no event the liability of Skullcandy for any claims shall exceed the value of the Insta Gift Voucher (GV) / Gift Card (GC) in dispute. <br/>12.Skullcandy reserves the rights to edit/change the terms and conditions for the Insta Gift Voucher (GV) / Gift Card (GC) at any time without any notice or liability. <br/>13.Skullcandy has the final authority on the interpretation of these rules. <br/>14.Skullcandy reserves the right to withdraw Insta Gift Voucher (GV) / Gift Card (GC) scheme/offer before the completion of validity period without any notice or liability at its sole discretion. <br/>15.Skullcandy reserves the right to deny accepting any Insta Gift Voucher (GV) / Gift Card (GC), if it suspects that there is duplicity of cards. <br/>16.For any queries/issues related to GV / GC, raise a request at www.gvhelpdesk.com""}","{""raw"":""https://at.valuedesign.co.in/media/uploads/products/Skullcandy.png""}","2025-11-27T14:38:48.620826+00:00",,"2025-11-27T14:38:48.620826+00:00","2025-11-27T20:13:37.958777+00:00",,"502892c1-e901-4c40-8b77-8fdbf8b41a62","{""0"":""This is a Skullcandy Insta Gift Voucher (GV) and would be accepted on https://shop.brandeyes.in"",""1"":""Only 1 GV can be used in one bill/transaction."",""2"":""No credit note / refund for the unused balance amount of the GV will be given."",""3"":""Visit gftr.it/sky to activate/add E-Pay Code to your account.""}","[{""image"":""https://at.valuedesign.co.in/media/uploads/products/Skullcandy/1.jpeg"",""title"":""Visit shop.brandeyes.in. Select the product , qty , color and click on Add to Cart. On the Cart page, click on Proceed to Checkout. Fill in the details.""},{""image"":""https://at.valuedesign.co.in/media/uploads/products/Skullcandy/2.jpeg"",""title"":""Select GyFTR on the payment page and click on Place Order and enter the OTP""},{""image"":null,""title"":""Click on Add Voucher option to the voucher that is linked with your mobile number. You can also add the voucher manually if the same is not linked with your mobile number. You can pay for the balance amount if any by using any of the payment modes available.""}]","0","0","2025-11-27T14:38:47.483+00:00","Online","Multiple","offers, music, easily","365"
"6867aef7-9fe2-4bc4-ba4e-3eeac6dedfed","IRCTCMv08fuQs9sPXFMth","IRCTC","Tour & Travel","1","100,250,500,1000","Fixed","0","1","Indian Railway Catering and Tourism Corporation (IRCTC) is an Indian public sector undertaking that provides ticketing,catering, and tourism services for the Indian Railways. It pioneered internet-based rail ticket booking through its website, as well as from mobile phones.Grab your IRCTC Gift Vouchers from GyFTR!","{""text"":""1.This is an IRCTC Insta Gift Voucher (GV) / Gift Card (GC) and would be accepted only at the IRCTC website and app under the IRCTC ipay payment option. GV redemption is available in Autopay payment mode under Ipay. <br/>2.The holder of the Gift voucher is deemed to be the beneficiary. <br/>3.Only valid Gift vouchers shall be accepted for redemption. <br/>4.Gift voucher balance should be mapped with the registered mobile number; the transfer of balance is not possible, it will stand cancelled. <br/>5.Multiple vouchers can be used against one transaction. <br/>6.Once the Gift voucher gets added to the balance, It can be utilized till the balance gets exhausted or expires. No Credit note or refund for the unused balance amount will be given. <br/>7.Gift voucher cannot be revalidated once expired. <br/>8.IRCTC or its affiliates are not responsible on account of the beneficiary sharing the Gift voucher number and the voucher getting redeemed on that account. <br/>9.If Gift Voucher gets blocked on account of a technical issue, it would get activated in 72 hours. <br/>10.Any dispute should be referred to the company from where the Gift Voucher has been received, the decision of the company shall be final. <br/>11.For any queries/issues related to GV / GC, raise a request at www.gvhelpdesk.com""}","{""raw"":""https://at.valuedesign.co.in/media/uploads/products/IRCTC.png""}","2025-11-27T14:38:48.620826+00:00",,"2025-11-27T14:38:48.620826+00:00","2025-11-27T20:13:38.047089+00:00",,"b44a4dcd-7a94-4a48-a266-a96134850e89","{""0"":""Gift Vouchers can be used on the IRCTC website."",""1"":""Multiple Gift Vouchers can be used in one bill."",""2"":""One Gift Voucher can be used multiple times after adding it to the wallet.""}","[{""image"":""https://at.valuedesign.co.in/media/uploads/products/IRCTC/1.WEBP"",""title"":""Select IRCTC IPay option and select the Gift Voucher/ e-pay option under Auto Pay mode\t""},{""image"":""https://at.valuedesign.co.in/media/uploads/products/IRCTC/2.WEBP"",""title"":""Select the Gift Voucher option & then in the drop down option select GyFTR.\t""},{""image"":""https://at.valuedesign.co.in/media/uploads/products/IRCTC/3.WEBP"",""title"":""Enter your registered mobile number to see all the available Vouchers. Select the Voucher & click on the Add button to add balance to your e-pay account.\t""},{""image"":null,""title"":""Click on the redeem button to use the Vouchagram e-pay balance. Enter the OTP you receive on your registered mobile number to proceed.\t""}]","0","0","2025-11-27T14:38:47.483+00:00","Online","Multiple","rail, its, gift","365"
"5bef06ef-0639-4571-b167-cf270569c9a8","EGCGBMMTRAILGB002","MakeMyTrip Rail E-Gift Card","Tour & Travel","0.75","250-1000","Variable","0","1","MakeMyTrip Rail Gift Card: The Gift of Unforgettable Journeys
The MakeMyTrip Rail Gift Card is the perfect present for those who cherish the charm of train journeys. Whether it’s a quick weekend getaway, a business trip, or a long-awaited vacation, this gift card opens the door to an array of travel experiences across India's vast and diverse landscapes.
With the Rail Gift Card, recipients can explore the country's rich heritage, bustling cities, and scenic routes—all from the comfort of a train. They can choose from a wide range of train tickets available on MakeMyTrip, making it easy to plan their next adventure. Whether they’re dreaming of a serene journey through the mountains or an exciting trip to a vibrant metropolis, this gift card provides the freedom to travel their way.
Purchasing the MakeMyTrip Rail Gift Card is simple, and redeeming it is even easier. The recipient can book their train tickets online, at their convenience, and enjoy the journey that awaits them. It’s a gift that’s as practical as it is thoughtful, allowing your loved ones to travel on their terms.
This gift card is more than just a ticket; it’s an opportunity to experience the beauty of India by rail. It's about the joy of discovering new places, meeting new people, and creating memories that last a lifetime. 

The MakeMyTrip Rail Gift Card is a thoughtful choice for travelers who revel in the charm and nostalgia of train journeys.
So, why not give your loved ones the gift of a memorable journey? The MakeMyTrip Rail Gift Card is not just a present; it's an invitation to explore, discover, and enjoy the endless wonders of travel by train. Purchase yours today and let the adventures begin!","{""text"":""1.\tTo check your voucher balance & validity, please log on to - https://www.makemytrip.com/gift-cards/\r\n2.\tThis Gift card is only applicable on Rail bookings.\r\n3.\tThe Gift Card is not valid on bookings through myBiz.\r\n4.\tThis Gift card is not applicable with the Pay Later Payment option (Book Now Pay Later/Reserve Now Pay Later)\r\n5.\tGift cards are valid on bookings made through MMT Mobile App or Website.\r\n6.\tIn case of transaction failures after Gift Card is applied, amount would be automatically refunded to the same cards within 48 hours.\r\n7.\tThis Gift card is valid for partial redemption. Balance would remain in the Gift Card till the validity period and can be reused for multiple transactions.\r\n8.\tMultiple Gift Cards (up to 3) can be combined and used in 1 booking.\r\n9.\tProducts and services are subject to availability.\r\n10.\tThe Gift card cannot be cancelled or exchanged for cash.\r\n11.\tThe Gift card validity cannot be extended under any circumstances.\r\n12.\tGift Card code/Physical copy or both to be provided at the time of booking along with an ID proof for the offline redemption.\r\n13.\tMakeMyTrip is not responsible if the Gift card is lost, stolen or used without permission.\r\n14.\tIn case of cancellation of bookings made using the gift card within the validity period, the amount will be reversed to the same card as used at the time of booking.\r\n15.\tUsers are required to save the gift card number and PIN to utilize this refunded amount as we will not be able to reset the PIN or reissue a new gift card number.\r\n16.\tIn case of cancellations where the gift card validity has expired, no refund will be processed for the amount paid by the gift card.\r\n17.\tMakeMyTrip is the final authority on the interpretation of these rules\r\n18.\tMakeMyTrip reserves the right to deny accepting any Gift card if it suspects that there is duplicity of cards.\r\n19.\tIn no event the liability of MakeMyTrip for any claims shall exceed the value of the card.\r\n20.\tIn the event of any dispute, parties agree to exclusive jurisdiction of courts of New Delhi.\r\n21.\tThis is for individual use only, Travel agents found using the card would lead to cancellation of booking and no refund would be made.\r\n22.\tFor any issue or query regarding Gift card, please write to Giftvouchers@makemytrip.com or call on 0124- 4628747 between 9 AM to 9 PM.\""""}","{""raw"":""https://at.valuedesign.co.in/media/uploads/products/MakeMyTrip_Rail_E-Gift_Card.png""}","2025-11-27T14:38:48.620826+00:00",,"2025-11-27T14:38:48.620826+00:00","2025-11-27T20:13:38.133627+00:00",,"b44a4dcd-7a94-4a48-a266-a96134850e89","{}","[]","250","1000","2025-11-27T14:38:47.484+00:00","Online","Multiple","makemytrip, rail, gift","365"
"05886d53-33db-42ce-84a0-e577d41b744e","EGCGBMMTBUSGB001","MakeMyTrip Bus E-Gift Card","Tour & Travel","2.75","250-1000","Variable","0","1","MakeMyTrip Bus Gift Card: Unlock the Road to Adventure
The MakeMyTrip Bus Gift Card is an ideal gift for those who enjoy the excitement of road trips and discovering new destinations by bus. Whether it’s an impromptu weekend escape, a picturesque drive through the countryside, or a convenient ride to the next city, this gift card offers endless travel opportunities across India.
With the Bus Gift Card, recipients can journey through India’s extensive road network, exploring hidden treasures and experiencing the nation’s diverse landscapes. They can select from a variety of bus options available on MakeMyTrip, making it easy to plan their next road adventure. Whether they’re envisioning a tranquil ride through quiet villages or a lively trip to a vibrant city, this gift card provides the freedom to travel on their terms.

Purchasing the MakeMyTrip Bus Gift Card is effortless, and redeeming it is even more convenient. Recipients can book their bus tickets online whenever they like, allowing them to set off on their next adventure with ease. It’s a practical and thoughtful gift that lets your loved ones explore India at their leisure.

This gift card is more than just a ticket; it’s a pass to new experiences and cherished memories. It’s about the joy of discovering new places, meeting diverse people, and embracing the journey itself. The MakeMyTrip Bus Gift Card is the perfect gift for those who love the independence and thrill of road travel.

So, why not give your loved ones the gift of exploration? The MakeMyTrip Bus Gift Card isn’t just a gift; it’s an invitation to embark on an unforgettable road trip and discover the wonders of India. Purchase yours today and let the adventure begin!","{""text"":""1.\tTo check your voucher balance & validity, please log on to - https://www.makemytrip.com/gift-cards.\r\n2.\tThis Gift card is only applicable on Bus bookings.\r\n3.\tThe Gift Card is not valid on bookings through myBiz.\r\n4.\tThis Gift card is not applicable with the Pay Later Payment option (Book Now Pay Later/Reserve Now Pay Later)\r\n5.\tGift cards are valid on bookings made through MMT Mobile App or Website.\r\n6.\tIn case of transaction failures after Gift Card is applied, amount would be automatically refunded to the same cards within 48 hours.\r\n7.\tThis Gift card is valid for partial redemption. Balance would remain in the Gift Card till the validity period and can be reused for multiple transactions.\r\n8.\tMultiple Gift Cards (up to 3) can be combined and used in 1 booking.\r\n9.\tProducts and services are subject to availability.\r\n10.\tThe Gift card cannot be cancelled or exchanged for cash.\r\n11.\tThe Gift card validity cannot be extended under any circumstances.\r\n12.\tGift Card code/Physical copy or both to be provided at the time of booking along with an ID proof for the offline redemption.\r\n13.\tMakeMyTrip is not responsible if the Gift card is lost, stolen or used without permission.\r\n14.\tIn case of cancellation of bookings made using the gift card within the validity period, the amount will be reversed to the same card as used at the time of booking.\r\n15.\tUsers are required to save the gift card number and PIN to utilize this refunded amount as we will not be able to reset the PIN or reissue a new gift card number.\r\n16.\tIn case of cancellations where the gift card validity has expired, no refund will be processed for the amount paid by the gift card.\r\n17.\tMakeMyTrip is the final authority on the interpretation of these rules\r\n18.\tMakeMyTrip reserves the right to deny accepting any Gift card if it suspects that there is duplicity of cards.\r\n19.\tIn no event the liability of MakeMyTrip for any claims shall exceed the value of the card.\r\n20.\tIn the event of any dispute, parties agree to exclusive jurisdiction of courts of New Delhi.\r\n21.\tThis is for individual use only, Travel agents found using the card would lead to cancellation of booking and no refund would be made.\r\n22.\tFor any issue or query regarding Gift card, please write to Giftvouchers@makemytrip.com or call on 0124- 4628747 between 9 AM to 9 PM.\""""}","{""raw"":""https://giftbig.s3.amazonaws.com/microsite/product/EGCGBMMTBUSGB001/d/thumbnail/11884_microsite.png""}","2025-11-27T14:38:48.620826+00:00",,"2025-11-27T14:38:48.620826+00:00","2025-11-27T20:13:38.220021+00:00",,"b44a4dcd-7a94-4a48-a266-a96134850e89","{}","[]","250","1000","2025-11-27T14:38:47.484+00:00","Online","Multiple","makemytrip, bus, gift","365"
"55c25fa5-3ae9-47cc-a5df-8995f4b4f2ec","Timezone7gWVos8BkWFNR9u8","Timezone","Sports & Footwears","12","800,1250","Fixed","0","1","Timezone internationally operates over 300 locations across 7 countries with 50+ venues in India and has grown to be the preferred choice for family entertainment for guests. All venues stand a class apart with its modern contemporary design and the well-trained fun squads, guaranteeing a fun-filled experience for both the young and the young-at-heart. Many of the venues in India hosts a world class Bowling experience, the latest and most popular arcade games and VR concepts that the Indian mark","{""text"":""All Vouchers are inclusive of all applicable taxes and service charges <br/> Vouchers cannot be clubbed with any other offers <br/> More than 1 voucher cannot be clubbed together <br/> Right of Admission reserved <br/> Voucher code is mandatory to avail the Gift Card <br/> Vouchers once purchased are non-refundable""}","{""raw"":""https://at.valuedesign.co.in/media/uploads/products/TimeZone.png""}","2025-11-27T14:38:48.620826+00:00",,"2025-11-27T14:38:48.620826+00:00","2025-11-27T20:13:38.303764+00:00",,"28d1349d-db10-42a7-a37a-63fba3ea8d2c","{""0"":""Pay Rs. 800 &amp; get 950 balance and Pay Rs 1250 &amp; get 1500 balance in your Timezone card"",""1"":""Gift Voucher CANNOT be used online."",""2"":""Gift Vouchers are ACCEPTED at all Listed Outlets"",""3"":""Gift Voucher CANNOT be clubbed with on-going promotions/offers.""}","[]","0","0","2025-11-27T14:38:47.484+00:00","Both","Multiple","class, its, experience","365"
"15ec07bf-9a98-438f-8a62-83d3d8d52f60","DailyObjectsBt73Ndylr93H6Fh9","Daily Objects","Fashion & Lifestyle","20.5","250,500,1000,2000","Fixed","0","1","As a brand, Daily Objects is all about giving the touch of extraordinary to the ordinary. Daily Objects brings carefully crafted range of quality products that are meant to enhance your daily lifestyle. The brand believes that every day is special and every day deserves something special. Buy Daily Objects Gift Cards for your near and dear ones at affordable prices and help them make their everyday #lessordinary!","{""text"":""1.This is a DAILY OBJECTS Insta Gift Voucher (GV) / Gift Card (GC) and would be accepted on app and online at https://www.dailyobjects.com <br/>2. The holder of the Instant Gift Voucher is deemed to be the beneficiary. <br/>3. DAILY OBJECTS Insta GV / GC can be clubbed with existing offers and is applicable on ongoing sale on its website. <br/>4.No credit note / refund for the unused balance amount of the GV / GC will be given. <br/>5.Any such unused balance amount shall stand lapsed automatically. <br/>4.Only valid Instant Gift Vouchers at the sole discretion of DAILY OBJECTS shall be accepted for redemption. <br/>5.This is a ONE- time use GV / GC. <br/>6.Multiple vouchers cannot be used against one bill. <br/>7.Instant Gift Voucher cannot be revalidated once expired. <br/>8.DAILY OBJECTS or its affiliates are not responsible on account of the beneficiary sharing the Instant Gift <br/>voucher number and the voucher getting redeemed on that account. <br/>9.This Instant Gift Voucher cannot be redeemed on specific block out dates. DAILY OBJECTS may add or delete any date on its sole discretion. <br/>10.If an Instant Gift Voucher gets blocked on account of technical issue, it would get activated in 72 hours. <br/>11.Any dispute should be referred to the company from where the Instant Gift Voucher has been received, decision of the company shall be final. <br/>12.For any queries / issues related to GV / GC, raise a request at www.gvhelpdesk.com""}","{""raw"":""https://at.valuedesign.co.in/media/uploads/products/DailyObjects.png""}","2025-11-27T14:38:48.620826+00:00",,"2025-11-27T14:38:48.620826+00:00","2025-11-27T20:13:38.392294+00:00",,"4ead20e7-9a15-4b5f-bdb4-3ebafe4daf71","{""0"":""Gift Vouchers CAN be used Online at https://gftr.it , www.dailyobjects.com & DailyObjects App."",""1"":""Gift Vouchers CAN be clubbed with ongoing offers."",""2"":""Single Gift Voucher can be used in one bill."",""3"":""This is a one-time-use GV / GC.""}","[{""image"":""https://at.valuedesign.co.in/media/uploads/products/DailyObjects/1.jpeg"",""title"":""Visit https:gftr.it""},{""image"":""https://at.valuedesign.co.in/media/uploads/products/DailyObjects/2.jpeg"",""title"":""Add products to your cart. Go to your cart click on Proceed to check out. Enter your Shipping details.""},{""image"":null,""title"":""Enter voucher code under Discount section. Make the payment on the payment page only. Proceed further for balance payment, if any using other payment methods""}]","0","0","2025-11-27T14:38:47.484+00:00","Both","Multiple","brand, lifestyle, every","365"
"54ecd551-0a4c-48f5-9480-eb94d3449127","CandereGoldJewelleryqdQmP7Ut3wNXZo78","Candere Gold Jewellery","Jewellery","3.5","500,1000,2000,5000","Fixed","0","1","Get the best with Candere Gift Vouchers and Gift Cards. Candere houses a catalog of more than 8000 products in diamond, gold, gemstone, and platinum ranging from festive, daily to workwear. Every buyer is entitled to additional privileges and an amazing shopping experience.","{""text"":""1.This is a Candere Instant Gift Voucher / Card (GV) and would only be accepted online at www.candere.com <br/>2.The person who has the Candere GV Code is deemed to be the beneficiary. <br/>3.More than one GV can be used in one bill. <br/>4.This is a ONE-time use GV. <br/>5.No Credit note / Refund for the unused amount of the GV will be given. <br/>6.Candere Insta Gift Voucher (GV) / Gift Card CANNOT be revalidated once expired. <br/>7.Candere Insta Gift Voucher (GV) / Gift Card can be used during sale/Offers & Promotions. <br/>8.Any dispute related to the Insta Gift Voucher (GV) should be referred to the issuing company and the decision of the issuing company shall be final. <br/>9.Candere makes full efforts to accept Instant Gift Voucher (GV) / Gift Card, but on account of any technical / administrative reasons an outlet may refuse to accept the same. <br/>10.Candere Gold Jewellery Insta Gift Voucher (GV) / Gift Card can only be used to purchase Gold Jewellery. <br/>11.If an Instant Gift Voucher (GV) / Gift Card get blocked on account of technical issue, it would get enabled in 72 hours. <br/>12.For any queries / issues related to GV / GC, raise a request at www.gvhelpdesk.com""}","{""raw"":""https://at.valuedesign.co.in/media/uploads/products/CandereGoldJewellery.png""}","2025-11-27T14:38:48.620826+00:00",,"2025-11-27T14:38:48.620826+00:00","2025-11-27T20:13:38.479494+00:00",,"be43af8c-2f42-47e3-b5a4-726427f2308f","{""0"":""Multiple Gift Vouchers CAN be used in one transaction."",""1"":""Gift Vouchers are only accepted online website"",""2"":""Gift Vouchers can be used to purchase discounted products.""}","[{""image"":""https://at.valuedesign.co.in/media/uploads/products/CandereGoldJewellery/1.jpeg"",""title"":""Customer to login on website and add products to cart by clicking SHOP NOW button""},{""image"":""https://at.valuedesign.co.in/media/uploads/products/CandereGoldJewellery/2.jpeg"",""title"":""Customer to click on PROCEED TO CHECKOUT button to move to payment page. Customer to click on Pay with GYFTR checkbox available in Others tender mode to enter voucher number.""},{""image"":""https://at.valuedesign.co.in/media/uploads/products/CandereGoldJewellery/3.jpeg"",""title"":""Click on SUBMIT button post entering the voucher number & captcha in the required box. Note : In case of multiple vouchers, customer to enter vouchers comma(,) separated""},{""image"":null,""title"":""The vouchers amount gets deducted from total balance. Customer to click on PLACE ORDER button to pay remaining amount (if any) and complete the transaction.""}]","0","0","2025-11-27T14:38:47.485+00:00","Both","Multiple","gold, jewellery, gift","365"
"92bba62b-d0e6-4d50-8846-b6a92b058258","MainlandChinaNGzXGziwb2zRBKFq","Mainland China","Food & Beverages","12.5","250,500,1000,1500,2000,2500,3000,5000","Fixed","0","1","Mainland China specializes in lip-smacking food. They serve Chinese, Japanese, Burmese, Vietnamese, Korean, and Thai cuisines. Visit any one of their 100+ outlets in India if you want to try something new. And bring the entire family along. Mainland China Gift Cards and Gift Vouchers give customers a cashless shopping experience.","{""text"":""1.This is a Speciality Restaurants (Mainland China, Machaan, Sigree, Oh! Calcutta and Sweet Bengal) Insta Gift Voucher (GV) / Gift Card (GC) and would be accepted at listed outlets. (For Outlet List, please visit www.gyftr.com ) <br/>2.The person who has the Speciality Restaurants GV / GC Code is deemed to be the beneficiary. <br/>3.Speciality Restaurants GV / GC cannot be clubbed with any other offer or voucher. <br/>4.Do inform the cashier that you plan to use the GV / GC for making payments before billing. <br/>5.Only the listed Speciality Restaurants outlets at its sole discretion accept the GV / GC. Speciality Restaurants may add or remove an outlet without giving any prior notice. <br/>6.More than one GV / GC can be used in one bill. <br/>7.This is a ONE time use GV / GC. <br/>8.No Credit note / Refund for the unused amount of the GV / GC will be given. <br/>9.Speciality Restaurants GV / GC CANNOT be revalidated once expired. <br/>10.Speciality Restaurants GV / GC is valid only on Food & Non-Alcoholic beverages <br/>11.Speciality Restaurants GV / GC cannot be redeemed on specific block out dates. Speciality Restaurants may add or delete any date on its sole discretion. <br/>12.Any dispute related to the GV / GC should be referred to the issuing company and the decision of the issuing company shall be final. <br/>13.Speciality Restaurants makes full efforts to accept Insta Gift Vouchers (GV) / Gift Card (GC), but on account of any technical / administrative reasons an outlet may refuse to accept the same. <br/>14.If an Insta Gift Voucher (GV) /Gift Card (GC) gets blocked on account of technical issue, it would get enabled in 72 hours. <br/>15.For any queries / issues related to GV / GC, raise a request at www.gvhelpdesk.com""}","{""raw"":""https://at.valuedesign.co.in/media/uploads/products/MainlanChina.png""}","2025-11-27T14:38:48.620826+00:00",,"2025-11-27T14:38:48.620826+00:00","2025-11-27T20:13:38.566348+00:00",,"ad8a9a7e-38c0-46f6-8ccd-b5a53ca270b3","{""0"":""Gift Vouchers CANNOT be used Online."",""1"":""Multiple Gift Vouchers CAN be used in one bill."",""2"":""Gift Vouchers CANNOT be used for Meal Combos."",""3"":""Gift Vouchers are ACCEPTED at all Listed Outlets.""}","[{""image"":""https://at.valuedesign.co.in/media/uploads/products/MainlandChina/1.png"",""title"":""Visit the restaurant as per your Gift Voucher!! Inform the cashier about the Gift Voucher before ordering food.""},{""image"":""https://at.valuedesign.co.in/media/uploads/products/MainlandChina/2.png"",""title"":""Order food & enjoy your meal!""},{""image"":""https://at.valuedesign.co.in/media/uploads/products/MainlandChina/2.png"",""title"":""Provide the Gift Voucher to the cashier at the time of billing & pay remaining amount by card or cash if any.""}]","0","0","2025-11-27T14:38:47.485+00:00","Both","Multiple","food, their, india","365"
"7b0e4843-4189-464b-9d52-da545e6176a8","GNCJr1Dh4H0yjqHeinu","GNC","Wellness & Beauty","12","1000,2000","Fixed","0","1","GNC (General Nutrition Corporation) is a well-known global retailer and brand in the health and wellness industry. Established in 1935, GNC has grown to become a trusted destination for individuals seeking quality health supplements, vitamins, minerals, sports nutrition, and other wellness products. Buy GNC Gift Cards at affordable prices and save money. Enjoy discounts and additional offers on GNC Vouchers & Gift Cards.","{""text"":""1.This is a Guardian(GNC) GV / GC CANNOT be revalidated once expired or canceled under any circumstances. <br/>2.This Gift Voucher (GV)/Gift Card (GC) and would be accepted on GNC: GNC India | GNC Nutrition | Buy GNC Products & Supplements online (guardian.in) <br/>3.The person who has the GV / GC Code is deemed to be the beneficiary. <br/>4.GNC is not responsible if the Gift card is lost, stolen or used without permission. <br/>5.Only one GV/GC can be used in one bill/transaction. <br/>6.This is a one-time use GV/GC with an expiration date. <br/>7.No credit note/ refund for the unused balance amount of the GV/GC will be given. Any such unused balance amount shall stand lapsed automatically. <br/>8.The GV/GC cannot be redeemed on specific block out dates as may be intimated/updated by GNC on its website from time to time. GNC may add or delete any date(s)/period(s) on its sole discretion without any liability. <br/>9.Any dispute related to the GV/GC should be referred to the issuing company and the decision of the issuing company shall be final. In case of any legal disputes, the courts at Mumbai shall have the exclusive jurisdiction. <br/>10.GNC shall on best effort basis attempt to accept Gift Vouchers (GV)/Gift Card (GC), but on account of any technical reason or for any reason beyond control of GNC, GV/GC may not get accepted on the website and GNC shall have no liability for the same. <br/>11.If a Gift Voucher (GV)/Gift Card (GC) gets blocked on account of technical issue, it would get enabled in 72 hours. In case of transaction failures after Gift Voucher (GV)/Gift Card (GC) is applied, the amount would be automatically refunded to the same cards within 48 hours. <br/>12.GNC reserves the rights to edit/change the terms and conditions for the Gift Voucher (GV)/Gift Card (GC) at any time without any notice or liability. <br/>13.GNC Card is not valid or accepted in any GNC pharmacy or Offline Stores.  <br/>14.GNC has the final authority on the interpretation of these rules. <br/>15.GNC reserves the right to withdraw Gift Voucher (GV)/Gift Card (GC) scheme/offer before the completion of validity period without any notice or liability at its sole discretion. <br/>16.GNC reserves the right to deny accepting any Gift Voucher (GV)/Gift Card (GC), if it suspects that there is duplicity of cards. <br/>17.In no event the liability of GNC for any claims shall exceed the value of the Gift Voucher (GV)/Gift Card (GC) in dispute.  <br/>18.For any queries/issues related to GV/GC, raise a request at www.gvhelpdesk.com""}","{""raw"":""https://at.valuedesign.co.in/media/uploads/products/GNC.png""}","2025-11-27T14:38:48.620826+00:00",,"2025-11-27T14:38:48.620826+00:00","2025-11-27T20:13:38.651973+00:00",,"f5575e42-86a0-4616-9408-0f096d2da35f","{""0"":""Gift Vouchers CAN only be redeemed online a www.guardian.in"",""1"":""Only one Gift Voucher CAN be used in one bill."",""2"":""Gift Vouchers CANNOT be used to buy Gift Cards.""}","[{""image"":""https://at.valuedesign.co.in/media/uploads/products/GNC/1.PNG"",""title"":""Visit www.guardian.in and choose the products of your choice. ""},{""image"":""https://at.valuedesign.co.in/media/uploads/products/GNC/2.PNG"",""title"":""Add the products to the cart. ""},{""image"":null,""title"":""Apply the gift card on checkout.""}]","0","0","2025-11-27T14:38:47.485+00:00","Offline","Multiple","brand, health, wellness","365"
"2937dc6d-9f5e-4718-870b-aa1298e42425","SleepwellnUnW64WOtH2RcweR","Sleepwell","Fashion & Lifestyle","20.5","500,1000,1500,2000,2500,5000","Fixed","0","1","Engineered to offer you a good night sleep, the Sleepwell mattresses are the preferred choice of a myriad of Indians. From cozy mattresses to the ones designed for those with back pain, there are numerous options to choose from. You will also find the ones that suit multiple activities. Get Sleepwell gift cards at the best prices from GyFTR. Redeem your gift card instantly on your next mattress shopping.","{""text"":""1.This is a Sleepwell Insta Gift Voucher (GV) / Gift Card (GC) and would be accepted on listed Sleepwell Exclusive Outlets only. <br/>2.The person who has the Sleepwell GV / GC Code is deemed to be the beneficiary. <br/>3.Do inform the cashier that you plan to use the GV / GC for making payments before billing. <br/>4.Only the listed Sleepwell outlets at its sole discretion accept the GV / GC. Sleepwell may add or remove an outlet without giving any prior notice. <br/>5.GV/GC can only be applicable on the purchase of range of Sleepwell Mattresses. <br/>6.Multiple GV / GC can be used in one bill. Maximum voucher capping against a single purchase/bill is INR 5000 <br/>7.This is a ONE time use GV / GC. <br/>8.No Credit note / Refund for the unused amount of the GV / GC will be given. <br/>9.Sleepwell GV / GC cannot be revalidated once expired. <br/>10.Sleepwell GV / GC can be used during sale. <br/>11.Any dispute related to the GV / GC should be referred to the issuing company and the decision of the issuing company shall be final. The jurisdiction for any dispute will be in the Court of Delhi. <br/>12.Sleepwell makes full efforts to accept Insta Gift Vouchers (GV) / Gift Card (GC), but on account of any technical / administrative reasons an outlet may refuse to accept the same. <br/>13.If an Insta Gift Voucher (GV) /Gift Card (GC) gets blocked on account of the technical issue, it would get enabled in 72 hours. <br/>14.For any queries / issues related to GV / GC, raise a request at www.gvhelpdesk.com.""}","{""raw"":""https://at.valuedesign.co.in/media/uploads/products/Sleepwell.jpeg""}","2025-11-27T14:38:48.620826+00:00",,"2025-11-27T14:38:48.620826+00:00","2025-11-27T20:13:38.737622+00:00",,"4ead20e7-9a15-4b5f-bdb4-3ebafe4daf71","{}","[{""image"":""https://at.valuedesign.co.in/media/uploads/products/Sleepwell/1.jpeg"",""title"":""Visit Sleepwell outlet""},{""image"":""https://at.valuedesign.co.in/media/uploads/products/Sleepwell/2.jpeg"",""title"":""Select your choice of product""},{""image"":null,""title"":""Share the voucher code with the cashier before billing. You can make the balance payment by any other payment mode""}]","0","0","2025-11-27T14:38:47.485+00:00","Both","Multiple","get, gift, cards","365"
"9e8a91bf-6e42-4b74-92ab-e572f683657a","EGCGBEMT001","EaseMyTrip E-Gift Card","Tour & Travel","6","500-50000","Variable","0","1","EaseMyTrip commenced its operations in 2008 by focusing on the B2B2C (business to business to customer) distribution channel and providing travel agents access to its website to book domestic travel airline tickets in order to cater to the offline travel market in India. Subsequently, by leveraging its B2B2C channel, the company commenced operations in the B2C (business to customer) distribution channel in 2011by primarily focusing on the growing Indian middle class population’s travel requirements. With our presence in the B2B2C and B2C channels, we were able to commence operations in the B2E (business to enterprise) distribution channel in 2013 with the aim of providing end-to-end travel solutions to corporates. Our presence in three distinct distribution channels provide us with a diversified customer base and wide distribution network. We have been providing customers with the option of no-convenience fee, such that customers are not required to pay any service fee in instances where there are no alternate discount or promotion coupon being availed. In our pricing model, we have endeavoured to avoid hidden costs, which result in increasing the final price payable by the customer. We believe that the strength of our brand, the quality of our services, our user-friendly websites (www.easemytrip.com and www.easemytrip.in), android and iOS based mobile applications (EaseMyTrip), our customer centric approach, as well as our efficient marketing programs have enabled us to develop significant market share in the domestic airline ticket business in India. In Fiscal 2019, GoAir, and SpiceJet, recognized us as amongst the top travel partners in terms of revenue and passenger count. The strength of our brand has increased significantly over the years.","{""text"":""1.\tThe Easemytrip Gift Cards can be redeemed online against bookings of Flights, Hotels and Online Holidays as applicable on www.Easemytrip.com or Easemytrip Mobile App (\\\""Platform\\\"") only.\r\n2.\tGift Cards are valid for a period of 12 months from the date of issuance.\r\n3.\tYou can combine a maximum of 3 Gift Cards only in a single booking for Hotels / Flights booking.\r\n4.\tAny balance amount left on the used Gift Cards can be reused within the validity period.\r\nIf the order value exceeds the Gift Card amount, the balance must be paid by Credit Card, Debit Card, UPI,Net Banking or any other applicable payment mode.\r\n5.\tIf the order value is less than the amount of the Gift Card, the outstanding balance (after deduction of order value) will reflect under the same Gift Card and can be used for subsequent transactions.\r\n6.\tGift Cards can be purchased the Platform using the following payment modes only - Credit Card, Debit Card, UPI and Net Banking.\r\n7.\tGift Cards once purchased cannot be cancelled, unless expressly allowed to do so by Easemytrip.\r\n8.\tGift Cards cannot be clubbed with any other offer including but not limited to cashbacks, discounts etc. on a particular credit/debit card.\r\n9.\tEasemytrip is not responsible if the Gift Card is lost, stolen or used without permission. Gift Card once issued cannot be re-issued nor can the PIN be reset. It is the responsibility of the customer to ensure that the Gift Card once purchased is not lost, stolen, or used without the purchaser’s consent.\r\n10.\tThe Gift Cards cannot be replaced, refunded, or exchanged for cash.\r\nConvenience Fee will be applicable for all Gift Card bookings (as how it's applicable for any payment method).\r\n11.\tIn case of transaction failures after Gift Card is applied, amount would be automatically refunded to the same cards as per the terms of use of the Easemytrip platform.\r\n12.\tEasemytrip reserves the right to deny accepting any Gift Card if it suspects that there is fraud or duplicity of Gift Cards.\r\n13.\tProducts and services offered by Easemytrip are subject to availability and terms of use of the Easemytrip platform.\r\n14.\tIn no event the liability of Easemytrip for any claims arising by the purchase or usage of Gift Cards shall exceed the value of the respective Gift Card.\r\n15.\tYou shall be responsible for maintaining strict confidentiality of the Gift Card pin/ Gift Card unique number issued to you. Easemytrip shall not be responsible to provide you new Gift Cards in the event this confidentiality obligation is breached by you. Any misuse/unauthorised disclosure of Gift Cards shall result in cancellation of the booking of the flight ticket/hotel, as applicable, without any liability of Easemytrip.\r\n16.\tGift Cards are for individual use only, Travel agents found using Gift Cards would lead to cancellation of booking and no refund would be made.\r\n17.\tGift Card balance and transactions can be viewed. https://Easemytripgcbal.qwikcilver.com/QwikCilver/sclp.ssa/welcome.aspx?orgname=Easemytrip.\r\n18.\tCredit and Debit Cards issued outside India cannot be used to purchase Gift Cards\r\n19.\tGift Cards cannot be used to purchase other Gift Cards\r\n20.\tGift Cards cannot be redeemed for Cash or Credit.\r\n21.\tGift Cards cannot be reloaded or resold.\r\n22.\tAny offer on Gift Cards including offers by banks and instant cash backs could be withdrawn anytime at the sole discretion of Easemytrip/ Pine Labs.\r\n23.\tGift Cards are subject to the relevant RBI guidelines and other statutory guidelines.\r\n24.\tEasemytrip at any point of times reserves the right to request from You to provide relevant ID proof and other documents as required under law from time to time. In case You are unable to provide the same, then Gift Cards issued to you may be suspended and/or terminated. You expressly agree and acknowledge that You shall have no claims against us for the balance forfeited from Your Gift Card due to such reason.\r\n25.\tEasemytrip at its sole discretion reserves the right to change or revise the above terms and conditions. You shall be responsible to update yourself on the revised terms and conditions and Terms of Use at the time of accessing or using Gift Cards.\r\n26.\tNo returns and no refunds on gift cards, E- gift cards and gift vouchers shipped by woohoo.in. Please check the refund policy at http://www.woohoo.in/faq for further details.""}","{""raw"":""https://giftbig.s3.amazonaws.com/microsite/product/EGCGBEMT001/d/thumbnail/8793_microsite.jpg""}","2025-11-27T14:38:48.620826+00:00",,"2025-11-27T14:38:48.620826+00:00","2025-11-27T20:13:38.822408+00:00",,"b44a4dcd-7a94-4a48-a266-a96134850e89","{}","[{""image"":null,""title"":""How to Redeem Gift Card""},{""image"":null,""title"":""Customer selects required product""},{""image"":null,""title"":""Submits mandatory details""},{""image"":null,""title"":""Reaches to checkout page""},{""image"":null,""title"":""Selects Gift Card as mode of payment""},{""image"":null,""title"":""Submits Gift Card details (16 Digit number and PIN) and clicks redeem button""},{""image"":null,""title"":""System validates card details in backend and displays card balance""},{""image"":null,""title"":""On successful validation, the redeem button gets activated""},{""image"":null,""title"":""Customer selects redeem button and redemption process of the card gets initiated""},{""image"":null,""title"":""On successful redemption total value of the invoice gets adjusted with redeemed value, maximum of five gift cards can be redeemed in one single invoice""},{""image"":null,""title"":""System displays balance amount (if any) to pay""},{""image"":null,""title"":""Customer selects another mode of payment (UPI, CC, DC etc.) and initiates payment""},{""image"":null,""title"":""On successful payment transaction gets closed and order gets placed""}]","500","50000","2025-11-27T14:38:47.485+00:00","Online","Multiple","gift, card, its","360"
"0fb5f07f-cbd2-4a69-93f8-d23d11b1aaa6","Pantaloons5hU0uk9kgE7Gj7Ye","Pantaloons","Fashion & Lifestyle","8","250,500,1000,2000,5000","Fixed","0","1","Pantaloons is India?s preferred clothing retail brand. The brand offers a multitude of options across the casual, ethnic, party, and sports segments. You can bring the entire family along. Because Pantaloons has something for everyone. Pantaloons gift cards and gift vouchers give a cashless shopping experience","{""text"":""1.This is a Pantaloons Insta Gift Voucher (GV) / Gift Card (GC) and can be redeemed for any product at participating pantaloons stores across India. For list of Stores, click here https://www.pantaloons.com/content/store-locators-9?source=firstband <br/>2.Pantaloons Insta Gift Voucher (GV) / Gift Card (GC) and is valid for one year from the date of issuance. <br/>3.The person who has the Pantaloons GV / GC is deemed to be the beneficiary. <br/>4.Do inform the cashier that you plan to use the GV / GC for making payments before billing. <br/>5.Validity period of the E-Gift voucher will not be extended under any circumstances. <br/>6.Pantaloons Insta Gift Voucher (GV) / Gift Card (GC) is redeemable only once and only by the bearer. <br/>7.Pantaloons Insta Gift Voucher (GV) / Gift Card (GC) is not valid at shop-in-shops & on jewellery. <br/>8.Pantaloons Insta Gift Voucher (GV) / Gift Card (GC) must be redeemed in full and partial redemption is not allowed. <br/>9.Pantaloons Insta Gift Voucher (GV) / Gift Card (GC) is not redeemable for cash or credit nor can be exchanged for a gift voucher/gift card. <br/>10.More than one GV / GC can be used in one bill. <br/>11.Pantaloons GV / GC can be used during sale. <br/>12.No duplicate will be issued if Pantaloons E-Gift voucher is lost or misplaced. <br/>13.Providing the correct Mobile no & E-mail Id will be customer's responsibility for generation of E-GV Redemption Code <br/>14.The bearer of the E-Gift Voucher shall protect the E-Gift Voucher number and PIN to avoid misuse. Pantaloons shall not assume any liability in case the E-Gift Voucher PIN gets stolen/compromised, Pantaloons shall neither replace the e-GC nor refund cash. <br/>15.Any dispute should be referred to the company and decision of the company shall be final. <br/>16.Pantaloons Insta Gift Voucher (GV) / Gift Card (GC) has been issued subject to the terms of the company. <br/>17.Dispute arising in respect of the E-Gift Voucher, shall be subject to the exclusive jurisdiction of the Mumbai Court. <br/>18.Pantaloons makes full efforts to accept Insta Gift Vouchers (GV) / Gift Card (GC) but on account of any technical / administrative reasons an outlet may refuse to accept the same. <br/>19.Redemption Process for the Insta GV / GC- <br/>a)Customer receives an email & sms confirmation having the GV/GC Code and PIN <br/>b)Cashier will put GV/GC no. & pin to redeem the voucher in the bill & reduce payable amount. <br/>c)If bill value is greater than GV/GC value, customer to pay balance amount in other payment modes. <br/>20.For any concern, write to customercare@abfrl.aditybirla.com and for any queries / issues related to GV / GC, raise a request at www.gvhelpdesk.com""}","{""raw"":""https://at.valuedesign.co.in/media/uploads/products/Pantaloons.jpeg""}","2025-11-27T14:38:48.620826+00:00",,"2025-11-27T14:38:48.620826+00:00","2025-11-27T20:13:38.908854+00:00",,"4ead20e7-9a15-4b5f-bdb4-3ebafe4daf71","{""0"":""This is a Pantaloons Insta Gift Voucher (GV) / Gift Card (GC) and can be redeemed for any product at participating pantaloons stores across India."",""1"":""More than one GV / GC can be used in one bill."",""2"":""Pantaloons GV / GC can be used during sale."",""3"":""Pantaloons E-Gift voucher is not valid at shop-in-shops &amp; on jewellery.""}","[{""image"":""https://at.valuedesign.co.in/media/uploads/products/Pantaloons/1.png"",""title"":""Use the outlet locator to locate the nearest outlet that accepts this Gift Voucher.""},{""image"":""https://at.valuedesign.co.in/media/uploads/products/Pantaloons/2.png"",""title"":""Select your choice of product.""},{""image"":""https://at.valuedesign.co.in/media/uploads/products/Pantaloons/3.png"",""title"":""Share your Gift Voucher with the cashier at the time of billing & pay the remaining amount by cash or card if required.""}]","0","0","2025-11-27T14:38:47.486+00:00","Both","Multiple","india, brand, across","365"
"7dc6d655-bf0b-44e2-aab3-72a88120387d","ZEE5hutuDUttteuOUL7R","ZEE5","Entertainment","18.5","399,699","Fixed","0","1","Zee5 is India?s video on-demand subscription service from Zee Entertainment Enterprises. Watch your favourite Zee shows a day before they air on TV. And enjoy a plethora of Indian and international movies on this platform. Buy and redeem Zee5 gift vouchers easily when you plan to sign in for this subscription.","{""text"":""This is a Zee5 Insta Gift Voucher (GV) and would be accepted at the Zee5 website, i.e, https://www.zee5.com/ and the Zee5 application. <br/> To apply a GV voucher code, you'll need to visit ZEE5 s subscription offerings page on the website or ZEE5 application where you'll have the option to do so. <br/> Click the following link to visit our subscription offerings: https://www.zee5.com/myaccount/subscription <br/> The person who has the Zee5 GV is deemed to be the beneficiary. <br/> Zee5 is not responsible if the Gift card is lost, stolen or used without permission. <br/> One GV can be used in one transaction. <br/> This is a One-time use GV with an expiration date. <br/> No credit note / refund for the unused balance amount of the GV will be given. <br/> Any such unused balance amount shall stand lapsed automatically. <br/> Zee5 GV CANNOT be revalidated once expired or cancelled under any situations <br/> Zee5 GV can be clubbed with on-going promotions & offers. <br/> Zee5 GV cannot be redeemed on specific block out dates. Zee5 may add or delete any date(s)/period(s) on its sole discretion without any liability. <br/> Any dispute related to the GV should be referred to the issuing company and the decision of the issuing company shall be final. In case of any legal disputes, the courts at Delhi shall have the exclusive jurisdiction. <br/> Zee5 shall on best effort basis attempt to accept Insta Gift Vouchers (GV) but on account of any technical reason or for any reason beyond control of Zee5, GV may not get accepted and Zee5 shall have no liability for the same. <br/> If an Insta Gift Voucher (GV) gets blocked on account of technical issue, it would get enabled in 72 hours. In case of transaction failures after Insta Gift Voucher (GV) is applied, amount would be automatically refunded to the same cards within 48 hours. <br/> Zee5 reserves the rights to edit/change the terms and conditions for the Insta Gift Voucher (GV) at any time without any notice or liability. <br/> Zee5 has the final authority on the interpretation of these rules. <br/> Zee5 reserves the right to withdraw Insta Gift Voucher (GV) scheme/offer before the completion of validity period without any notice or liability at its sole discretion. <br/> Zee5 reserves the right to deny accepting any Insta Gift Voucher (GV), if it suspects that there is duplicity of cards. <br/> In no event the liability of Zee5 for any claims shall exceed the value of the Insta Gift Voucher (GV) in dispute. <br/> For any queries / issues related to GV / GC, raise a request at www.gvhelpdesk.com""}","{""raw"":""https://at.valuedesign.co.in/media/uploads/products/ZEE5.png""}","2025-11-27T14:38:48.620826+00:00",,"2025-11-27T14:38:48.620826+00:00","2025-11-27T20:13:38.99145+00:00",,"502892c1-e901-4c40-8b77-8fdbf8b41a62","{""0"":""Gift Vouchers CAN Only be used at https://www.zee5.com and the Zee5 application."",""1"":""Only 1 Gift Voucher can be used in one transaction."",""2"":""Visit https://www.zee5.com/myaccount/subscription and click on Have a code. Enter your GV prepaid code and enjoy your ZEE5 subscription.""}","[{""image"":""https://at.valuedesign.co.in/media/uploads/products/ZEE5/1.jpeg"",""title"":""Click on Buy plan""},{""image"":""https://at.valuedesign.co.in/media/uploads/products/ZEE5/2.jpeg"",""title"":""Select the plan and then click on have a code -Enter the code and click on continue""},{""image"":""https://at.valuedesign.co.in/media/uploads/products/ZEE5/3.png"",""title"":""Login your account using email id or mobile no.""}]","0","0","2025-11-27T14:38:47.486+00:00","Online","Multiple","demand, subscription, service","365"
"92416baf-e9aa-455d-b0b6-9d51f55c03ca","RelianceDigitalIhprgE3yn48ptqYl","Reliance Digital","Fashion & Lifestyle","3.75","250,500,1000,1500,2000,2500,3000,5000,7500","Fixed","0","1","Bring home the best of technology with Reliance Digital. This chain of consumer electronics has the widest range of products from 200 Indian and global brands. It also blends in superior quality and cutting edge technology to deliver latest products under its label Reconnect. GyFTR brings you Reliance Digital gift cards with different denominations. Redeem these gift vouchers easily during your next shopping trip from one of the Reliable Digital outlets.","{""text"":""1.This Gift Voucher is issued by Reliance Retail Limited (Reliance). <br/>2.This Gift Voucher is redeemable, and it is valid only for a minimum period of 6 months from the date of receipt. <br/>3.Gift Voucher can be redeemed at Reliance Digital Stores in India only. <br/>4.Gift Voucher can t be exchanged for cash. <br/>5.This Gift Voucher is not valid on purchase of Gold/Silver Coins. <br/>6.This Gift Voucher can be redeemed only once. Any unused amount will lapse. <br/>7.No extension of the Validity period nor refund of the value of Gift Voucher in case of failure to use the Gift Voucher on or before the validity period. <br/>8.Reliance shall not be responsible for loss or misuse of Gift Voucher and no duplicate or compensation in lieu of the Gift Voucher shall be given by Reliance. <br/>9.Reliance overall liability will not exceed the value of the Gift Voucher. <br/>10.Bearer of the Gift Voucher shall be deemed to have read, understood and accepted these terms and conditions. <br/>11.Bearer of the code of Gift Voucher is deemed to be the beneficiary of this Gift Voucher. Any redemption by the bearer of Gift Voucher shall be considered as a valid discharge of liabilities by Reliance. <br/>12.Reliance shall not be liable under any circumstances towards any loss or damage or expenses or cost or any third-party liability, whether directly or indirectly arising out of or in relation to use of Gift Voucher and redemption thereunder by the bearer. <br/>13.Reliance reserves its right to modify/amend the terms and conditions of the Gift Voucher at any time without prior notice and such modifications shall be binding on the user/bearer of the Gift Voucher. <br/>14.Any dispute with regard to Product liability, guarantee, warranty and quality of the Products to be purchased under redemption of the Gift Voucher shall be addressed to the respective Manufacturer/ Brand Owner and Reliance shall not be held responsible/liable for the same. The guarantee and warranty of the Products shall be transferred, as received from the respective Manufacturer/Distributor. <br/>15.In case of any issue faced by the Gift Voucher bearer, the Gift Voucher bearer can reach out to Customer service desk at the Stores or Customer Care at Toll free number 18008910001/18001027382 or Email at customerservice@ril.com. <br/>16.For any Reliance Retail GV queries / issues related to receiving of the voucher, please reach out to customer care via gvhelpdesk.com or customer care toll free number 18001033314 <br/>17.The Gift Voucher is binding for all applicable laws of India. <br/>18.All disputes are subject to the jurisdiction of courts at Mumbai only.""}","{""raw"":""https://at.valuedesign.co.in/media/uploads/products/RelianceDigital.jpeg""}","2025-11-27T14:38:48.620826+00:00",,"2025-11-27T14:38:48.620826+00:00","2025-11-27T20:13:39.079428+00:00",,"4ead20e7-9a15-4b5f-bdb4-3ebafe4daf71","{}","[{""image"":""https://at.valuedesign.co.in/media/uploads/products/RelianceDigital/1.jpeg"",""title"":""Visit listed outlet. You can locate the outlet on storelocator.ril.com.""},{""image"":""https://at.valuedesign.co.in/media/uploads/products/RelianceDigital/2.jpeg"",""title"":""Select your choice of product""},{""image"":null,""title"":""Share the voucher code with the cashier before billing. You can make the balance payment by any other payment mode""}]","0","0","2025-11-27T14:38:47.486+00:00","Both","Multiple","home, brands, gift","180"
"4a9378cc-be98-4304-9395-d17b2edc3357","EGCGBETSR002","EatSure E-Gift Card-B2C","Food & Beverages","9","100-10000","Variable","0","1","With EatSure, you can order food from Multiple Restaurants in a Single Order! Now, keep the worries of food safety & hygiene at bay for there’s 200+ quality checks and no artificial colours or flavours! Time to indulge in the most loved & trusted brands across the country.","{""text"":""1.\tThe EatSure Gift Card is redeemable only on the EatSure iOS/android app\r\n2.\tThe EatSure Gift Card is issued by Pine Labs Private Limited (Pine Labs), a private limited company incorporated under the laws of India, and is authorized by the Reserve Bank of India (RBI) to issue such Gift Cards. These gift cards are issued under the Brand Name of Qwikcilver\r\n3.\tEvery holder of Gift Cards shall be required to add the value stored on such Gift Card into the EatSure User Account\r\n4.\tYou agree and understand that the EatSure Gift Card is a pre-paid payment Instrument subjected to regulations by RBI under the RBI guidelines. Rebel Marketplace India Private Limited / Pine Labs may be required to share KYC details of the purchaser/ redeemer of the EatSure Gift Card and/or any other information with relation to the purchase of the EatSure Gift Card and/or transaction undertaken using the EatSure Gift Card with RBI or such statutory authorities. Rebel Marketplace India Private Limited / Pine Labs may contact the purchaser/redeemer of the EatSure Gift Card for any such information.\r\n5.\tIn the event the beneficiary/Know Your Customer (KYC;) details as per RBI Guidelines are found to be incorrect/insufficient, Rebel Marketplace India Private Limited /Pine Labs retain the right to cancel the Gift Card so issued\r\n6.\tRebel Marketplace India Private Limited shall honour and consider requests for blocking of Gift Cards only from users who have registered in accordance with the terms\r\n7.\tThe EatSure Gift Card can be purchased by debit cards and credit cards issued by Indian Banks. No Gift Card may be purchased by cash or by prepaid wallets.\r\n8.\tThe EatSure Gift Card cannot be used to purchase another EatSure Gift Card\r\n9.\tNo cash withdrawal is permissible against the EatSure Gift Card\r\n10.\tRebel Marketplace India Private Limited / Pine Labs Private Limited reserves the right to cancel the EatSure Gift Card if the same have been found to be purchased with fraudulent means. In such cases, the funds shall be credited back to the same source from where these were received.\r\n11.\tIn case the order is cancelled within the timeframe as mentioned in the Cancellation Policy, wherein the Customer has redeemed the EatSure Gift Card, in such scenario the Customers’ EatSure Gift Card shall be credited with the amount equivalent to the redemption amount.\r\n12.\tThe cardholder may request for the revalidation of the expired Gift Card. Upon receipt of such request, the EatSure Gift Card may be revalidated after due verification and maybe subject to additional terms and conditions\r\n13.\tTo redeem, user must enter the 16-digit Gift Card number and the mpin on the payment/check out page\r\n14.\tIf the value of the service exceeds the value of the Gift Card, the difference must be paid by the user through other available payment modes\r\n15.\tThe EatSure Gift Card can be redeemed multiple times until value of the Gift Card is exhausted\r\n16.\tUser cannot club more than 1 Gift Card in one order\r\n17.\tNo fees or charges apply to the purchase Gift Cards\r\n18.\tDelivery charges and taxes as applicable\r\n19.\tThis Gift Card does not allow any top up or reload\r\n20.\tThe EatSure Gift Card is valid for a period of 12 months from the date of issue\r\n21.\tThe user is solely responsible for the safety and security of the Gift card. EatSure and/or Pine Labs are not responsible for any acts of omission or commission if Gift Card is lost, stolen or used without permission\r\n22.\tNo duplicate card shall be issued\r\n23.\tEatSure shall not be held liable or responsible for any unauthorized and/or fraudulent purchase/s made using this Gift Card.\r\n24.\tThe Gift card is non-returnable & non-refundable, and cannot be exchanged for cash in part or full\r\n25.\tGift Cards are normally sent instantly via email/SMS. However, in case of system issues, the delivery may take up to 24 hours.\r\n26.\tIn case of any disputes, EatSure reserves the right to identify the authenticity of the Gift Card\r\n27.\tEatSure reserves the right to amend the terms & conditions at its discretion without prior notice\r\n28.\tFor any enquiries, email at goodness@eatsure.com\r\n29.\tPlease refer the Customer Grievance policy for dispute resolution, unauthorized transactions and liability related aspects at https://www.qwikcilver.com/grievance-policy/\r\n30.\tAll disputes with relation to the Gift Card shall be subject to the exclusive jurisdiction of the competent courts located at Bangalore\r\n31.\tGift Cards are Issued by Pine Labs under the Brand Name of Qwikcilver\r\n32.\tE-Gift Cards are normally delivered instantly. But sometimes due to system issues, the delivery can be delayed up-to 24 - 48 hours.\r\n33.\tNo returns and no refunds on gift cards, e-gift cards and gift vouchers shipped by woohoo.in. Please check the refund policy at http://www.woohoo.in/faq for further details.""}","{""raw"":""https://giftbig.s3.amazonaws.com/microsite/product/EGCGBETSR002/d/thumbnail/3529_microsite.jpg""}","2025-11-27T14:38:48.620826+00:00",,"2025-11-27T14:38:48.620826+00:00","2025-11-27T20:13:39.165869+00:00",,"ad8a9a7e-38c0-46f6-8ccd-b5a53ca270b3","{}","[]","100","10000","2025-11-27T14:38:47.486+00:00","Both","Multiple","gift, card, food","360"
"779f4c10-603d-4cd4-b7ed-d5b129d349c9","EGVGBPES001","Peter England E-Gift Voucher","Fashion & Lifestyle","3.75","500-10000","Variable","0","1","One can buy a richly-embroidered traditional sherwani here for a traditional event, or pick up classy jeans, denim jackets or casual sports clothing. Just purchase a Peter England e-Gift card, and it will be instantly delivered on email. It’s that easy with an e-Gift card – buy, checkout and instantly make someone happy.","{""text"":""1. This EGC shall have a validity period of 6 months from the date of issuance.\r\n2. This E- Gift Card is redeemable on all merchandise at Peter England stores across India.\r\n3. This E- Gift Card can be redeemed just once.\r\n4. This Gift card/ E- Gift Card can be redeemed only at selected outlets.\r\n5. This E- Gift Card holds no value until activated with a minimum purchase. There is no extra fee to obtain this card.\r\n6. Please present the print out of this E- Gift Card to the customer relationship officer prior to billing or when you want to redeem the card.\r\n7. This card is not redeemable for cash or credit.\r\n8. In case of a damaged card, a new card will be issued and loaded with the remaining value only after proof and authenticity is presented to any PE store.\r\n9. If a card is lost or stolen neither will a new card be issued nor will the money be reimbursed in any manner.\r\n10. E- Gift Cards are normally delivered instantly. But sometimes due to system issues, the delivery can be delayed up-to 24 hours.\r\n11. This E- Gift Card/Gift Card can used only at Exclusive Peter England Outlets.""}","{""raw"":""https://at.valuedesign.co.in/media/""}","2025-11-27T14:38:48.620826+00:00",,"2025-11-27T14:38:48.620826+00:00","2025-11-27T20:13:39.251839+00:00",,"4ead20e7-9a15-4b5f-bdb4-3ebafe4daf71","{}","[{""image"":null,""title"":""Visit the outlet near you.""},{""image"":null,""title"":""Before making the purchase confirm about the acceptance of Gift Voucher at the store.""},{""image"":null,""title"":""Choose the products you would like to buy.""},{""image"":null,""title"":""Show your Gift Voucher details to the cashier at the time of billing & pay any balance amount by cash or card.""}]","500","10000","2025-11-27T14:38:47.486+00:00","Online","Multiple","gift, one, card","180"
"38eb162d-cbf1-45e7-a56d-5f8fd296c202","TitanMinimalsUYEF8thXEzIJjlJM","Titan Minimals","Fashion & Lifestyle","7.5","500,1000,2000,5000","Fixed","0","1","Just as the name suggests, Titan Minimal truly offers an aesthetic and classy collection of watches for both men and women. The watches radiate the essence of sophistication and style, simultaneously. Have a fun shopping experience using Titan Minimal gift cards and avail discounts from GyFTR.","{""text"":""1.This is Titan Minimals Gift Voucher (GV) / Gift Card (GC) and it would be accepted on listed Titan stores only. <br/>2.The holder of the voucher is deemed to be the beneficiary. <br/>3.Beneficiary should announce the intent of using the voucher before making a purchase <br/>4.Only valid vouchers at the sole discretion of TITAN shall be accepted for redemption. <br/>5.A Maximum of 5 Gift vouchers can be clubbed for a single purchase. <br/>6.Partial redemption is not allowed, single time usage only. <br/>7.No refund or credit note would be issued against unused or partially used voucher <br/>8.Not valid for in-store offers. <br/>9.Voucher cannot be revalidated once expired. <br/>10.TITAN/ affiliates are not responsible on account of the beneficiary sharing the voucher number and the voucher getting redeemed on that account. <br/>11.The Brand may ask for a valid Government identity proof at the time of redeeming the voucher <br/>12.Vouchers will be accepted across all outlets mentioned, but TITAN at its sole discretion may add or remove an outlet from the list without giving any prior notice. <br/>13.TITAN makes full efforts to accept voucher, but on account of any technical / administrative reasons an outlet may refuse to accept a voucher. <br/>14.This voucher cannot be redeemed on specific block out dates TITAN may add or delete any date on its sole discretion. <br/>15.TITAN or any of its partners would not be liable for any form of compensation etc on account of an outlet not being able to accept the voucher. The customer would be liable to settle the Invoice. <br/>16.If a voucher gets blocked on account of technical issue the voucher would be usable only post 72 hours. <br/>17.Any dispute should be referred to the company from where the voucher has been received; decision of the TITAN shall be final. <br/>18.For any queries / issues related to GV / GC, raise a request at www.gvhelpdesk.com""}","{""raw"":""https://at.valuedesign.co.in/media/uploads/products/TitanMinimals.jpeg""}","2025-11-27T14:38:48.620826+00:00",,"2025-11-27T14:38:48.620826+00:00","2025-11-27T20:13:39.340479+00:00",,"4ead20e7-9a15-4b5f-bdb4-3ebafe4daf71","{""0"":""A Maximum of 5 Gift vouchers can be clubbed for a single purchase"",""1"":""Not valid for in-store offers"",""2"":""Gift Vouchers are ACCEPTED at all Listed Outlets."",""3"":""Gift Vouchers CANNOT be used Online.""}","[{""image"":""https://at.valuedesign.co.in/media/uploads/products/TitanMinimals/1.jpeg"",""title"":""Use the outlet locator to locate the nearest outlet that accepts this Gift Voucher.""},{""image"":""https://at.valuedesign.co.in/media/uploads/products/TitanMinimals/2.jpeg"",""title"":""Select your choice of Titan Minimal Watch Collection Watch.""},{""image"":""https://at.valuedesign.co.in/media/uploads/products/TitanMinimals/3.png"",""title"":""Share your Gift Voucher with the cashier at the time of billing &amp; pay the remaining amount by cash or card if required.""}]","0","0","2025-11-27T14:38:47.486+00:00","Both","Multiple","gift, cards","365"
"145df537-bdb1-45fb-9d2f-4def7afe5864","EGCGBDUNE001","Dune London-Luxe E-Gift Card","Fashion & Lifestyle","12","1000-10000","Variable","0","1","With one ‘Luxe gift card’, shop across 30+ fashion & lifestyle brands. Use this gift card across 380+ stores in India. The curated selection of brands are Armani Exchange, Bally, Bottega Veneta, Brooks Brother, Canali, Coach, Diesel, Dune London, EA7, Emporio Armani, G-Star Raw, GAS, Giorgio Armani, Hamleys, Hugo Boss, Hunkemöller, Jimmy Choo, Kate Spade, Michael Kors, Mothercare, Paul&Shark, Paul Smith, Replay, Salvatore Ferragamo, Satya Paul, Scotch & Soda, Steve Madden, Superdry, The White Crow, Tory Burch, Tumi, Villeroy&Boch & West Elm","{""text"":""1.\tThese Terms & Conditions are for the electronic version of the Luxe Gift Card.\r\n2.\tLuxe Gift Card is issued by Pine Labs Private Limited under the Brand Name of Qwikcilver and is valid for 12 months from the date of purchase.\r\n3.\tLuxe Gift Card is redeemable at more than 30 participatory brands across India.\r\n4.\tFor locations, visit - https://luxegiftcard.com/pages/store-locator\r\n5.\tLuxe Gift Card is not redeemable at airport stores.\r\n6.\tLuxe Gift Card can be redeemed only once until expiry.\r\n7.\tIn case the value of the merchandise exceeds the value of the gift card, the difference shall be paid by the bearer. No refunds/credit note shall be issued for unused part of the Luxe Gift Card.\r\n8.\tProtect the Luxe Gift Card to avoid misuse. RBL or Pine Labs Private Limited shall not assume any liability in case the PIN gets stolen / compromised, RBL shall neither replace the Luxe Gift Card nor refund in any form.\r\n9.\tMultiple Luxe Gift Cards can be used in a single transaction.\r\n10.\tOnce issued, Luxe Gift Card cannot be cancelled or blocked.\r\n11.\tLuxe Gift Card can be redeemed only against full priced merchandise.\r\n12.\tTo activate this gift card, SMS ACT<16-Digit Card Number><6-Digit Card Pin> to 9704200300\r\n13.\tFor balance enquiry & validity, please SMS <16-Digit Card Number> to 9704200300 or visit any merchant location.\r\n14.\tFor complete T&Cs, participating brands and store locations visit luxegiftcard.com\r\n15.\tFor bulk enquiries or assistance, contact us at info@luxegiftcard.com\r\n16.\tBy purchasing this gift voucher, you consent to sharing your PII ( Name, Email ID, Telephone Number if available ) with the issuer ( PineLabs ), as per the guidelines of PPI.""}","{""raw"":""https://giftbig.s3.amazonaws.com/microsite/product/EGCGBDUNE001/d/thumbnail/1803_microsite.jpg""}","2025-11-27T14:38:48.620826+00:00",,"2025-11-27T14:38:48.620826+00:00","2025-11-27T20:13:39.429029+00:00",,"4ead20e7-9a15-4b5f-bdb4-3ebafe4daf71","{}","[{""image"":null,""title"":""Redeem your eGift Card at a participating brand of your choice by providing the e-voucher number and voucher PIN.""},{""image"":null,""title"":""To activate this gift card, SMS ACT< space ><16-Digit Card Number>< space >< CardPin > to 9704200300""}]","1000","10000","2025-11-27T14:38:47.492+00:00","Both","Multiple","gift, card, one","360"
"3b2ad10a-1edc-456f-9a34-e0d09e76b15a","ORGANICINDIAi7I80BoHzsEBjnc8","ORGANIC INDIA","Wellness & Beauty","11","250,500,750,1000,1500","Fixed","0","1","Get inspired to live a healthy lifestyle with Organic India. This brand is the preferred choice for health-conscious people looking for herbal teas, green teas, organic groceries, and more. Get Organic India gift vouchers at the best prices. Redeem your voucher instantly on your next visit to an Organic India store.","{""text"":""1.This is an Organic India Insta Gift Voucher (GV) / Gift Card (GC) and would be accepted at all the Listed Organic India Outlets only <br/>2.The person who has the Organic India GV / GC Code is deemed to be the beneficiary. <br/>3.Do inform the cashier that you plan to use the GV / GC for making payments before billing. <br/>4.Multiple Gift Vouchers CAN be used in one bill at the store/retail outlets <br/>5.Multiple vouchers can be used in one Invoice. <br/>6.The unused amount remains as EPay balance and can be used till its completely exhausted or expires. <br/>7.Organic India GV / GC CANNOT be revalidated once expired. <br/>8.Organic India GV/GC is valid for 6 months. <br/>9.Organic India GV / GC cannot be clubbed with on-going promotions. <br/>10.Organic India GV / GC cannot be redeemed on specific block out dates. Organic India may add or delete any date on its sole discretion. <br/>11.Any dispute related to the GV / GC should be referred to the issuing company and the decision of the issuing company shall be final. <br/>12.Organic India makes full efforts to accept Insta Gift Vouchers (GV) / Gift Card (GC), but on account of any technical reasons GV / GC may not be redeemed. <br/>13.If an Insta Gift Voucher (GV) /Gift Card (GC) gets blocked on account of technical issue, it would get enabled in 72 hours. <br/>14.For any queries / issues related to GV / GC, raise a request at www.gvhelpdesk.com""}","{""raw"":""https://at.valuedesign.co.in/media/uploads/products/OrganicIndia.png""}","2025-11-27T14:38:48.620826+00:00",,"2025-11-27T14:38:48.620826+00:00","2025-11-27T20:13:39.515483+00:00",,"f5575e42-86a0-4616-9408-0f096d2da35f","{""0"":""Gift Vouchers are ACCEPTED at all Listed Outlets."",""1"":""Gift vouchers once expired cannot be revalidated."",""2"":""Multiple Gift Vouchers can be used in one bill."",""3"":""Visit https://www.gftr.it to activate/add E-Pay Code to your account.""}","[{""image"":""https://at.valuedesign.co.in/media/uploads/products/ORGANICINDIA/1.png"",""title"":""Use the outlet locator to locate the nearest outlet that accepts this Gift Voucher.""},{""image"":""https://at.valuedesign.co.in/media/uploads/products/ORGANICINDIA/2.png"",""title"":""Select your choice of product.""},{""image"":null,""title"":""Share your Gift Voucher with the cashier at the time of billing & pay the remaining amount by cash or card if required.""}]","0","0","2025-11-27T14:38:47.487+00:00","Both","Multiple","india, brand, health","180"
"de4583ae-44c1-48bb-b037-ba054f99674a","Seniorityihdlo6TpZlFvOvQK","Seniority","E-Commerce","9","250,500","Fixed","0","1","Buy Seniority Gift vouchers and Gift Cards to shop on India's first online shopping platform for senior adults, offering a host of specially curated products ranging from mobility aids to holistic health essentials and medical to lifestyle products. These eldercare products are designed to increase independence and make everyday tasks easier.","{""text"":""1. This is a Seniority Insta Gift Voucher (GV) and would be accepted on their Website at https://www.seniority.in/. <br/>2. The person who has the Seniority GV is deemed to be the beneficiary. <br/>3. Seniority is not responsible if the Gift card is lost, stolen or used without permission. <br/>4. Multiple GV cannot be used in one bill/transaction. <br/>5. This is a ONE time use GV with an expiration date. <br/>6. No credit note / refund for the unused balance amount of the GV will be given. <br/>7. Any such unused balance amount shall stand lapsed automatically. <br/>8, Seniority GV CANNOT be revalidated once expired or cancelled under any situations. <br/>9. Seniority GV cannot be clubbed with any one of the existing offer on its website. <br/>10. Seniority GV cannot be redeemed on specific block out dates as may be intimated / updated by Seniority on its website from time to time. Seniority may add or delete any date(s)/period(s) on its sole discretion without any liability. <br/>11. Seniority shall on best effort basis attempt to accept Insta Gift Vouchers (GV), but on account of any technical reason or for any reason beyond control Seniority, GV may not get accepted on the website and Seniority shall have no liability for the same. <br/>12. For any queries / issues related to GV / GC, raise a request at www.gvhelpdesk.com <br/>13.Seniority reserves the rights to edit/change the terms and conditions for the Insta Gift Voucher (GV at any time without any notice or liability. <br/>14. Seniority has the final authority on the interpretation of these rules. <br/>15.Seniority reserves the right to withdraw Insta Gift Voucher (GV) scheme/offer before the completion of validity period without any notice or liability at its sole discretion. <br/>16.Seniority reserves the right to deny accepting any Insta Gift Voucher (GV) if it suspects that there is duplicity of cards. <br/>17.In no event the liability of Seniority for any claims shall exceed the value of the Insta Gift Voucher (GV) in dispute.""}","{""raw"":""https://at.valuedesign.co.in/media/uploads/products/Seniority.png""}","2025-11-27T14:38:48.620826+00:00",,"2025-11-27T14:38:48.620826+00:00","2025-11-27T20:13:39.692017+00:00",,"4b9e758e-7c45-4642-ac6e-641028f0d9a5","{""0"":""Gift Vouchers are accepted only on https://www.seniority.in"",""2"":""Multiple Gift Vouchers cannot be used in one bill. "",""3"":""No credit note / refund for the unused balance amount of the GV will be given.""}","[]","0","0","2025-11-27T14:38:47.487+00:00","Both","Multiple","gift, cards, shop","365"
"5d12c892-f439-4a78-8ead-20ec519f4fb5","ShivNareshgDQ3I1blntkZVwW4","Shiv Naresh","Sports & Footwears","8","1000,2000","Fixed","0","1","Shiv-Naresh a well-known Indian sportswear brand since 1987 and has a heritage spanning over three decades. The Brand for Bharat is known for its high-quality sportswear, shaping the future of Indian athletes. With its cutting-edge technology, it offers innovative products, experiences, and services for everyone. For maximum savings, get discounted Shiv-Naresh vouchers from GyFTR.","{""text"":""1.This is a Shiv Naresh Insta Gift Voucher (GV) / Gift Card (GC) and would only be accepted at shivnaresh.in <br/>2.This GV / GC cannot be used to purchase other gift cards. <br/>3.The GV / GC is applicable for purchasing apparel, shoes, and other accessories. <br/>4.Multiple GV / GCs cannot be clubbed in a single order. GV / GC cannot be redeemed for cash or credit and cannot be reloaded. <br/>5.If the order value exceeds the GV / GC amount, the balance must be paid by Credit Card/Debit Card/Internet Banking. <br/>6.Shiv Naresh GV / GC can be redeemed on the discounted Products. <br/>7.No credit note/refund for the unused balance amount of the GV / GC will be given. <br/>8.The person who has the GV / GC Code is deemed to be the beneficiary. <br/>9.Shiv Naresh & GyFTR is not responsible if the GV / GC is lost, stolen, or used without permission. <br/>10.GV / GC cannot be revalidated once expired or canceled under any situations. <br/>11.If a GV / GC gets blocked on account of a technical issue, it would get enabled in 72 hours. In case of transaction failures, after GV / GC is applied, the amount would be automatically refunded to the same cards within 48 hours. <br/>12.Shiv Naresh & GyFTR reserves the right to edit/change the terms and conditions for the GV / GC at any time without any notice or liability. <br/>13.Shiv Naresh reserves the right to withdraw the GV / GC scheme/offer before the completion of the validity period without any notice or liability at its sole discretion. <br/>14.Shiv Naresh reserves the right to deny accepting any GV / GC if it suspects that there is a duplicity of cards. <br/>15.For any queries/issues related to GV / GC, write to order@shivnaresh.in or visit www.gvhelpdesk.com""}","{""raw"":""https://at.valuedesign.co.in/media/uploads/products/ShivNaresh.png""}","2025-11-27T14:38:48.620826+00:00",,"2025-11-27T14:38:48.620826+00:00","2025-11-27T20:13:39.778965+00:00",,"28d1349d-db10-42a7-a37a-63fba3ea8d2c","{""0"":""Gift Vouchers can be used Online."",""1"":""Only One Gift Voucher can be used in one bill."",""2"":""Gift Vouchers can be used to buy discounted products.""}","[{""image"":""https://at.valuedesign.co.in/media/uploads/products/ShivNaresh/1.png"",""title"":""Log in/Register on Shiv Naresh Website""},{""image"":""https://at.valuedesign.co.in/media/uploads/products/ShivNaresh/2.png"",""title"":""Choose your product. Add to cart.""},{""image"":null,""title"":""Add your Gift Voucher / Discount code at the checkout or Billing , pay the rest by cash or card. if required.""}]","0","0","2025-11-27T14:38:47.487+00:00","Both","Multiple","known, brand, its","365"
"03c3243e-dcaa-4abe-bcb4-f7772c6149b0","EGCGBPCJ005","PCJ Gold Jewellery E-Gift Card","Jewellery","1.75","1000-100000","Variable","0","1","It all started when PC Jeweller first opened its first showroom in 2005 in Karol Bagh, New Delhi with a vision to redefine elegance, allure and style in the form of stunning pieces of jewellery. Today we have physical presence at 93 showrooms across 73 cities and 20 states.\r\nSince its inception, the company has been a pioneer in designs as every product is crafted to a standard of perfection. Whether it is elaborate wedding jewellery or affordable wearables, PC Jeweller has fashioned exceptional designs with unmatched quality. Over time, timeless treasures from PC Jeweller have helped intimate moments become lifetime memories.\r\nCompany’s business model consists of setting up large format, stand alone showrooms at high street locations. Its stores stock a wide range of jewellery across all price points, with an increasing focus on diamond jewellery. The company sells only hallmarked jewellery and certified diamond jewellery. This assurance on quality and purity along with transparent and customer friendly policies have enabled PCJ to become an established and trusted brand name in a short time span.\r\nFrom sourcing of raw materials to the sale of the finished product, all our processes are integrated and aligned. We map out customer preferences and manufacture products in a way that leaves our customers spoilt for choice while making their purchases. Throughout the entire process, stringent quality measures are taken to ensure the purity, value and finish of the product. Our expertise extends to the possibilities of customized and personalized designs to help the customer find and design her or his perfect piece of jewellery.\r\nPC Jeweller has made a remarkable journey so far and has created a brand of its own with sustainable customer initiatives and unrivalled quality that loyal customers vouch for. With contemporary and classic designs aimed for longevity, we are committed to providing you the best buying experience using a collaborative approach across both online platform and showrooms.\r\nWe hope to continue being inspired and create the most desired jewels.","{""text"":""1.\tPC Jeweller e-Gift Card / Gift card is not valid until activated.\r\n2.\tThe Gift Card/ e-Gift Card can be purchased for variable denomination upto Rs. 1,00,000.\r\n3.\tValid Gift Card/ e-Gift Card in its original form has to be presented as a payment option at the time of making a purchase.\r\n4.\tMultiple transactions can be performed on a Gift Card / e-Gift Card until the value of the card is exhausted.\r\n5.\tA Gold Coin Card can be used to purchase Gold Coin/ Diamond Jewellery/ Gold Jewellery.\r\n6.\tA Gold Jewellery Card can be used to purchase Diamond Jewellery/ Gold Jewellery.\r\n7.\tA Diamond Jewellery Card can be used to purchase Diamond Jewellery only\r\nThe E- Gift Card’s will carry a card number and a PIN, which will be used for redemption / validation of the card and the amount. The PC Jeweller E- Gift Card is a bearer's card hence no OTP will be sent to the customer at the time of redemption.\r\n8.\tThe Gift Card/ e-Gift Card may be used at all PC Jeweller stores.\r\n9.\tThe Gift Card / e-Gift Card balance must be used within one year of the date of issue.\r\n10.\tAny unused balance will expire after one year from the date of issue.\r\n11.\tThis Gift Card/ e-Gift Card cannot be transferred for balance value or redeemed for cash.\r\n12.\tThis Gift Card/ e-Gift Card is cash equivalent. Qwikcilver, PC Jeweller or their affiliates are not responsible if this Gift Card is lost, stolen or destroyed or used without permission.\r\n13.\tNo refund, replacement or cash back would be considered against the Gift Card/ E-Gift Card.\r\n14.\tAny defaced, spoiled or cancelled physical Gift Card is termed invalid and shall not be accepted.\r\n15.\tAny dispute shall be referred to PC Jeweller and the decision of PC Jeweller will be final.\r\n16.\tSubject to the foregoing, these terms and conditions shall be subject to the jurisdiction of courts at New Delhi, India.\r\n17.\tPC Jeweller reserves the entitlement to amend these terms and conditions from time to time. Any change in these terms and conditions can be viewed on our website.\r\n18.\tNon-receipt of Gift Card post 7 days of receipt of dispatch confirmation has to be reported immediately or else Qwikcilver, PC Jeweller or their affiliates will not be liable for the misuse of the card.\r\n19.\tPurchase against the Gift Card will be subject to government prescribed limits for cash purchases.\r\n20.\tThis Gift card is acceptable only on Gold & Diamond Jewellery.""}","{""raw"":""https://giftbig.s3.amazonaws.com/microsite/product/EGCGBPCJ005/d/thumbnail/1144_microsite.jpg""}","2025-11-27T14:38:48.620826+00:00",,"2025-11-27T14:38:48.620826+00:00","2025-11-27T20:13:39.868121+00:00",,"be43af8c-2f42-47e3-b5a4-726427f2308f","{}","[]","1000","100000","2025-11-27T14:38:47.487+00:00","Both","Multiple","gold, jewellery, gift","2555"
"fb775560-9f18-491b-9098-c191d4ec7379","EGCGBBBP001","Bewakoof Brands E-Gift Card","E-Commerce","12.5","500-10000","Variable","0","1","We are Bewakoof brands, an e-commerce company. We believe in creating the kind of fashion, that makes you stand out as they are in line with the latest local and global trends of the industry, but also at the same time offer value for money functionality, with quality materials and comfortable and flattering prints.","{""text"":""1.\tBewakoof E- Gift Card is powered by Brand.\r\n2.\tThis E-Gift Card is redeemable only on Bewakoof marketplace platform. This E-Gift Card shall have a minimum validity period of 1 year.\r\n3.\tEvery holder of Bewakoof E-Gift Cards shall be required to add the value stored on such Bewakoof E-Gift Card into the Bewakoof account as a pre-requisite to the redemption of the Gift Cards.\r\n4.\tThe loading of the Bewakoof E-Gift Card onto the user’s Bewakoof account shall constitute registration of the user for SMS alerts.\r\n5.\tBewakoof shall honour and consider requests for blocking of Bewakoof E-Gift Cards only from users who have registered in accordance with the terms above.\r\n6.\tThis E - Gift Card cannot be used to purchase other gift cards.\r\n7.\tIn cases where the order is cancelled, the E- Gift Card amount shall be refunded to the Bewakoof wallet..\r\n8.\tAll taxes, duties, levies or other statutory dues and charges leviable and payable in connection with the benefits accruing under the offer shall be borne solely by the Customer.\r\n9.\tYou are solely responsible for the safety and security of the E -Gift Cards. Bewakoof.com/Qwikcilver Solutions are not responsible for any acts of omission or commission if Gift Card is lost, stolen or used without permission.\r\n10.\tOnce the E - Gift Card has been sent to the customer, then the customers are bound to protect the E-Gift Card PIN or E -Gift Card number. In the event of any misuse of E -Gift Card due to loss of any such confidential details due to the fault of the purchaser/customer, Bewakoof.com/ Qwikcilver Solutions Pvt. Ltd shall not be held responsible for the same and no refund can be issued against such E -Gift Cards.\r\n11.\tBewakoof.com/Qwikcilver Solutions assume no responsibility for the products purchased using the E - Gift Card and any liability thereof is expressly disclaimed.\r\n12.\tQwikcilver/bewakoof reserves the right to cancel the E - Gift Card if the same have been found to be purchased with fraudulent means\r\n13.\tBewakoof along with its sellers reserves the right to change the terms and conditions of the E-Gift Card, including extending, withdrawing or discontinuing the same without notice, at its sole discretion.\r\n14.\tAll orders would be subject to availability at the time of purchase and will be governed by the standard terms and conditions on Bewakoof.com. In case of return of the purchased item, please refer to the \\\""Return Policy\\\"" on our website or call Bewakoof Customer Care.\r\n15.\tTHE GIFT CARD IS PROVIDED \\\""AS IS\\\"" WITHOUT WARRANTY OF ANY KIND, EITHER EXPRESSED OR IMPLIED, INCLUDING, BUT NOT LIMITED TO, WARRANTIES OF MERCHANTABILITY, FITNESS FOR A PARTICULAR PURPOSE""}","{""raw"":""https://giftbig.s3.amazonaws.com/microsite/product/EGCGBBBP001/d/thumbnail/4440_microsite.jpg""}","2025-11-27T14:38:48.620826+00:00",,"2025-11-27T14:38:48.620826+00:00","2025-11-27T20:13:39.956127+00:00",,"4b9e758e-7c45-4642-ac6e-641028f0d9a5","{}","[{""image"":null,""title"":""User needs to come to the bewakoof.com platform to redeem gift cards.""},{""image"":null,""title"":""Enter the card number""},{""image"":null,""title"":""Enter the pin""},{""image"":null,""title"":""The money in the card is added to Bewakoof wallet.""}]","500","10000","2025-11-27T14:38:47.488+00:00","Online","Multiple","gift, card","365"
"3d25ae98-2fe9-44df-acbd-d183b9a0b7b1","DecathlonJQsSGZ5BGxhtlysC","Decathlon","Fashion & Lifestyle","4.5","500,1000,2000,5000","Fixed","0","1","Buy Decathlon Gift Vouchers and Gift Cards to get the best quality products at the lowest price from a brand that is dedicated to helping, inspiring, and guiding you through your sports experiences. Decathlon is an international sports retailer with 2080 stores in 56 countries, and if you look a little closer, you?ll see it's so much more!","{""text"":""1.Decathlon- Omni Gift Card can be redeemed at Decathlon Retail outlets, App & Online store at www.decathlon.in <br/>2.The validity period of the Omni Gift Card can be from 3 months to 12 months. <br/>3.One Omni Gift Card can be used for multiple transactions. <br/>4.In case invoice value is more than the Omni Gift card balance, the remaining amount can be paid through cash/debit/credit card/UPI for Store Purchases and debit/credit card/UPI/net banking for Online purchases. <br/>5.One Omni Gift Card can be used on one Bill. <br/>6.The person who has the Omni Gift Card is deemed to be the beneficiary. <br/>7.Decathlon is not responsible if the Omni Gift card is lost, stolen, or used without permission. <br/>8.Omni Gift Card is non-refundable or cannot be exchanged for cash. <br/>9.Shipping charges will be applied as per the standard charges or promotions on the website at the time of redemption. <br/>10.Decathlon Omni Gift Card can be clubbed with any one of the existing offers on its website. <br/>11.Any dispute related to the Omni Gift Card should be referred to the issuing company and the decision of the issuing company shall be final. In case of any legal disputes, the courts at New Delhi shall have exclusive jurisdiction. <br/>12.Decathlon shall on a best effort basis attempt to accept Omni Gift Card, but on account of any technical reason or for any reason beyond the control of Decathlon, Omni Gift Card may not get accepted on the website, and Decathlon shall have no liability for the same. <br/>13.Decathlon reserves the right to edit/change the terms and conditions for the Omni Gift Card at any time without any notice or liability. <br/>14.Decathlon has the final authority on the interpretation of these rules. <br/>15.Decathlon reserves the right to deny accepting any Omni Gift Card if it suspects that there is a duplicity of cards. <br/>16.In no event, the liability of Decathlon for any claims shall exceed the value of the Omni Gift Card in dispute. <br/>17.For any queries / issues related to GV / GC, raise a request at www.gvhelpdesk.com""}","{""raw"":""https://at.valuedesign.co.in/media/uploads/products/Decathlon.png""}","2025-11-27T14:38:48.620826+00:00",,"2025-11-27T14:38:48.620826+00:00","2025-11-27T20:13:40.039828+00:00",,"4ead20e7-9a15-4b5f-bdb4-3ebafe4daf71","{""0"":""A Decathlon Omni Gift Card can be redeemed at https://www.decathlon.in decathlon stores 2020 listed outlets, online at https://www.decathlon.in, Decathlon App"",""1"":""This is a 16 digit gift card which comes with a 4 digit pin"",""2"":""One Decathlon Omni Gift Card can be used against one order"",""3"":""Shipping charges will be applied as per the standard charges or promotion on website at the time of redemption"",""4"":""Omni Gift Card can be used for multiple transactions""}","[{""image"":""https://at.valuedesign.co.in/media/uploads/products/Decathlon/1.jpeg"",""title"":""Visit Decathlon website at https://www.decathlon.in or Visit Decathlon listed outlet""},{""image"":""https://at.valuedesign.co.in/media/uploads/products/Decathlon/2.jpeg"",""title"":""Please share the voucher code with the cashier before billing.""},{""image"":""https://at.valuedesign.co.in/media/uploads/products/Decathlon/3.PNG"",""title"":""Make your order and click on Proceed to Checkout. On the payment page, select Have a Gift Card option and enter the voucher code & PIN . You can make the balance payment by any other payment mode.""}]","0","0","2025-11-27T14:38:47.488+00:00","Both","Multiple","gift, cards, get","90"
"032bc919-84a5-4665-a001-7a0ab804f537","EGCGBMARI004","Marriott India Egift Card-Dining Variant 2-B2C","Tour & Travel","7","1000-10000","Variable","0","1","Marriott International in India encompasses a portfolio of 135 hotels under 16 leading brands spanning more than 35 cities. Marriott operates and franchises hotels and licenses vacation ownership resorts all around the world. The company offers Marriott Bonvoy™, its highly awarded travel program. For more information, please visit our website at www.marriott.com, and for the latest company news, visit www.marriottnewscenter.com. In addition, connect with us on Facebook and @MarriottIntl on Twitter and Instagram Redefining the art of gifting! Gift an experience to your loved ones with the Marriott India Gift Card and let every occasion be a special way to say you care. Enjoy luxurious stays, exquisite dining experiences, spa appointments and many more indulgences at any Marriott Hotel in India","{""text"":""1.\tThe Marriott Hotels Gift Card is issued by Pine Labs Private Limited (“Pine Labs”) under the Brand Name of Qwikcilver. This Gift Card may be applied to eligible purchases at participating Marriott hotels in India (for a list of participating hotels please refer [https://www.qwikcilver.com/terms-and-conditions/marriott-hotels].\r\n2.\tGift Card cannot be used outside of India.\r\n3.\tEligible purchases do not include advanced purchases, deposits, friends and family rates, payments for meetings, catering or group functions, negotiated rates (including volume, group, contracted, or other rates that have been previously negotiated and agreed in writing whether paid on a group or individual basis), and goods/services purchased through or provided by third parties, such as online or off-line travel agents. All other purchases made at participating Marriott hotels in India are eligible. Use of this Gift Card constitutes acceptance of terms. Certain purchases (e.g., hotel stays) may have a minimum age requirement. Subject to these terms, the Gift Card can be redeemed at hotel-operated restaurants, spa, salon or other services provided directly by participating hotel.\r\n4.\tMarriott Gift card needs to be registered before use. To register and activate your Marriott Gift Card, please send a SMS from your mobile phone as follows: ACTCardNumberCardPinFirstNameLastName to 9741352666\r\n5.\tThe registration can also happen through logging in to the SSA portal https://marriotthotelsindiagcbal.qwikcilver.com/QwikCilver/sclp.ssa/welcome.aspx?orgname=Marriott%20Hotels%20India\r\n6.\tThe sending of the said message to the designated mobile number and receipt of due acknowledgement thereto, shall constitute registration of the User. Marriott / Pine Labs shall honour and consider requests for blocking of Gift Cards only from users who have registered in accordance with the terms above.\r\n7.\tEach Gift Card shall be single use and only one transaction can be performed on Gift Card. Partial redemption of a Gift Card shall not be possible.\r\n8.\tThe Gift Card balance is only valid for one (1) year from the date of issuance/activation. Gift Card may not be reloaded.\r\n9.\tGift Card carries no value until activated. This Gift Card shall be deemed active upon loading of fixed denominations of INR 1000, INR 2500, INR 5000, INR 7500 or INR 10,000. The maximum denomination per card is limited to INR 10,000\r\n10.\tIf the purchase value exceeds the value of the Gift Card, the differential value should be paid by the customer who redeems the Gift Card.\r\n11.\tValid Gift Card in its original form (email) has to be presented at the time of availment. Gift Card is issued in Indian Rupees.\r\n12.\tNo fees or charges apply to Gift Cards.\r\n13.\tThis Gift Card cannot be transferred for balance value or redeemed for cash.\r\n14.\tNo replacement / compensation is permissible/ payable for lost /stolen or damaged Gift Card.\r\n15.\tGift Card and these terms are governed by the laws of India. Any dispute relating to the Gift Card shall be subject to the exclusive jurisdiction of courts at Bangalore. Marriott and related marks are trademarks of Marriott International Corporation or its affiliates.\r\n16.\tMarriott reserves the right to institute additional security and verification procedures at the time of card redemption for fraud prevention. Marriott and/or Pine Labs reserve the entitlement to amend these terms and conditions from time to time.\r\n17.\tFor complete Terms and Conditions, please visit [https://www.qwikcilver.com/terms-and-conditions/marriott-hotels ] and for Check Balance Enquiries the consumers are invited to refer to [ https://www.woohoo.in/balenq] . Gift Cards issued by Pine Labs Private Limited. All rights reserved.\r\n18.\tPlease refer the Customer Grievance policy for dispute resolution, unauthorized transactions and liability related aspects at [ https://www.qwikcilver.com/grievance-policy/].\r\n19.\tThe cardholder may request for the revalidation of the expired gift card. Upon receipt of such request the gift card may be revalidated after due verification and maybe subject to additional terms and conditions.\r\n20.\tList of participating hotels that accept Marriott Gift Card:\r\n21.\tJW Marriott Mussoorie Walnut Grove Resort & Spa\r\n22.\tGoa Marriott Resort & Spa\r\n23.\tJW Marriott Mumbai Sahar\r\n24.\tRenaissance Mumbai Convention Centre Hotel\r\n25.\tThe St. Regis Mumbai\r\n26.\tJW Marriott Hotel Bengaluru\r\n27.\tBengaluru Marriott Hotel Whitefield\r\n28.\tThe Ritz-Carlton, Bangalore\r\n29.\tSheraton Grand Bengaluru Whitefield & Convention Center\r\n30.\tSheraton Grand Chennai Resort & Spa\r\n31.\tThe Westin Gurugram, New Delhi\r\n32.\tThe Westin Sohna Resort & Spa\r\n33.\tJW Marriott Mumbai Juhu\r\n34.\tJW Marriott Hotel Kolkata\r\n35.\tThe Westin Kolkata Rajarhat\r\n36.\tAloft New Delhi Aerocity\r\n37.\tLe Meridien Gurugram, Delhi NCR\r\n38.\tLe Meridien Mahabaleshwar Resort & Spa\r\n39.\tW Goa\r\n40.\tCourtyard by Marriott Mumbai\r\n41.\tThe Westin Mumbai Garden City\r\n42.\tAloft Bengaluru Cessna Business Park\r\n43.\tSheraton Grand Bangalore At Brigade Gateway\r\n44.\tFairfield by Marriott Pune Kharadi\r\n45.\tThe Westin Pune Koregaon Park\r\n46.\tCourtyard by Marriott Agra\r\n47.\tJW Marriott Hotel Chandigarh\r\n48.\tCourtyard by Marriott Raipur\r\n49.\tFour Points By Sheraton, Kochi Infopark\r\n50.\tFour Points by Sheraton Mahablipuram Resort & Convention Center\r\n51.\tMarriott Suites Pune\r\n52.\tThe Ritz Carlton Pune\r\n53.\tFairfield by Marriott Belagavi\r\n54.\tSheraton Grand Pune Bund Garden Hotel\r\n55.\tJW Marriott Hotel Pune\r\n56.\tCourtyard by Marriott Pune Chakan\r\n57.\tCourtyard by Marriott Pune Hinjewadi\r\n58.\tFairfield by Marriott Amritsar\r\n59.\tLe Meridien Kochi\r\n60.\tCourtyard by Marriott Amritsar\r\n61.\tCourtyard by Marriott Bilaspur\r\n62.\tSheraton Hyderabad Hotel\r\n63.\tKochi Marriott Hotel\r\n64.\tHyderabad Marriott Hotel & Convention Centre\r\n65.\tCourtyard by Marriott Hyderabad\r\n66.\tFairfield by Marriott Coimbatore\r\n67.\tThe Westin Chennai, Valechery\r\n68.\tCourtyard by Marriott Kochi\r\n69.\tCourtyard by Marriott Siliguri\r\n70.\tIndore Marriott Hotel\r\n71.\tJW Marriott Hotel New Delhi Aerocity\r\n72.\tTribute Kochi\r\n73.\tFairfield by Marriott Sriperumbudur\r\n74.\tJaipur Marriott Hotel\r\n75.\tCourtyard by Marriott Bengaluru ORR\r\n76.\tFairfield by Marriott Bengaluru ORR\r\n77.\tRenaissance Lucknow Hotel\r\n78.\tSheraton Grand Palace Indore\r\n79.\tLe Meridien Jaipur Resort & Spa\r\n80.\tCourtyard by Marriott Madurai\r\n81.\tFairfield by Marriott Visakhapatnam\r\n82.\tFairfield by Marriott Goa Anjuna\r\n83.\tCourtyard by Marriott Gurugram\r\n84.\tMarriott Executive Apartments Hyderabad\r\n85.\tFour Points By Sheraton, Bengaluru Whitefield\r\n86.\tFour Points by Sheraton, Srinagar\r\n87.\tCourtyard by Marriott Bhopal\r\n88.\tFairfield by Marriott Bengaluru Whitefiled\r\n89.\tFairfield by Marriott Bengaluru Rajajinagar\r\n90.\tFairfield by Marriott Jodhpur Hotel\r\n91.\tCourtyard by Marriott Bengaluru Hebbal\r\n92.\tCourtyard by Marriott Chennai\r\n93.\tLe Meridien Goa, Calangute\r\n94.\tRenaissance Ahmedabad Hotel\r\n95.\tFairfield by Marriott Kolkata\r\n96.\tLe Meridien Nagpur\r\n97.\tJaisalmer Marriott Resort & Spa\r\n98.\tCourtyard by Marriott_Aravali\r\n99.\tFairfield by Marriott_Indore\r\n100.\tFairfield by Marriott Agra\r\n101.\tMarriott Executive Apartments\r\n102.\tCourtyard by Marriott_Navi Mumbai\r\n103.\tSt Regis Goa\r\n104.\tThe Westin Resort and Spa Himalayas\r\n105.\tFairfield by Marriott Goa, Benaulim\r\n106.\tJW Marriott Bengaluru Prestige Golfshire Resort & Spa\r\n107.\tE-Gift Cards are normally delivered instantly. But sometimes due to system issues, the delivery can be delayed up-to 24 - 48 hours.""}","{""raw"":""https://giftbig.s3.amazonaws.com/microsite/product/EGCGBMARI004/d/thumbnail/3318_microsite.jpg""}","2025-11-27T14:38:48.620826+00:00",,"2025-11-27T14:38:48.620826+00:00","2025-11-27T20:13:40.213461+00:00",,"b44a4dcd-7a94-4a48-a266-a96134850e89","{}","[{""image"":null,""title"":""Marriott E- Gift card needs to be registered before use. To register and activate your Marriott E-Gift Card, please send a SMS from your mobile phone as follows: ACT<space>CardNumber<space>CardPin<space>FirstName<space>LastName to 9741352666. The sending of the said message to the designated mobile number and receipt of due acknowledgement thereto, shall constitute registration of the User.""},{""image"":null,""title"":""The Marriott E-Gift Card will need to be presented via the email that the customer has received at the time of purchase.""},{""image"":null,""title"":""The customer will need to provide the 16-digit E-gift card number & the 6-digit PIN that was provided to redeem the E-Gift Card either at the time of check in or check out for room accommodation or after availing the services for F&B /Spa services at the participating Marriott Hotels""}]","1000","10000","2025-11-27T14:38:47.488+00:00","Both","Multiple","marriott, india, card","365"
"68f3b4d0-85a7-450b-ae47-8d99d274a778","EGCGBHNG001","Health and Glow E-Gift Card","Fashion & Lifestyle","9","500-10000","Variable","0","1","From being one of the finest offline beauty & wellness retail chains, Health & Glow offers a wide range of products for skincare, hair care, make-up, bath & body, wellness and personal care products, thereby helping consumers meet their specific beauty and wellness needs.","{""text"":""1.\tThe E-Gift Cards have an expiry period and shall be valid for a period of 12 months from the date of activation/purchase.\r\n2.\tThe E-Gift Cards will be redeemed only at the offline stores. Online redemption is not allowed.\r\n3.\tE-Gift Cards cannot be exchanged for Cash and/or Cheque.\r\n4.\tPartial redemption of the E-Gift Card is allowed, and the balance will remain in E-Gift Card.\r\n5.\tIf the E-Gift Card is damaged, stolen or lost, neither will a new Gift Card be issued nor will the money be reimbursed in any manner.\r\n6.\tE-Gift cards are normally delivered instantly. But sometimes due to system issues, the delivery can be delayed up-to 24 hours.\r\n7.\tNo returns and no refunds on E-Gift Cards, Gift Cards and Gift vouchers shipped by woohoo.in. Please check the refund policy at http://www.woohoo.in/faq for further details""}","{""raw"":""https://giftbig.s3.amazonaws.com/microsite/product/EGCGBHNG001/d/thumbnail/2705_microsite.png""}","2025-11-27T14:38:48.620826+00:00",,"2025-11-27T14:38:48.620826+00:00","2025-11-27T20:13:40.299359+00:00",,"4ead20e7-9a15-4b5f-bdb4-3ebafe4daf71","{}","[{""image"":null,""title"":""This Gift Card is valid only at Health & Glow Offline Outlets and cannot be redeemed on Health & Glow’s website (www.healthandglow.com) or on Health & Glow’s Android/iOS App""},{""image"":null,""title"":""To redeem the E-gift card online, customer must enter the gift card number and the pin before making the payment.""}]","500","10000","2025-11-27T14:38:47.488+00:00","Both","Multiple","gift, card, one","360"
"13097f52-4764-4fb5-9e13-3ba51a1973b7","EGVGBPRI001","Amazon Prime Lite Edition-Giftbig","E-Commerce","8","799-799","Variable","0","1","Amazon Prime Lite Edition-Giftbig","{""text"":""None""}","{""raw"":""https://giftbig.s3.amazonaws.com/microsite/product/EGVGBPRI001/d/thumbnail/10570_microsite.jpg""}","2025-11-27T14:38:48.620826+00:00",,"2025-11-27T14:38:48.620826+00:00","2025-11-27T20:13:40.385379+00:00",,"4b9e758e-7c45-4642-ac6e-641028f0d9a5","{}","[{""image"":null,""title"":""Visit www.amazon.in/vouchers""},{""image"":null,""title"":""Enter the voucher code in 'Add new' section.""},{""image"":null,""title"":""Click on 'Add button' to add voucher.""}]","799","799","2025-11-27T14:38:47.488+00:00","Online","Multiple","e-commerce","365"
"b5c24867-d9c0-4d09-807c-6c417257e8a0","EGCGBJOY002","Joyalukkas Pure Gold E-Gift Card","Jewellery","1.9","500-50000","Variable","0","1","Joyalukkas vouchers can be a wonderful gift for special occasions such as birthdays, anniversaries, weddings, or other special occasions, allowing the recipient to choose their preferred jewelry piece or accessory from Joyalukkas's extensive collection. When you have a Joyalukkas voucher, you can visit any Joyalukkas store or website and choose from the vibrant collection of jewelry pieces. The voucher is then treated as a form of payment, and the value of the purchase is deducted from the total value of the voucher. In cases where the purchase exceeds the voucher's value, the recipient may need to pay the remaining balance using an additional payment method. Conversely, if the purchase amount is less than the voucher's value, the remaining balance is typically credited to the voucher for future use. Joyalukkas is known as the world's favorite jeweler, indeed with good reason. The superlative quality and purity of materials, the intricacy of the designs, the variety available, the well-trained service team, and strategic locations ensure that the brand wins the heart of all its customers since 1986. Today its operations are spread across 91 showrooms in India and presence in 13 countries across the GCC, Singapore, Malaysia, UK & USA. So just don't wait, you're one step away from giving happiness to your loved ones.","{""text"":""1.\tThis EGC shall have a validity period of 1 year from the date of issuance\r\n2.\tThis eGift Card is valid at Joyalukkas outlets in India.\r\n3.\tThis eGift Card cannot be exchaneGed for cash.\r\n4.\tThe bearer of this eGift Card is the title holder and is entitled to exchanege it for jewellery as per value indicated.\r\n5.\tThis eGift Card can be redeemed against all products which is available in Joyalukkas Store.""}","{""raw"":""https://giftbig.s3.amazonaws.com/microsite/product/EGCGBJOY002/d/thumbnail/1429_microsite.jpg""}","2025-11-27T14:38:48.620826+00:00",,"2025-11-27T14:38:48.620826+00:00","2025-11-27T20:13:40.471135+00:00",,"be43af8c-2f42-47e3-b5a4-726427f2308f","{}","[{""image"":null,""title"":""Walk in-to Joayalukkas store.""},{""image"":null,""title"":""Select the applicable Joayalukkas product, based on the Gift card type (refer terms & conditions).""},{""image"":null,""title"":""At the Billing Counter, inform the cashier about the choice of making payment using Gift Cards.""},{""image"":null,""title"":""Cashier selects Gift Card as payment mode, submits Gift Card & PIN details in the system and completes the billing process.""}]","500","50000","2025-11-27T14:38:47.488+00:00","Both","Multiple","joyalukkas, gold, gift","365"
"6eb6d961-0807-493a-a4ea-1aa800237b24","EGCGBFC001","Fancode B2B E-Gift Card","Fashion & Lifestyle","7.5","100-50000","Variable","0","1","QC distribution channels shall do the fulfilment for its customer and redeemable only on Fancode against the purchase of any listed merchandise.","{""text"":""1.\tThe gift card is not a legal tender or replacement of credit / debit card.\r\n2.\tThis card cannot be exchanged for cash or cheque.\r\n3.\tThe holder of this card is deemed to be the beneficiary.\r\n4.\tThis Gift Card is valid only at Fancode Platforms ( E-Commerce and M-App ) for purchase of any listed merchandise.\r\n5.\tThis card cannot be redeemed at any offline retail outlets, any other multi brand or departmental stores or online marketplaces.\r\n6.\tThe validity of the E-Gift Card will be for Three Hundred sixty five Days only (365 Days only) from the date of activation (purchase) of the card.\r\n7.\tOnly One gift card can be redeemed against single invoice.\r\n8.\tNo replacement or compensation is permissible for lost or mutilated or defaced Gift Card.\r\n9.\tAny dispute or redemption issues should be referred Fancode customer support (Contact Details ) and the decision of the company shall be final.\r\n10.\tAll disputes must be referred to Mumbai Jurisdiction only.""}","{""raw"":""https://giftbig.s3.amazonaws.com/microsite/product/EGCGBFC001/d/thumbnail/10282_microsite.jpg""}","2025-11-27T14:38:48.620826+00:00",,"2025-11-27T14:38:48.620826+00:00","2025-11-27T20:13:40.556251+00:00",,"4ead20e7-9a15-4b5f-bdb4-3ebafe4daf71","{}","[{""image"":null,""title"":""Go to the payment page after adding products to the cart""},{""image"":null,""title"":""Step 1 Click on Add gift card""},{""image"":null,""title"":""Step 2 Enter the 16-digit Gift Card number""},{""image"":null,""title"":""Step 3 Enter the 6-digit pin""},{""image"":null,""title"":""Step 4 Click on Use Gift Card button.""},{""image"":null,""title"":""The Gift Card amount will be visible on the payment page.""},{""image"":null,""title"":""You can use this amount to pay for your orders within 1 year of redemption.""}]","100","50000","2025-11-27T14:38:47.489+00:00","Online","Multiple","gift, card","365"
"a5bdfb61-267b-45f9-8631-4d8a1d46c043","EGCGBBS004","Bluestone Gemstone Studded E-Gift Card","Jewellery","2.75","500-15000","Variable","0","1","BlueStone is India's leading destination for high quality fine jewellery with strikingly exquisite designs. \r\nGift Card(s) can be redeemed on www.bluestone.com and offline stores (www.bluestone.com/store.html)\r\nGift card can be redeemed on Gemstone Studded Jewellery. This gift card is not valid for redemption on Gold coins, Silver coins, Solitaires, Preset Solitaires, Diamond Jewellery and plain gold jewellery.","{""text"":""1.\tGift Card(s) can be redeemed on www.bluestone.com and offline stores (www.bluestone.com/store.html)\r\n2.\tGift card can be redeemed on Gemstone Studded Jewellery . This gift card is not valid for redemption on Gold coins, Silver coins, Solitaires , Preset Solitaires, Diamond Jewellery and plain gold jewellery.\r\n3.\tOn the payment page, Click on the tab \\\""Gift Card\\\"" and enter your 16 digit Gift Card number and pin for redemption.\r\n4.\tMultiple Gift Card(s) can be used in a single transaction. Gift Card(s) can be combined with any other payment type on www.bluestone.com.\r\n5.\tGift cards can also be redeemed partially, as many times as a user wishes to, till its balance is consumed or it expires.\r\n6.\tGift cards are valid for a period of 6 months from the date of issuance to the recipient.\r\n7.\tGift cards cannot be used to purchase another Gift Card.\r\n8.\tPayment mode will be Net Banking, Credit/Debit Card, Blue Cash.\r\n9.\tGift Card(s) once bought online, shall be considered as sold and cannot be Cancelled, Exchanged or Refunded.\r\n10.\tIf lost or misused, the Gift Card(s) cannot be replaced. Gift cards are void if resold and cannot be exchanged for credit(s) or cash and cannot be re-validated once past expiry date.\r\n11.\tIn addition to these Terms and Conditions, BlueStone Gift Card(s) and their use on our website are also subject to BlueStone's general Terms of Use & BlueStone's decision will be final in case of any dispute.\r\n12.\tBlueStone may change (add to, delete, or amend) these terms from time to time. Unless stated otherwise, the changes will apply to any new BlueStone gift card. Any gift cards that you purchase are for personal, non-commercial use and enjoyment only. The same may be shared with family and friends, but may not be advertised, sold or used as promotional items by the purchaser or anyone else without BlueStone's prior written consent.\r\n13.\tAll disputes, with respect to the products and services offered in this connection, are subject to Bangalore jurisdiction.\r\n14.\tE-Gift Cards are normally delivered instantly. But sometimes due to system issues, the delivery can be delayed up-to 24 - 48 hours.\""""}","{""raw"":""https://giftbig.s3.amazonaws.com/microsite/product/EGCGBBS004/d/thumbnail/3275_microsite.jpg""}","2025-11-27T14:38:48.620826+00:00",,"2025-11-27T14:38:48.620826+00:00","2025-11-27T20:13:40.647428+00:00",,"be43af8c-2f42-47e3-b5a4-726427f2308f","{}","[]","500","15000","2025-11-27T14:38:47.489+00:00","Both","Multiple","gift, card, india","180"
"19a60307-825b-4fdf-bddf-b3a3a128199f","EGCGBRBLG001","G-STAR RAW-Luxe E-Gift Card","Fashion & Lifestyle","12","1000-10000","Variable","0","1","With one ‘Luxe gift card’, shop across 30+ fashion & lifestyle brands. Use this gift card across 380+ stores in India. The curated selection of brands are Armani Exchange, Bally, Bottega Veneta, Brooks Brother, Canali, Coach, Diesel, Dune London, EA7, Emporio Armani, G-Star Raw, GAS, Giorgio Armani, Hamleys, Hugo Boss, Hunkemöller, Jimmy Choo, Kate Spade, Michael Kors, Mothercare, Paul&Shark, Paul Smith, Replay, Salvatore Ferragamo, Satya Paul, Scotch & Soda, Steve Madden, Superdry, The White Crow, Tory Burch, Tumi, Villeroy&Boch & West Elm","{""text"":""1.\tThese Terms & Conditions are for the electronic version of the Luxe Gift Card.\r\n2.\tLuxe Gift Card is issued by LUXE  is valid for 12 months from the date of purchase.\r\n3.\tLuxe Gift Card is redeemable at more than 30 participatory brands across India.\r\n4.\tFor locations, visit - https://luxegiftcard.com/pages/store-locator\r\n5.\tLuxe Gift Card is not redeemable at airport stores.\r\n6.\tLuxe Gift Card can be redeemed only once until expiry.\r\n7.\tIn case the value of the merchandise exceeds the value of the gift card, the difference shall be paid by the bearer. No refunds/credit note shall be issued for unused part of the Luxe Gift Card.\r\n8.\tProtect the Luxe Gift Card to avoid misuse. RBL or Pine Labs Private Limited shall not assume any liability in case the PIN gets stolen / compromised, RBL shall neither replace the Luxe Gift Card nor refund in any form.\r\n9.\tMultiple Luxe Gift Cards can be used in a single transaction.\r\n10.\tOnce issued, Luxe Gift Card cannot be cancelled or blocked.\r\n11.\tLuxe Gift Card can be redeemed only against full priced merchandise.\r\n12.\tTo activate this gift card, SMS ACT<16-Digit Card Number><6-Digit Card Pin> to 9704200300\r\n13.\tFor balance enquiry & validity, please SMS <16-Digit Card Number> to 9704200300 or visit any merchant location.\r\n14.\tFor complete T&Cs, participating brands and store locations visit luxegiftcard.com\r\n15.\tFor bulk enquiries or assistance, contact us at info@luxegiftcard.com\r\n16.\tBy purchasing this gift voucher, you consent to sharing your PII ( Name, Email ID, Telephone Number if available ) with the issuer ( PineLabs ), as per the guidelines of PPI""}","{""raw"":""https://giftbig.s3.amazonaws.com/microsite/product/EGCGBRBLG001/d/thumbnail/1792_microsite.jpg""}","2025-11-27T14:38:48.620826+00:00",,"2025-11-27T14:38:48.620826+00:00","2025-11-27T20:13:40.820803+00:00",,"4ead20e7-9a15-4b5f-bdb4-3ebafe4daf71","{}","[{""image"":null,""title"":""Redeem your eGift Card at a participating brand of your choice by providing the e-voucher number and voucher PIN.""},{""image"":null,""title"":""To activate this gift card, SMS ACT< space ><16-Digit Card Number>< space >< CardPin > to 9704200300""}]","1000","10000","2025-11-27T14:38:47.489+00:00","Both","Multiple","gift, card, one","360"
"3929f5da-2f54-420f-beb5-7b675f4d38bb","EGCGBFEMELLA001","Femmella E-Gift Card","Fashion & Lifestyle","8","1000-20000","Variable","0","1","In an era where the world whirls in a fast-paced frenzy, fixated on fleeting trends, we proudly present Femmella – a women's fashion brand dedicated to celebrating your individuality. Our focus? You. Our offerings are clothes that transcend occasions and decades – timeless pieces exuding comfort, effortlessness, and style. Authentic comfort is the cornerstone of self-assurance, empowering you to embrace your true self and exude confidence.","{""text"":""1.\tThere will be no extension of the Gift Card post the expiry of the validity date\r\n2.\tThe FEMMELLA Portal reserves the unconditional right to cancel the Gift Card in the event the Holder breaches these terms of use of the Gift Card, and the terms and conditions of the FEMMELLA Portal. In such cases, the funds shall be credited back to the same source from where these were received after proper investigation\r\n3.\tFEMMELLA Portal reserves the right to change the terms and conditions of the Gift Card, including extending, withdrawing or discontinuing the same, at its sole discretion.\r\n4.\tFEMMELLA will not be liable for any loss (including, without limitation, direct, indirect, special or consequential loss or loss of profits) expense or damage which is suffered or sustained in connection with Gift Card including any loss incurred as a result of any delay and/or failure to perform any obligation to the Holder that is caused by:\r\n5.\ttechnical problems of any kind which may limit or prevent any person's from redeeming the Gift Card\r\n6.\tany loss or damage arising from or in connection with the allocation or enjoyment of discount;\r\n7.\tany misuse of the Gift Card due to loss of any such confidential details.\r\n8.\tany other events beyond the FEMMELLA Portal’s control that may cause the promotion to be disrupted or corrupted or may lead to loss of, or damage to, the Holder.\r\n9.\tThe Holder hereby agrees to indemnify and keep the FEMMELLA Portal harmless against all damages, liabilities, costs, expenses, claims, suits and proceedings that may be suffered by the FEMMELLA Portal as a consequence of (i) violation of the terms and conditions by the Holder; (ii) violation of applicable laws; (iii) any action or inaction resulting in wilful misconduct or negligence on the User’s part.\r\n10.\tUser agrees that, these terms shall be governed by and construed in accordance with the laws of India and the courts at Delhi, New Delhi shall have exclusive jurisdiction to decide over any controversy arising out of this Gift Card\r\n11.\tFor dispute and liability with respect to the Gift Card, please refer the customer grievance policy for dispute resolution, unauthorized transactions and liability related aspects at support@woohoo.in\r\n12.\tNo returns and no refunds on gift cards, E- gift cards and gift vouchers\r\n13.\tE-Gift Cards are normally delivered instantly. But sometimes due to system issues, the delivery can be delayed up-to 24 - 48 hours.\r\n14.\tNo returns and no refunds on gift cards, e-gift cards and gift vouchers shipped by woohoo.in. Please check the refund policy at http://www.woohoo.in/faq for further details.""}","{""raw"":""https://giftbig.s3.amazonaws.com/microsite/product/EGCGBFEMELLA001/d/thumbnail/10822_microsite.png""}","2025-11-27T14:38:48.620826+00:00",,"2025-11-27T14:38:48.620826+00:00","2025-11-27T20:13:40.90684+00:00",,"4ead20e7-9a15-4b5f-bdb4-3ebafe4daf71","{}","[{""image"":null,""title"":""The Holders (defined hereunder) agree that usage of the Gift Card is a voluntary exercise and they are not bound to accept any terms or conditions herein, unless they use or redeem the Gift Card.""},{""image"":null,""title"":""The Gift Card:""},{""image"":null,""title"":""cannot be used to purchase other gift cards.""},{""image"":null,""title"":""cannot be redeemed for Cash or Credit""}]","1000","20000","2025-11-27T14:38:47.489+00:00","Online","Multiple","gift, card, fashion","365"
"a34322ae-65cb-497e-9cce-1d3b71c5997f","EGCGBMYG001","MyGlamm E-Gift Cards","Wellness & Beauty","15","250-10000","Variable","0","1","""MyGlamm, the online beauty shopping store, offers a wide range of international beauty products & cosmetic makeup items. MyGlamm collaborated with global experts and makeup artists to bring about exciting innovations in makeup to accomplish a single, focused goal – make looking glamorous effortless.""","{""text"":""1.\tThis E-Gift Card is redeemable on the website www.myglamm.com,Android and iOS App.\r\n2.\tThe Gift Card can also be combined with promotional codes and with other prepaid payment options.\r\n3.\tThis E-Gift Card shall have a validity period of 1 year.\r\n4.\tThere is no fee or other charges associated with e-Gift Card purchase.\r\n5.\tThis E - Gift Card cannot be used to purchase other gift cards.\r\n6.\tE -Gift Cards cannot be redeemed for Cash or Credit and cannot be reloaded.\r\n7.\tThe Gift Card once purchased cannot be cancelled, refunded, or returned. Once purchased, the recipient email ID or mobile number cannot be changed.\r\n8.\tThe cardholder may request for revalidation of the expired gift card. Upon receipt of such request the gift card may be revalidated after due verification and maybe subject to additional terms and conditions.\r\n9.\tMyGlamm is not responsible if the card is used without permission. You agree and acknowledge that you shall be solely responsible for maintaining secrecy of the code provided to use the e-Gift Card.\r\n10.\tIf the order value exceeds the e-Gift Card amount, the balance must be paid by another prepaid payment option. Cash on Delivery will not be available for paying the balance amount.\r\n11.\tIf the order value is less than the amount of the e-Gift Card, the outstanding balance (after deduction of order value) will reflect under the same e-Gift Card.\r\n12.\tYou can redeem up to 5 Gift Cards in a single order.\r\n13.\tMyGlamm will have the right to cancel the e-Gift Card obtained fraudulently and the funds have to be credited back to the same source from where these were received.\r\n14.\tMyGlamm does not warrant that the services and products provided to you pursuant to this Agreement will be free of interruptions, errors, bugs, viruses, or security problems.\r\n15.\tMyGlamm does not make any warranties, express or implied, with respect to e-Gift Cards including without limitation, any express or implied warranty of merchantability or fitness for a particular purpose. In the event an e-Gift Card is non-functional, your sole remedy will be the issuance of another e Gift Card, for the value remaining in the non-functional card.\r\n16.\tThe conditions stated in these Terms and Conditions are in addition to the terms and conditions of the website MyGlamm.com. MyGlamm reserve the right to change these terms and conditions from time to time in its discretion and without prior notice to you.\r\n17.\tE-Gift Cards are normally delivered instantly. But sometimes due to system issues, the delivery can be delayed up-to 24 hours.\r\n18.\tNo returns and no refunds on gift cards, E- gift cards and gift vouchers.\r\n19.\tFor support, please reach out to hello@myglamm, 022-48913663""}","{""raw"":""https://giftbig.s3.amazonaws.com/microsite/product/EGCGBMYG001/d/thumbnail/4243_microsite.jpg""}","2025-11-27T14:38:48.620826+00:00",,"2025-11-27T14:38:48.620826+00:00","2025-11-27T20:13:40.994835+00:00",,"f5575e42-86a0-4616-9408-0f096d2da35f","{}","[{""image"":null,""title"":""This MyGlamm E-Gift Card is redeemable on the online ecommerce platform www.myglamm.com, Android and iOS App.""},{""image"":null,""title"":""Select the items you want to purchase and proceed to check out.""},{""image"":null,""title"":""Choose Gift Card as the payment mode.""},{""image"":null,""title"":""Enter your Card Number(s) and PIN(s). The Gift Card amount will be deducted from the payable amount.""},{""image"":null,""title"":""Pay any balance amount using available prepaid payment modes.""}]","250","10000","2025-11-27T14:38:47.489+00:00","Both","Multiple","gift, cards, offers","365"
"32a263d5-3b85-4287-a0c6-347bd3f1fb50","EGCGBHIT001","HopInTown PLUS 1 Year Lifestyle Membership E-Gift Card","Fashion & Lifestyle","8","999-999","Variable","0","1","HopInTown is a Lifestyle Hub to discover & book ONLINE, AT-HOME, LOCAL and TRAVEL Experiences, Activities & Trips all year round. It is a platform for experiences, activities & trips that one CAN DO online, at-home, within the city, nearby city, within the country and outside the country, ACROSS MULTIPLE CATEGORIES like Celebration, Romance, Entertainment, Events, Dine & Wine, Sports, Adventure, City-cation, Getaway, Cruise, Vacation Rentals, Wildlife, Experiential Trips, Health, Fitness, Wellness, Hobbies, Lifestyle Workshops, At-Home Medical Services etc, THROUGHOUT THE YEAR.

[Note: AT-HOME & LOCAL Experiences are available only in Mumbai & Pune at this point of time. They will be available in other cities in the coming months]
HopInTown PLUS 1 Year Lifestyle Membership

HopInTown PLUS is a first-of-its-kind lifestyle membership in India. It provides unlimited access to an unrivaled package of exclusive LIFESTYLE benefits & privileges along with preferential prices for ONLINE, AT-HOME, LOCAL & TRAVEL experiences, activities, trips & bespoke services all year round.

It is a perfect “personal gift” for you, for a loved one, or as a “corporate gift” for clients, channel partners, employees, leadership teams etc, or as an “annual gift” for members of clubs or associations. Shift from mundane to magical & gift a “lifestyle membership” to elevate every aspect of life, to create stories & make memories in life.

Membership Benefits & Privileges

1 Year “PLUS Lifestyle Membership” For Entire Family (i.e. One membership that covers your entire family including you, spouse, children and parents)
365 Days “Member Concierge” (i.e. One-point contact for all your queries & bookings, for your convenience and comfort, all year round)
5% to 15% ""Preferential Prices” (i.e. Member exclusive prices 5% to 15% cheaper than online & market prices for bookings, across 25+ categories of experiences, activities & trips)
1 Time ""Joining Benefits"" (i.e. INR 1500 credit to your HopInTown account, complimentary 3 months membership extension, steal deals saving up to INR 20000 upon joining)
25+ ""ONLINE, AT-HOME, LOCAL & TRAVEL” Categories (i.e. Book lifestyle experiences, activities & trips that can be done online, at-home, within the city, near the city, within the country & outside the country, across 25+ categories)
30+ ""Exclusive Benefits"" (i.e. Wide range of member-exclusive benefits, across various lifestyle services, to elevate every aspect of life for the entire family)
12 Times ""Personal Attention"" (i.e. Once every month, you will get 8-10 innovative options to celebrate a birthday, anniversary, special occasion, special day, festivals etc with your loved ones)
12 Times ""Lifestyle Recommendations"" (i.e. Once every month, you will get 8-10 new options for quality activities for self, spouse, kids, parents, family, friends)
12 Times “Participating Lifestyle Brand Discount” (i.e. Once every month, you will get super discounts from many partner lifestyle brands, across various lifestyle services)

Important Links

Video Link: https://www.youtube.com/watch?v=pi_tz549vGk
Playbook: https://bit.ly/HIT_PLUS_V3
FAQs: https://bit.ly/HIT_PLUS_FAQ_V2
[Note: Discounted membership prices are being offered only for a limited duration]","{""text"":""1.\tOnce you buy the e-card, you will get an email with 16 digit card number & 6 digit pin number\r\n2.\tThe e-card has to be redeemed on www.hopintown.com/redeem to become a member & avail of membership benefits for the entire membership duration\r\n3.\tThe e-card is not a legal tender or replacement of credit or debit card\r\n4.\tThis e-card cannot be exchanged for cash or cheque\r\n5.\tThe holder of this e-card is deemed to be the beneficiary\r\n6.\tThe validity of the e-card is for 90 days from the day of activation. It must be redeemed within the validity period\r\n7.\tThis e-card can be redeemed only at Hopintown e-commerce portal & m-commerce site or app\r\n8.\tThis e-card cannot be redeemed at any other offline or online retail outlets\r\n9.\tNo replacement or compensation is permissible for lost or mutilated or defaced card\r\n10.\tEvery e-card will be applicable for a specific membership pack. One e-card applicable for a membership pack cannot be used for any other membership pack\r\n11.\tOnce the e-card is redeemed, the member can avail of the benefits & privileges of the membership for the duration of the membership\r\n12.\tHopInTown & Qwikcilver reserve the right to terminate, modify or extend the timelines and features of the e-card, at any time at its absolute discretion, without assigning any reason\r\n13.\tAny dispute or redemption related issues must be referred to Hopintown Customer Support and the decision of the company shall be final\r\n14.\tAll disputes must be referred to Mumbai jurisdiction only\r\n15.\tTo redeem the e-card, visit https://www.hopintown.com/redeem\r\n16.\tFor any queries, email to members@hopintown.com or whatsapp message on exclusive member concierge +91-7506602080\r\n17.\tNo returns and no refunds on Gift Cards, E- gift Cards and Gift Cards.\r\n18.\tE-Gift cards are normally delivered instantly. But sometimes due to system issues, the delivery can be delayed up-to 24 hours.""}","{""raw"":""https://giftbig.s3.amazonaws.com/microsite/product/EGCGBHIT001/d/thumbnail/2942_microsite.jpg""}","2025-11-27T14:38:48.620826+00:00",,"2025-11-27T14:38:48.620826+00:00","2025-11-27T20:13:41.079841+00:00",,"4ead20e7-9a15-4b5f-bdb4-3ebafe4daf71","{}","[]","999","999","2025-11-27T14:38:47.489+00:00","Both","Multiple","year, lifestyle, membership","90"
"82c016c4-4dbf-46f7-90c3-ba8c5bb83cc9","EGCGBCTH006","Cleartrip Hotels E-Gift Card-B2C","Tour & Travel","11","500-7500","Variable","0","1","Cleartrip e-Gift Cards make for a perfect present. Whether it’s proposing a family holiday, an employee incentive, reliving a honeymoon, or delving into adventure with friends, Cleartrip E-Gift Cards are the answer to all travel related surprises. Gift a Cleartrip e-Gift Card and add fun factor into your loved one’s life.","{""text"":""1. By purchasing the e-Gift Card(s), you are agreeing to and accept these Terms & Conditions. Your use of the e-Gift Cards shall be deemed to be your understanding of, and agreement, to each of the terms and conditions set forth below.\r\n2.\tThe Gift Cards can be redeemed online against bookings of Hotels as applicable on www.cleartrip.com or Cleartrip Mobile App (\\\""Platform\\\"") only. Please note that Gift Cards could be used for booking Hotel only on desktop/laptop on www.cleartrip.com.\r\n3.\tGift Cards can be purchased the Platform using the following payment modes only - Credit Card, Debit Card, UPI and Net Banking.\r\n4.\tGift Cards once purchased cannot be cancelled, unless expressly allowed to do so by Cleartrip.\r\n5.\tGift Cards cannot be clubbed with any other offer including but not limited to cashbacks, discounts etc. on a particular credit/debit card.\r\n6.\tAny balance amount left on the used Gift Cards can be reused within the validity period.\r\nGift Cards are valid for a period of 12 months from the date of issuance.\r\n7.\tThe cardholder may request for revalidation of the expired Gift Card. Upon receipt of such request the Gift Card may be revalidated after due verification and maybe subject to additional terms and conditions.\r\n8.\tMaximum amount of each Gift Card cannot exceed Rs.10,000/.\r\n9.\tCleartrip is not responsible if the Gift Card is lost, stolen or used without permission. Gift Card once issued cannot be re-issued nor can the PIN be reset. It is the responsibility of the customer to ensure that the Gift Card once purchased is not lost, stolen, or used without the purchaser’s consent.\r\n10.\tThe Gift Cards cannot be replaced, refunded, or exchanged for cash.\r\n11.\tIf the order value exceeds the Gift Card amount, the balance must be paid by Credit Card, Debit Card, UPI,Net Banking or any other applicable payment mode.\r\n12.\tIf the order value is less than the amount of the Gift Card, the outstanding balance (after deduction of order value) will reflect under the same Gift Card and can be used for subsequent transactions.\r\n13.\tConvenience Fee will be applicable for all Gift Card bookings (as how it's applicable for any payment method).\r\n14.\tIn case of transaction failures after Gift Card is applied, amount would be automatically refunded to the same cards as per the terms of use of the Cleartrip platform.\r\n15.\tCleartrip reserves the right to deny accepting any Gift Card if it suspects that there is fraud or duplicity of Gift Cards.\r\n16.\tProducts and services offered by Cleartrip are subject to availability and terms of use of the Cleartrip platform.\r\n17.\tIn no event the liability of Cleartrip for any claims arising by the purchase or usage of Gift Cards shall exceed the value of the respective Gift Card.\r\n18.\tYou shall be responsible for maintaining strict confidentiality of the Gift Card pin/ Gift Card unique number issued to you. Cleartrip shall not be responsible to provide you new Gift Cards in the event this confidentiality obligation is breached by you. Any misuse/unauthorised disclosure of Gift Cards shall result in cancellation of the booking of the flight ticket/hotel, as applicable, without any liability of Cleartrip.\r\n19.\tGift Cards are for individual use only, Travel agents found using Gift Cards would lead to cancellation of booking and no refund would be made.\r\n20.\tYou can combine a maximum of 15 Gift Cards in a single booking for Hotels / Flights booking.\r\n21.\tGift Card balance and transactions can be viewed. https://cleartripgcbal.qwikcilver.com/QwikCilver/sclp.ssa/welcome.aspx?orgname=Cleartrip.\r\n22.\tCredit and Debit Cards issued outside India cannot be used to purchase Gift Cards\r\n23.\tGift Cards cannot be used to purchase other Gift Cards\r\n24.\tGift Cards cannot be redeemed for Cash or Credit.\r\n25.\tGift Cards cannot be reloaded or resold.\r\n26.\tAny offer on Gift Cards including offers by banks and instant cash backs could be withdrawn anytime at the sole discretion of Cleartrip/ Pine Labs.\r\n27.\tGift Cards are subject to the relevant RBI guidelines and other statutory guidelines. Cleartrip at any point of times reserves the right to request from You to provide relevant ID proof and other documents as required under law from time to time. In case You are unable to provide the same, then Gift Cards issued to you may be suspended and/or terminated. You expressly agree and acknowledge that You shall have no claims against us for the balance forfeited from Your Gift Card due to such reason.\r\n28.\tPine Labs Pvt. Ltd./Cleartrip reserves the right to cancel the Gift Card if the same have been found to be purchased with fraudulent means and/or the beneficiary/Know Your Customer (\\\""KYC\\\"") details as per RBI Guidelines are found to be incorrect/insufficient. In such cases, the funds shall be credited back to the same source from where these were received.\r\n29.\tCleartrip at its sole discretion reserves the right to change or revise the above terms and conditions. You shall be responsible to update yourself on the revised terms and conditions and Terms of Use at the time of accessing or using Gift Cards.\r\n30.\tYou agree and understand that Gift Cards are a pre-paid payment Instrument subjected to regulations by RBI Under the RBI guidelines, Cleartrip/ Pine Labs may be required to share KYC details of the purchaser/ redeemer of the Gift Card and/or any other information with relation to the purchase of the Gift Cards and/or transaction undertaken using the Gift Card with RBI or such statutory authorities. Cleartrip/ Pine Labs may contact the purchaser/redeemer of the GC for any such information.There is no fee or other charges associated with Gift Card purchase.\r\n31.\tThere is no fee or other charges associated with Gift Card purchase.\r\nDispute Resolution:\r\n32.\tPlease refer the Customer Grievance policy for dispute resolution, unauthorized transactions and liability related aspects at https://www.qwikcilver.com/grievance-policy/.com and Phone No. +91 95 95 333 333\r\n33.\tAny disputes concerning Gift Cards shall be subject to jurisdiction in Bangalore and you by purchasing Gift Card agree and submit to such jurisdiction.\r\n34.\tBy purchasing this gift voucher, you consent to sharing your PII ( Name, Email ID, Telephone Number if available ) with the issuer ( PineLabs ), as per the guidelines of PPI.""}","{""raw"":""https://giftbig.s3.amazonaws.com/microsite/product/EGCGBCTH006/d/thumbnail/7893_microsite.jpg""}","2025-11-27T14:38:48.620826+00:00",,"2025-11-27T14:38:48.620826+00:00","2025-11-27T20:13:41.181072+00:00",,"b44a4dcd-7a94-4a48-a266-a96134850e89","{}","[{""image"":null,""title"":""To redeem this gift card on www.cleartrip.com enter the 16 digit Gift card number and 6 digit pin before making payment""},{""image"":null,""title"":""Up to 15 gift cards can be used in a single transaction.""},{""image"":null,""title"":""Validity is available for a period of 12 months from the date of purchase.""}]","500","7500","2025-11-27T14:38:47.489+00:00","Both","Multiple","hotels, gift, card","360"
"edb7ce16-d618-455e-bac5-9165b8b29107","EGCGBETSR006","Ovenstory E-Gift Card - B2C","Food & Beverages","9","100-10000","Variable","0","1","Grab your favourite Pizza with standout toppings!","{""text"":""1.\tThe Oven Story Gift Card is redeemable only on the EatSure iOS/android app\r\n2.\tThe Oven Story Gift Card is issued by Pine Labs Private Limited (Pine Labs), a private limited company incorporated under the laws of India, and is authorized by the Reserve Bank of India (RBI) to issue such Gift Cards. These gift cards are issued under the Brand Name of Qwikcilver\r\n3.\tGift Cards are Issued by Pine Labs under the Brand Name of Qwikcilver\r\n4.\tEvery holder of Gift Cards shall be required to add the value stored on such Gift Card into the EatSure User Account\r\n5.\tYou agree and understand that the Oven Story Gift Card is a pre-paid payment Instrument subjected to regulations by RBI under the RBI guidelines. Rebel Marketplace India Private Limited / Pine Labs may be required to share KYC details of the purchaser/ redeemer of the Oven Story Gift Card and/or any other information with relation to the purchase of the Oven Story Gift Card and/or transaction undertaken using the Oven Story Gift Card with RBI or such statutory authorities. Rebel Marketplace India Private Limited / Pine Labs may contact the purchaser/redeemer of the Oven Story Gift Card for any such information.\r\n6.\tIn the event the beneficiary/Know Your Customer (KYC;) details as per RBI Guidelines are found to be incorrect/insufficient, Rebel Marketplace India Private Limited /Pine Labs retain the right to cancel the Gift Card so issued\r\n7.\tRebel Marketplace India Private Limited shall honour and consider requests for blocking of Gift Cards only from users who have registered in accordance with the terms\r\n8.\tThe Oven Story Gift Card can be purchased by debit cards and credit cards issued by Indian Banks. No Gift Card may be purchased by cash or by prepaid wallets.\r\n9.\tThe Oven Story Gift Card cannot be used to purchase another Oven Story Gift Card\r\n10.\tNo cash withdrawal is permissible against the Oven Story Gift Card\r\n11.\tRebel Marketplace India Private Limited / Pine Labs Private Limited reserves the right to cancel the Oven Story Gift Card if the same have been found to be purchased with fraudulent means. In such cases, the funds shall be credited back to the same source from where these were received.\r\n12.\tIn case the order is cancelled within the timeframe as mentioned in the Cancellation Policy, wherein the Customer has redeemed the Oven Story Gift Card, in such scenario the Customers’ Oven Story Gift Card shall be credited with the amount equivalent to the redemption amount.\r\n13.\tThe cardholder may request for the revalidation of the expired Gift Card. Upon receipt of such request, the Oven Story Gift Card may be revalidated after due verification and maybe subject to additional terms and conditions\r\n14.\tTo redeem, user must enter the 16-digit Gift Card number and the mpin on the payment/check out page\r\n15.\tIf the value of the service exceeds the value of the Gift Card, the difference must be paid by the user through other available payment modes\r\n16.\tThe Oven Story Gift Card can be redeemed multiple times until value of the Gift Card is exhausted\r\n17.\tUser cannot club more than 1 Gift Card in one order\r\n18.\tNo fees or charges apply to the purchase Gift Cards\r\n19.\tDelivery charges and taxes as applicable\r\n20.\tThis Gift Card does not allow any top up or reload\r\n21.\tThe Oven Story Gift Card is valid for a period of 12 months from the date of issue\r\n22.\tThe user is solely responsible for the safety and security of the Gift card. Rebel Marketplace India Private Limited and/or Pine Labs are not responsible for any acts of omission or commission if Gift Card is lost, stolen or used without permission\r\n23.\tNo duplicate card shall be issued\r\n24.\tEatSure shall not be held liable or responsible for any unauthorized and/or fraudulent purchase/s made using this Gift Card.\r\n25.\tThe Gift card is non-returnable & non-refundable, and cannot be exchanged for cash in part or full\r\n26.\tGift Cards are normally sent instantly via email/SMS. However, in case of system issues, the delivery may take up to 24 hours.\r\n27.\tIn case of any disputes, EatSure reserves the right to identify the authenticity of the Gift Card\r\n28.\tEatSure reserves the right to amend the terms & conditions at its discretion without prior notice\r\n29.\tFor any enquiries, email at goodness@eatsure.com\r\n30.\tPlease refer the Customer Grievance policy for dispute resolution, unauthorized transactions and liability related aspects at https://www.qwikcilver.com/grievance-policy/\r\n31.\tAll disputes with relation to the Gift Card shall be subject to the exclusive jurisdiction of the competent courts located at Bangalore\r\n32.\tE-Gift Cards are normally delivered instantly. But sometimes due to system issues, the delivery can be delayed up-to 24 - 48 hours.\r\n33.\tNo returns and no refunds on gift cards, e-gift cards and gift vouchers shipped by woohoo.in. Please check the refund policy at http://www.woohoo.in/faq for further details.""}","{""raw"":""https://giftbig.s3.amazonaws.com/microsite/product/EGCGBETSR006/d/thumbnail/6738_microsite.jpg""}","2025-11-27T14:38:48.620826+00:00",,"2025-11-27T14:38:48.620826+00:00","2025-11-27T20:13:41.265877+00:00",,"ad8a9a7e-38c0-46f6-8ccd-b5a53ca270b3","{}","[]","100","10000","2025-11-27T14:38:47.49+00:00","Online","Multiple","gift, card","360"
"88230050-3441-4641-9324-2d94899f474f","EGCGBLPLS002","LOIPL Lifestyle E-Gift Cards","Fashion & Lifestyle","5","100-10000","Variable","0","1","LOIPL Lifestyle eGift card will be sold acrossQC distribution channels.Customer can redeem this Gift card by visitingLifestyle website.","{""text"":""1.\tLifestyle online e-Gift Cards are provided by Landmark Online India Private Limited.\r\n2.\tE-Gift Cards are redeemable only through online stores and apps of lifestylestores.com and homecentre.in.\r\n3.\tE-Gift Cards cannot be redeemed at the physical / brick and mortar stores of Lifestyle & Home Centre.\r\n4.\tE-Gift Cards have a validity of 12 months from the date of purchase / activation, whichever is later.\r\n5.\tE-Gift Cards can be partially redeemed and can be used multiple times till balance exists in the E-Gift Card.\r\n6.\tIn case the value of the merchandise exceeds the value of the E-Gift card, then the differential amount shall be paid by the customer, E-Gift Cards cannot be exchanged or redeemed for cash, under any circumstances.\r\n7.\tFor balance enquiry visit www.lifestylestores.com;\r\n8.\tFor any assistance, pls call customer care at 18001231555.\r\n9.\tThe E-Gift card number and the PIN are required for redemption.\r\n10.\tThe Lifestyle E-Gift Cards are valid and redeemable on all offers and during EOSS on the website and apps.\r\n11.\tNo replacement/compensation is permissible for lost or damaged E- Gift cards.\r\n12.\tOnce the eGift card is issued, Landmark Online India Private Limited will not entertain any request for cancellation.\r\n13.\tAny exchange by the bearer will be considered a valid and legal discharge of Landmark Online India’s liability.\r\n14.\tE- Gift Card redemption is provided on “as-is” and “as-available” basis.\r\n15.\tLandmark Online India Private Limited reserves the right to amend, withdraw eGift Card services along with these terms at its discretion, without prior notice.\r\nLandmark Online India Private Limited shall not assume any liability in case of the e-gift card pin gets stolen/compromised due to fraud, date theft, negligence, phishing, or any other illegal activity. Under these circumstances Landmark Online India Private Limited shall neither be liable to replace the eGift card nor refund the cash. Customer further indemnifies and holds Landmark Online India Private Limited harmless from any claims arising out of these circumstances.\r\n16.\tAll grievances shall be referred to Landmark Online India Private Limited & the decision of the company shall be final & binding.\r\n17.\tAll disputes are subject to exclusive jurisdiction of Bangalore Courts.\r\n18.\tThe total liability of Landmark Online India Private Limited for all demands, claims, actions, causes of action, proceedings, suits, assessments, losses, damages, liabilities, costs and expenses shall be limited to the value of the Lifestyle E-Gift cards issued to the customer.\r\n19.\tE-Gift Cards are normally delivered instantly. But sometimes due to system issues, the delivery can be delayed up-to 24 - 48 hours.""}","{""raw"":""https://giftbig.s3.amazonaws.com/microsite/product/EGCGBLPLS002/d/thumbnail/8081_microsite.jpg""}","2025-11-27T14:38:48.620826+00:00",,"2025-11-27T14:38:48.620826+00:00","2025-11-27T20:13:41.351807+00:00",,"4ead20e7-9a15-4b5f-bdb4-3ebafe4daf71","{}","[{""image"":null,""title"":""Visit the outlet near you. Check the outlet locator of the brand to find a store that accepts the Gift Cards.""},{""image"":null,""title"":""Choose the products you would like to buy.""},{""image"":null,""title"":""Show your Gift Card details to the cashier at the time of billing & pay any balance amount by cash or card.""}]","100","10000","2025-11-27T14:38:47.49+00:00","Online","Multiple","lifestyle, gift, cards","360"
"e1143f01-cbc1-40cd-81c4-2d55f443b267","EGCGBFN001","Forever New E-Gift Card","Fashion & Lifestyle","8","100-10000","Variable","0","1","Designed in Melbourne, Forever New is a women's western apparel brand and its collection boasts timeless wardrobe staples as well as trending pieces that will refresh your look. Collections are inspired by global trends in art, music and haute couture runway shows in Paris, London, Milan and New York. Surprise your loved ones with a Forever New E-Gift Card, delivered straight to their inbox. We promise it will surely make their day!","{""text"":""1. This gift card (“Gift Card”) is issued by Forever New Apparel Private Limited (\\\""Forever New \\\"") and can be redeemed only against purchase of eligible products from retail outlets of Forever New or its website i.e. https://www.forevernew.co.in/.\r\n2. The Gift Card once purchased are non-cancellation and non-refundable\r\n3. This Gift Card holds no value until activated with a minimum amount of Rs. 1,000/- and a maximum of Rs. 10,000/-.\r\n4. This Gift Card cannot be recharged.\r\n5. The Gift Card cannot be used to purchase other gift cards.\r\n6. The Gift Card can be used till balance or validity.\r\n7. Bearer of the Gift Card will have to present this Gift Card at the time of billing to redeem the value against purchase of products. The value of the Gift Card will deplete with every purchase made by the bearer. Balance available on the Gift Card cannot be exchanged for cash and can be redeemed only against future purchases.\r\n8. The Gift Card can only be used to make purchases up to the value of the Gift Card. If the bearer wished to make purchases for an amount that exceeds the balance available on the Gift Card, the bearer will have to pay the amount exceeding the balance using another mode of payment.\r\n9. Forever New may, at its sole discretion, pass on the benefits of consumer promotions to the bearer of Gift Card.\r\n10. This Gift Card is not credit or debit or charge card and has no implied warranties.\r\n11. This Gift Card is valid for a period of 12 months from the date of issue or the last transaction, whichever is later.\r\n12. All refunds/exchanges of products purchased with the Gift Card will be made in accordance with refund policy of Forever New and reimbursed funds will not be reloaded on the Gift Card, unless otherwise determined by Forever New in its sole discretion,\r\n13. Any unused balance on the Gift Card after expiry of the above validity period will not be refunded in cash or credit for redemption.\r\n14. The bearer of the Gift Card will be considered the bonafide recipient of the benefits of redemption.\r\n15. Lost or stolen or damaged Gift Card will not be replaced or the balance, if any, will not be refunded.\r\n16. Forever New may, use the information provided by the purchaser of the Gift Card for communicating new promotions, launch of products or similar other purposes.\r\n17. Forever New reserves the right to cancel any Gift Card or the scheme pursuant to which this Gift Card has been issued, for any reason at any time without notice. Under such circumstances, Forever New may, at its sole discretion, either refund the balance value of the Gift Card to the bearer or replace the Gift Card of equivalent value.\r\n18. Laws prevailing in India shall be applicable and courts in Delhi India shall have exclusive jurisdiction.\r\n19. This Gift Card is the property of Forever New and Forever New reserves the right to modify/alter/amend the terms and conditions without prior intimation.\r\n20. Any person or bearer using this Gift Card shall be deemed to have accepted all the terms and conditions.\r\n21. Forever New reserves the right to amend the list of the participating stores at its sole discretion.\r\n22. The terms and conditions governing the Gift Card shall be in addition to and not in substitution / derogation to the other terms and conditions of the Forever New.\r\n23. Forever New reserves the right to cancel an order placed by using Gift Card in case of any fraudulent activity done or any violation of the terms and conditions.""}","{""raw"":""https://giftbig.s3.amazonaws.com/microsite/product/EGCGBFN001/d/thumbnail/7326_microsite.jpg""}","2025-11-27T14:38:48.620826+00:00",,"2025-11-27T14:38:48.620826+00:00","2025-11-27T20:13:41.436968+00:00",,"4ead20e7-9a15-4b5f-bdb4-3ebafe4daf71","{}","[{""image"":null,""title"":""Stores""},{""image"":null,""title"":""Customer visits store""},{""image"":null,""title"":""Completes shopping""},{""image"":null,""title"":""Presents voucher code at time of billing""},{""image"":null,""title"":""Cashier punches the code in bill and redeems.""},{""image"":null,""title"":""Any value over the Voucher code to be paid by customer""},{""image"":null,""title"":""Online""},{""image"":null,""title"":""Customer visits the e-com""},{""image"":null,""title"":""Completes shopping""},{""image"":null,""title"":""Goes to checkout and selects gift card tender""},{""image"":null,""title"":""Enters card no and pin and clicks redeem""},{""image"":null,""title"":""Any additional value is paid by customer using other tender modes""}]","100","10000","2025-11-27T14:38:47.49+00:00","Online","Multiple","gift, card, brand","360"
"4d45b003-8868-4ad0-99e6-5f8583f1fa05","EGCGBJOY001","Joyalukkas Gold and Diamond E-Gift Card","Jewellery","3.15","500-50000","Variable","0","1","Joyalukkas vouchers can be a wonderful gift for special occasions such as birthdays, anniversaries, weddings, or other special occasions, allowing the recipient to choose their preferred jewelry piece or accessory from Joyalukkas's extensive collection. When you have a Joyalukkas voucher, you can visit any Joyalukkas store or website and choose from the vibrant collection of jewelry pieces. The voucher is then treated as a form of payment, and the value of the purchase is deducted from the total value of the voucher. In cases where the purchase exceeds the voucher's value, the recipient may need to pay the remaining balance using an additional payment method. Conversely, if the purchase amount is less than the voucher's value, the remaining balance is typically credited to the voucher for future use. Joyalukkas is known as the world's favorite jeweler, indeed with good reason. The superlative quality and purity of materials, the intricacy of the designs, the variety available, the well-trained service team, and strategic locations ensure that the brand wins the heart of all its customers since 1986. Today its operations are spread across 91 showrooms in India and presence in 13 countries across the GCC, Singapore, Malaysia, UK & USA. So just don't wait, you're one step away from giving happiness to your loved ones.","{""text"":""1.\tThis EGC shall have a validity period of 1 year from the date of issuance\r\n2.\tThis eGift Card is valid at Joyalukkas outlets in India.\r\n3.\tThis eGift Card needs to be presented to the cashier at the store before final billing of your purchase(s).\r\n4.\tThis eGift Card cannot be exchanged for cash.\r\n5.\tThe bearer of this eGift Card is the title holder and is entitled to exchange it for jewellery as per value indicated.\r\n6.\tThis eGift Card cannot be redeemed for gold/ silver bars/coins.""}","{""raw"":""https://giftbig.s3.amazonaws.com/microsite/product/EGCGBJOY001/d/thumbnail/1427_microsite.jpg""}","2025-11-27T14:38:48.620826+00:00",,"2025-11-27T14:38:48.620826+00:00","2025-11-27T20:13:41.527333+00:00",,"be43af8c-2f42-47e3-b5a4-726427f2308f","{}","[{""image"":null,""title"":""Walk in-to Joayalukkas store.""},{""image"":null,""title"":""Select the applicable Joayalukkas product, based on the Gift card type (refer terms & conditions).""},{""image"":null,""title"":""At the Billing Counter, inform the cashier about the choice of making payment using Gift Cards.""},{""image"":null,""title"":""Cashier selects Gift Card as payment mode, submits Gift Card & PIN details in the system and completes the billing process.""}]","500","50000","2025-11-27T14:38:47.49+00:00","Both","Multiple","joyalukkas, gold, diamond","365"
"aed47734-34fa-44b8-899e-524d219a3d42","EGCGBLKME001","Lakme Salon E-Gift Card","Wellness & Beauty","4.5","500-25000","Variable","0","1","Lakmé Salon brings the backstage expertise and experience of Lakmé Fashion Week to the modern Indian women. Professionally trained hair and makeup experts with countless shows under their belt and outstanding skin services come together at Lakmé and offer an unforgettable experience. Whether it’s Valentine’s Day, Women’s day, Mother’s day, Raksha Bandhan or Wedding – Lakme Salon e-Gift card is a perfect gift","{""text"":""1.\tLakme Salon E-Gift Card is issued by Lakme Lever Pvt. Ltd (LLPL).\r\n2.\tThis E- Gift Card can be redeemed only once and should be redeemed in full.\r\n3.\tThis E-Gift Card is valid and can be redeemed against services at all salons of Lakme Salon Network.\r\n4.\tThe E-Gift Card holder/(s) under no circumstances, will be paid cash or cheque in exchange for whole or part of the e-gfit card.\r\n5.\tIf the purchase amount is more than your Gift card value, youmay compliment that purchase in any form of payment accepted by Lakme Salon outlets.\r\n6.\tThis gift card will not be accepted or redeemed after the expiry date.\r\n7.\tLLPL and Qwikcilver Solutions Pvt Ltd does not take any responsibility of and will not be liable for any replacement or compensation incase of any mishandling of this E-Gift Card.\r\n8.\tOnly valid E-Gift Cards at the sole discretion of LLPL shall be accepted for redemption.\r\n9.\tLLPL reserves the right to amend the Terms and Conditions at itsown discretion without prior Notice. Any dispute shall the be referred to LLPL and the decision ofLLPL will be final.Subject to the foregoing, these terms and conditions shall be subject to the jurisdiction of courts at Mumbai.\r\n10.\tTo locate your nearest Lakme Salon, log on to http://www.lakmeindia.com.E-Gift Cards are normally delivered instantly. But sometimes due to system issues, the delivery can be delayed up-to 24 hours.\r\n11.\tNo returns and no refunds on gift cards, E- gift cards and gift vouchers shipped by woohoo.in. Please check the refund policy at http://www.woohoo.in/faq for further details.""}","{""raw"":""https://giftbig.s3.amazonaws.com/microsite/product/EGCGBLKME001/d/thumbnail/145_microsite.jpg""}","2025-11-27T14:38:48.620826+00:00",,"2025-11-27T14:38:48.620826+00:00","2025-11-27T20:13:41.70081+00:00",,"f5575e42-86a0-4616-9408-0f096d2da35f","{}","[{""image"":null,""title"":""Visit the nearest Lakme Salon outlet.""},{""image"":null,""title"":""Inform the cashier about the Gift Card before availing the service.""},{""image"":null,""title"":""Show the Gift Card details to the cashier at the time of billing & pay any balance amount by card or cash.""}]","500","25000","2025-11-27T14:38:47.49+00:00","Both","Multiple","gift, card, hair","365"
"427bfc54-0e49-4129-8062-502f3f502d10","EGCGBBBLX001","Brooks Brothers-Luxe E-Gift Card","Fashion & Lifestyle","12","1000-10000","Variable","0","1","With one ‘Luxe gift card’, shop across 30+ fashion & lifestyle brands. Use this gift card across 380+ stores in India. The curated selection of brands are Armani Exchange, Bally, Bottega Veneta, Brooks Brother, Canali, Coach, Diesel, Dune London, EA7, Emporio Armani, G-Star Raw, GAS, Giorgio Armani, Hamleys, Hugo Boss, Hunkemöller, Jimmy Choo, Kate Spade, Michael Kors, Mothercare, Paul&Shark, Paul Smith, Replay, Salvatore Ferragamo, Satya Paul, Scotch & Soda, Steve Madden, Superdry, The White Crow, Tory Burch, Tumi, Villeroy&Boch & West Elm","{""text"":""1.\tThese Terms & Conditions are for the electronic version of the Luxe Gift Card.\r\n2.\tLuxe Gift Card is issued is valid for 12 months from the date of purchase.\r\n3.\tLuxe Gift Card is redeemable at more than 30 participatory brands across India.\r\n4.\tFor locations, visit - https://luxegiftcard.com/pages/store-locator\r\n5.\tLuxe Gift Card is not redeemable at airport stores.\r\n6.\tLuxe Gift Card can be redeemed only once until expiry.\r\n7.\tIn case the value of the merchandise exceeds the value of the gift card, the difference shall be paid by the bearer. No refunds/credit note shall be issued for unused part of the Luxe Gift Card.\r\n8.\tProtect the Luxe Gift Card to avoid misuse. RBL or Pine Labs Private Limited shall not assume any liability in case the PIN gets stolen / compromised, RBL shall neither replace the Luxe Gift Card nor refund in any form.\r\n9.\tMultiple Luxe Gift Cards can be used in a single transaction.\r\n10.\tOnce issued, Luxe Gift Card cannot be cancelled or blocked.\r\n11.\tLuxe Gift Card can be redeemed only against full priced merchandise.\r\n12.\tTo activate this gift card, SMS ACT<16-Digit Card Number><6-Digit Card Pin> to 9704200300\r\n13.\tFor balance enquiry & validity, please SMS <16-Digit Card Number> to 9704200300 or visit any merchant location.\r\n14.\tFor complete T&Cs, participating brands and store locations visit luxegiftcard.com\r\n15.\tFor bulk enquiries or assistance, contact us at info@luxegiftcard.com\r\n16.\tBy purchasing this gift voucher, you consent to sharing your PII ( Name, Email ID, Telephone Number if available ) with the issuer ( PineLabs ), as per the guidelines of PPI.""}","{""raw"":""https://giftbig.s3.amazonaws.com/microsite/product/EGCGBBBLX001/d/thumbnail/5798_microsite.jpg""}","2025-11-27T14:38:48.620826+00:00",,"2025-11-27T14:38:48.620826+00:00","2025-11-27T20:13:41.787541+00:00",,"4ead20e7-9a15-4b5f-bdb4-3ebafe4daf71","{}","[{""image"":null,""title"":""Redeem your eGift Card at a participating brand of your choice by providing the e-voucher number and voucher PIN.""},{""image"":null,""title"":""To activate this gift card, SMS ACT< space ><16-Digit Card Number>< space >< CardPin > to 9704200300""}]","1000","10000","2025-11-27T14:38:47.49+00:00","Both","Multiple","gift, card, one","360"
"c6288d95-2455-4fc9-8b2b-973e62d04cd1","EGCGBGNB001","Nature's Basket E-Gift Card","Food & Beverages","0.75","200-50000","Variable","0","1","Godrej Nature’s Basket is the retail venture of Godrej Group and is today India’s foremost retail destination for fine foods from across the world. Started in 2005 as a single fresh food store, they have today morphed into a 36-store chain of premium gourmet stores strategically located at high street locations in Mumbai, Delhi/NCR, Pune, Hyderabad and Bangalore.","{""text"":""1.\tThis gift E-Voucher can be used for making payments, at Nature’s Basket stores across India or on www.naturesbasket.co.in & mobile app.\r\n2.\tAny balance in the E-Voucher is valid only for 12 months from the date of issue\r\nFor redemption in-store the E-GV needs to be used in full. E-GVs are only one time redeemable.\r\n3.\tIn case the value of the service is less than that of the EGV amount, the balance would be lost & if the value of the service exceeds the value of e-gift card, the difference shall be paid by the bearer.\r\n4.\tIn case of redemption online; if value of the service is less than that of the EGV amount, the balance would be lost & if the value of the service exceeds the value of e-gift card, difference shall be paid by the bearer.\r\n5.\tProtect the e-gift card number and PIN to avoid misuse and treat it like cash. Nature’s Basket shall not assume any liability in case the card PIN/E-Voucher gets stolen/compromised. It will not be replaced or refunded.\r\n6.\tThis E-voucher cannot be exchanged for cash. No returns/ refunds will be given against the E-voucher.\r\n7.\tNBL reserves the right to change the ‘Terms and Conditions’ at any time without prior information.\r\n8.\tAny dispute should be referred to Natures Basket Limited (company), and the decision of the company shall be final.\r\n9.\tAll disputes are subject to the exclusive jurisdiction of competent courts of Mumbai, India.\r\n10.\tFor any queries write to cs@naturesbasket.co.in or call +91 92200 98000 or contact your nearest Nature’s Basket store.""}","{""raw"":""https://giftbig.s3.amazonaws.com/microsite/product/EGCGBGNB001/d/thumbnail/585_microsite.jpg""}","2025-11-27T14:38:48.620826+00:00",,"2025-11-27T14:38:48.620826+00:00","2025-11-27T20:13:41.963555+00:00",,"ad8a9a7e-38c0-46f6-8ccd-b5a53ca270b3","{}","[{""image"":null,""title"":""Visit the outlet near you.""},{""image"":null,""title"":""Before making the purchase confirm about the acceptance of Gift Card at the store.""},{""image"":null,""title"":""Choose the products you would like to buy.""},{""image"":null,""title"":""Show your Gift Card details to the cashier at the time of billing & pay any balance amount by cash or card.""}]","200","50000","2025-11-27T14:38:47.49+00:00","Both","Multiple","gift, card, india","360"
"c94ef80b-eb42-4f04-b5f7-7c014e7587e8","EGCGBORZ001","Ornaz E-Gift Card","Jewellery","10.5","500-25000","Variable","0","1","Gift your loved one diamond ring of their choice with a Ornaz gift card. With the widest variety of diamond rings and holding biggest inventory of diamonds, there is something for every couple at Ornaz.  Ornaz is India’s First Engagement Ring Brand and provides the widest collection of Designs with capability to fit any design into any Budget using live customization. We provide fastest customization in the industry and designs which you can try virtually also over your hand. We only sell GIA certified diamonds as GIA is world’s biggest certification lab available across the world. Our Mission is to offer consumer the highest quality Engagement Rings and largest selection at Best price.","{""text"":""1.\tE-Gift Card(s) can be redeemed on purchase of any jeweley products only on Ornaz.com and Ornaz mobile app\r\n2.\tOn the account page, Click on the tab \\\""\\\""E-Gift Card\\\""\\\"" and enter your 16 digit Gift Card number and pin for redemption.\r\n3.\tMultiple Gift Card(s) up to three can be used in a single transaction.\r\n4.\tE-Gift Card(s) can be combined with any other payment type on Ornaz.com.\r\n5.\tE-Gift cards can also be redeemed partially, as many times as a user wishes to, till its balance is consumed or it expires.\r\n6.\tE-Gift cards are valid for a period of 1 year from the date of issuance.\r\n7.\tE-Gift Card(s) once bought online, shall be considered as sold and cannot be Cancelled, Exchanged or Refunded.\r\n8.\tE-Gift cards cannot be used to purchase another Gift Card. Payment mode will be Net Banking, Credit/Debit Card.\r\n9.\tIf lost or misused, the Gift Card(s) cannot be replaced.\r\n10.\tE-Gift cards are void if resold, and cannot be exchanged for credit(s) or cash and cannot be re-validated once past expiry date.\r\n11.\tIn addition to these Terms and Conditions, Ornaz Gift Card(s) and their use on our website are also subject to Ornaz’s general Terms of Use & Ornaz's decision will be final in case of any dispute.\r\n12.\tOrnaz may change (add to, delete, or amend) these terms from time to time. Unless stated otherwise, the changes will apply to any new Ornaz gift card.\r\n13.\tE-Gift Card(s) cannot be redeemed on purchase of gold coins.\r\n14.\tAny gift cards that you purchase are for personal, non-commercial use and enjoyment only. The same may be shared with family and friends, but may not be advertised, sold or used as promotional items by the purchaser or anyone else without Ornaz’s prior written consent.\r\n15.\tAll disputes, with respect to the products and services offered in this connection, are subject to Gurugram jurisdiction.\r\n16.\tE-Gift Cards are normally delivered instantly. But sometimes due to system issues, the delivery can be delayed up-to 24 - 48 hours.""}","{""raw"":""https://giftbig.s3.amazonaws.com/microsite/product/EGCGBORZ001/d/thumbnail/2484_microsite.jpg""}","2025-11-27T14:38:48.620826+00:00",,"2025-11-27T14:38:48.620826+00:00","2025-11-27T20:13:42.049941+00:00",,"be43af8c-2f42-47e3-b5a4-726427f2308f","{}","[]","500","25000","2025-11-27T14:38:47.492+00:00","Online","Multiple","gift, card, one","365"
"eec0b2b9-c38a-453e-aa2c-63bd57b62baf","EGCGBMTHI002","Marriott Hotels India E-Gift Card - B2C","Tour & Travel","7","1000-10000","Variable","0","1","Marriott International in India encompasses a portfolio of 135 hotels under 16 leading brands spanning more than 35 cities. Marriott operates and franchises hotels and licenses vacation ownership resorts all around the world. The company offers Marriott Bonvoy™, its highly awarded travel program. For more information, please visit our website at www.marriott.com, and for the latest company news, visit www.marriottnewscenter.com. In addition, connect with us on Facebook and @MarriottIntl on Twitter and Instagram \r\nRedefining the art of gifting! Gift an experience to your loved ones with the Marriott India Gift Card and let every occasion be a special way to say you care. Enjoy luxurious stays, exquisite dining experiences, spa appointments and many more indulgences at any Marriott Hotel in India","{""text"":""1.\tThe Marriott Hotels Gift Card is issued by Pine Labs Private Limited (“Pine Labs”) under the Brand Name of Qwikcilver. This Gift Card may be applied to eligible purchases at participating Marriott hotels in India (for a list of participating hotels please refer [https://www.qwikcilver.com/terms-and-conditions/marriott-hotels].\r\n2.\tGift Card cannot be used outside of India.\r\n3.\tEligible purchases do not include advanced purchases, deposits, friends and family rates, payments for meetings, catering or group functions, negotiated rates (including volume, group, contracted, or other rates that have been previously negotiated and agreed in writing whether paid on a group or individual basis), and goods/services purchased through or provided by third parties, such as online or off-line travel agents. All other purchases made at participating Marriott hotels in India are eligible. Use of this Gift Card constitutes acceptance of terms. Certain purchases (e.g., hotel stays) may have a minimum age requirement. Subject to these terms, the Gift Card can be redeemed at hotel-operated restaurants, spa, salon or other services provided directly by participating hotel.\r\n4.\tMarriott Gift card needs to be registered before use. To register and activate your Marriott Gift Card, please send a SMS from your mobile phone as follows: ACTCardNumberCardPinFirstNameLastName to 9741352666\r\n5.\tThe registration can also happen through logging in to the SSA portal https://marriotthotelsindiagcbal.qwikcilver.com/QwikCilver/sclp.ssa/welcome.aspx?orgname=Marriott%20Hotels%20India\r\n6.\tThe sending of the said message to the designated mobile number and receipt of due acknowledgement thereto, shall constitute registration of the User. Marriott / Pine Labs shall honour and consider requests for blocking of Gift Cards only from users who have registered in accordance with the terms above.\r\n7.\tEach Gift Card shall be single use and only one transaction can be performed on Gift Card. Partial redemption of a Gift Card shall not be possible.\r\n8.\tThe Gift Card balance is only valid for one (1) year from the date of issuance/activation. Gift Card may not be reloaded.\r\n9.\tGift Card carries no value until activated. This Gift Card shall be deemed active upon loading of fixed denominations of INR 1000, INR 2500, INR 5000, INR 7500 or INR 10,000. The maximum denomination per card is limited to INR 10,000\r\n10.\tIf the purchase value exceeds the value of the Gift Card, the differential value should be paid by the customer who redeems the Gift Card.\r\n11.\tValid Gift Card in its original form (email) has to be presented at the time of availment. Gift Card is issued in Indian Rupees.\r\n12.\tNo fees or charges apply to Gift Cards.\r\n13.\tThis Gift Card cannot be transferred for balance value or redeemed for cash.\r\n14.\tNo replacement / compensation is permissible/ payable for lost /stolen or damaged Gift Card.\r\n15.\tGift Card and these terms are governed by the laws of India. Any dispute relating to the Gift Card shall be subject to the exclusive jurisdiction of courts at Bangalore. Marriott and related marks are trademarks of Marriott International Corporation or its affiliates.\r\n16.\tMarriott reserves the right to institute additional security and verification procedures at the time of card redemption for fraud prevention. Marriott and/or Pine Labs reserve the entitlement to amend these terms and conditions from time to time.\r\n17.\tFor complete Terms and Conditions, please visit [https://www.qwikcilver.com/terms-and-conditions/marriott-hotels ] and for Check Balance Enquiries the consumers are invited to refer to [ https://www.woohoo.in/balenq] . Gift Cards issued by Pine Labs Private Limited. All rights reserved.\r\n18.\tPlease refer the Customer Grievance policy for dispute resolution, unauthorized transactions and liability related aspects at [ https://www.qwikcilver.com/grievance-policy/].\r\n19.\tThe cardholder may request for the revalidation of the expired gift card. Upon receipt of such request the gift card may be revalidated after due verification and maybe subject to additional terms and conditions.\r\n20.\tList of participating hotels that accept Marriott Gift Card:\r\n21.\tJW Marriott Mussoorie Walnut Grove Resort & Spa\r\n22.\tGoa Marriott Resort & Spa\r\n23.\tJW Marriott Mumbai Sahar\r\n24.\tRenaissance Mumbai Convention Centre Hotel\r\n25.\tThe St. Regis Mumbai\r\n26.\tJW Marriott Hotel Bengaluru\r\n27.\tBengaluru Marriott Hotel Whitefield\r\n28.\tThe Ritz-Carlton, Bangalore\r\n29.\tSheraton Grand Bengaluru Whitefield & Convention Center\r\n30.\tSheraton Grand Chennai Resort & Spa\r\n31.\tThe Westin Gurugram, New Delhi\r\n32.\tThe Westin Sohna Resort & Spa\r\n33.\tJW Marriott Mumbai Juhu\r\n34.\tJW Marriott Hotel Kolkata\r\n35.\tThe Westin Kolkata Rajarhat\r\n36.\tAloft New Delhi Aerocity\r\n37.\tLe Meridien Gurugram, Delhi NCR\r\n38.\tLe Meridien Mahabaleshwar Resort & Spa\r\n39.\tW Goa\r\n40.\tCourtyard by Marriott Mumbai\r\n41.\tThe Westin Mumbai Garden City\r\n42.\tAloft Bengaluru Cessna Business Park\r\n43.\tSheraton Grand Bangalore At Brigade Gateway\r\n44.\tFairfield by Marriott Pune Kharadi\r\n45.\tThe Westin Pune Koregaon Park\r\n46.\tCourtyard by Marriott Agra\r\n47.\tJW Marriott Hotel Chandigarh\r\n48.\tCourtyard by Marriott Raipur\r\n49.\tFour Points By Sheraton, Kochi Infopark\r\n50.\tFour Points by Sheraton Mahablipuram Resort & Convention Center\r\n51.\tMarriott Suites Pune\r\n52.\tThe Ritz Carlton Pune\r\n53.\tFairfield by Marriott Belagavi\r\n54.\tSheraton Grand Pune Bund Garden Hotel\r\n55.\tJW Marriott Hotel Pune\r\n56.\tCourtyard by Marriott Pune Chakan\r\n57.\tCourtyard by Marriott Pune Hinjewadi\r\n58.\tFairfield by Marriott Amritsar\r\n59.\tLe Meridien Kochi\r\n60.\tCourtyard by Marriott Amritsar\r\n61.\tCourtyard by Marriott Bilaspur\r\n62.\tSheraton Hyderabad Hotel\r\n63.\tKochi Marriott Hotel\r\n64.\tHyderabad Marriott Hotel & Convention Centre\r\n65.\tCourtyard by Marriott Hyderabad\r\n66.\tFairfield by Marriott Coimbatore\r\n67.\tThe Westin Chennai, Valechery\r\n68.\tCourtyard by Marriott Kochi\r\n69.\tCourtyard by Marriott Siliguri\r\n70.\tIndore Marriott Hotel\r\n71.\tJW Marriott Hotel New Delhi Aerocity\r\n72.\tTribute Kochi\r\n73.\tFairfield by Marriott Sriperumbudur\r\n74.\tJaipur Marriott Hotel\r\n75.\tCourtyard by Marriott Bengaluru ORR\r\n76.\tFairfield by Marriott Bengaluru ORR\r\n77.\tRenaissance Lucknow Hotel\r\n78.\tSheraton Grand Palace Indore\r\n79.\tLe Meridien Jaipur Resort & Spa\r\n80.\tCourtyard by Marriott Madurai\r\n81.\tFairfield by Marriott Visakhapatnam\r\n82.\tFairfield by Marriott Goa Anjuna\r\n83.\tCourtyard by Marriott Gurugram\r\n84.\tMarriott Executive Apartments Hyderabad\r\n85.\tFour Points By Sheraton, Bengaluru Whitefield\r\n86.\tFour Points by Sheraton, Srinagar\r\n87.\tCourtyard by Marriott Bhopal\r\n88.\tFairfield by Marriott Bengaluru Whitefiled\r\n89.\tFairfield by Marriott Bengaluru Rajajinagar\r\n90.\tFairfield by Marriott Jodhpur Hotel\r\n91.\tCourtyard by Marriott Bengaluru Hebbal\r\n92.\tCourtyard by Marriott Chennai\r\n93.\tLe Meridien Goa, Calangute\r\n94.\tRenaissance Ahmedabad Hotel\r\n95.\tFairfield by Marriott Kolkata\r\n96.\tLe Meridien Nagpur\r\n97.\tJaisalmer Marriott Resort & Spa\r\n98.\tCourtyard by Marriott_Aravali\r\n99.\tFairfield by Marriott_Indore\r\n100.\tFairfield by Marriott Agra\r\n101.\tMarriott Executive Apartments\r\n102.\tCourtyard by Marriott_Navi Mumbai\r\n103.\tSt Regis Goa\r\n104.\tThe Westin Resort and Spa Himalayas\r\n105.\tFairfield by Marriott Goa, Benaulim\r\n106.\tJW Marriott Bengaluru Prestige Golfshire Resort & Spa\r\n107.\tE-Gift Cards are normally delivered instantly. But sometimes due to system issues, the delivery can be delayed up-to 24 - 48 hours.""}","{""raw"":""https://giftbig.s3.amazonaws.com/microsite/product/EGCGBMTHI002/d/thumbnail/2745_microsite.jpg""}","2025-11-27T14:38:48.620826+00:00",,"2025-11-27T14:38:48.620826+00:00","2025-11-27T20:13:42.135323+00:00",,"b44a4dcd-7a94-4a48-a266-a96134850e89","{}","[{""image"":null,""title"":""Marriott E- Gift card needs to be registered before use. To register and activate your Marriott E-Gift Card, please send a SMS from your mobile phone as follows: ACT<space>CardNumber<space>CardPin<space>FirstName<space>LastName to 9741352666. The sending of the said message to the designated mobile number and receipt of due acknowledgement thereto, shall constitute registration of the User.""},{""image"":null,""title"":""The Marriott E-Gift Card will need to be presented via the email that the customer has received at the time of purchase.""},{""image"":null,""title"":""The customer will need to provide the 16-digit E-gift card number & the 6-digit PIN that was provided to redeem the E-Gift Card either at the time of check in or check out for room accommodation or after availing the services for F&B /Spa services at the participating Marriott Hotels""}]","1000","10000","2025-11-27T14:38:47.49+00:00","Both","Multiple","marriott, hotels, india","365"
"667aaeab-906f-47e4-bbdd-b53ab8eeaca3","EGCGBMCDPC001","McDonald’s McCafe Membership Card - Platinum","Food & Beverages","4","1300-1300","Variable","0","1","Hardcastle Restaurants Private Limited (“HRPL”) operates quick service restaurants in the West and South of India under the brand name of ‘McDonald’s’. HRPL for ease of reference is hereinafter referred to as “McDonald’s”.\r\nMcDonald’s has introduced an ‘McDonald’s McCafe Gift Card -Platinum (Instant Voucher)’ “the Card” or “card”. Save 72%- Buy 12 Coffee Get 14 Free .The Card permits the owner to purchase products in McDonald’s restaurants across west and south of India.","{""text"":""1.\tThe card can be used multiple times.\r\n2.\tThe card is valid for 1 year from date of purchase.\r\n3.\tThe card is available only in domination mentioned on site of purchase.\r\n4.\tThe card can be used only for purchase in McDonald's' restaurants in the west and south of India.\r\n5.\tMcDonald's shall not be liable if the Card cannot be used at any particular restaurant due to technical errors or other such operating system glitches.\r\n6.\tThe card can be used to purchase any McDonald's' products at its restaurants only (It cannot be used on McDelivery App, SOK or any third party app where McDonald's' products is listed).\r\n7.\tTo check your balance, please send an SMS to 9975933517 as follows: BAL < space > 16-Digit Card Number E.g. BAL 1234123412341234 or visit https://www.woohoo.in/balenq\r\n8.\tThe card can’t be exchanged for cash or any other tender.\r\n9.\tOnce the card has been purchased it is considered sold and cannot be cancelled, refunded ,exchanged or refilled.\r\n10.\tNo refund will be made for any lost card and no revalidation is allowed for expired gift card balance.\r\n11.\tMaximum one card can be used per order.\r\n12.\tMcDonald's at it’s own discretion may withdraw issuance/redemption of the card, without any prior notice in this regard.\r\n13.\tMcDonald's maximum liability for any reason whatsoever shall not exceed the purchase value of the voucher.\r\n14.\tRemaining balance in case if the order value is more than card value can be paid only through cash (No other mode of payment is acceptable)\r\n15.\tFor any further enquires, email at myfeedback@mcdonaldsindia.com\r\n16.\tThe usage of the Card is subject to force majeure conditions including acts of God, strikes, war, riots, change of law, lockdowns, statutory prohibitions/ restrictions and on occurrence of any force majeure event. In such cases at the sole discretion of McDonald's the validity period of the Card maybe extended.\r\n17.\tIn case of any dispute or difference with respect to the promotion/offer, the decision of McDonald's shall be final and binding on all concerned.\r\n18.\tAll disputes arising here from are subject to the exclusive jurisdiction of the courts at Mumbai.\r\n19.\tE-Gift Cards are normally delivered instantly. But sometimes due to system issues, the delivery can be delayed up-to 24 - 48 hours.\r\n20.\tNo returns and no refunds on gift cards, e-gift cards and gift vouchers shipped by woohoo.in. Please check the refund policy at http://www.woohoo.in/faq for further details.""}","{""raw"":""https://giftbig.s3.amazonaws.com/microsite/product/EGCGBMCDPC001/d/thumbnail/3286_microsite.jpg""}","2025-11-27T14:38:48.620826+00:00",,"2025-11-27T14:38:48.620826+00:00","2025-11-27T20:13:42.225964+00:00",,"ad8a9a7e-38c0-46f6-8ccd-b5a53ca270b3","{}","[{""image"":null,""title"":""Use outlet locator to locate the nearest store around you that accepts this E-Gift Card""},{""image"":null,""title"":""Choose your desired option from their collection.""},{""image"":null,""title"":""At the checkout, use your E-Gift Card to redeem it.""}]","1300","1300","2025-11-27T14:38:47.491+00:00","Both","Multiple","mcdonald, card, restaurants","365"
"25728e79-35b1-4aa7-9e67-0c6e2b2c5bbf","EGCGBMCDSC001","McDonald’s McCafe Membership Card - Silver","Food & Beverages","4","450-450","Variable","0","1","Hardcastle Restaurants Private Limited (“HRPL”) operates quick service restaurants in the West and South of India under the brand name of ‘McDonald’s’. HRPL for ease of reference is hereinafter referred to as “McDonald’s”.\r\nMcDonald’s has introduced an ‘McDonald’s McCafe Gift Card -Silver (Instant Voucher) “the Card” or “card”. Save 64% - Buy 4 Coffee Get 3 Free. The Card permits the owner to purchase products in McDonald’s restaurants across west and south of India","{""text"":""1.\tThe card can be used multiple times.\r\n2.\tThe card is valid for 1 year from date of purchase.\r\n3.\tThe card is available only in domination mentioned on site of purchase.\r\n4.\tThe card can be used only for purchase in McDonald's' restaurants in the west and south of India.\r\n5.\tMcDonald's shall not be liable if the Card cannot be used at any particular restaurant due to technical errors or other such operating system glitches.\r\n6.\tThe card can be used to purchase any McDonald's' products at its restaurants only (It cannot be used on McDelivery App, SOK or any third party app where McDonald's' products is listed).\r\n7.\tTo check your balance, please send an SMS to 9975933517 as follows: BAL < space > 16-Digit Card Number E.g. BAL 1234123412341234 or visit https://www.woohoo.in/balenq\r\n8.\tThe card can’t be exchanged for cash or any other tender.\r\n9.\tOnce the card has been purchased it is considered sold and cannot be cancelled, refunded ,exchanged or refilled.\r\n10.\tNo refund will be made for any lost card and no revalidation is allowed for expired gift card balance.\r\n11.\tMaximum one card can be used per order.\r\n12.\tMcDonald's at it’s own discretion may withdraw issuance/redemption of the card, without any prior notice in this regard.\r\n13.\tMcDonald's maximum liability for any reason whatsoever shall not exceed the purchase value of the voucher.\r\n14.\tRemaining balance in case if the order value is more than card value can be paid only through cash (No other mode of payment is acceptable)\r\n15.\tFor any further enquires, email at myfeedback@mcdonaldsindia.com\r\n16.\tThe usage of the Card is subject to force majeure conditions including acts of God, strikes, war, riots, change of law, lockdowns, statutory prohibitions/ restrictions and on occurrence of any force majeure event. In such cases at the sole discretion of McDonald's the validity period of the Card maybe extended.\r\n17.\tIn case of any dispute or difference with respect to the promotion/offer, the decision of McDonald's shall be final and binding on all concerned.\r\n18.\tAll disputes arising here from are subject to the exclusive jurisdiction of the courts at Mumbai.\r\n19.\tE-Gift Cards are normally delivered instantly. But sometimes due to system issues, the delivery can be delayed up-to 24 - 48 hours.\r\n20.\tNo returns and no refunds on gift cards, e-gift cards and gift vouchers shipped by woohoo.in. Please check the refund policy at http://www.woohoo.in/faq for further details.""}","{""raw"":""https://giftbig.s3.amazonaws.com/microsite/product/EGCGBMCDSC001/d/thumbnail/3288_microsite.jpg""}","2025-11-27T14:38:48.620826+00:00",,"2025-11-27T14:38:48.620826+00:00","2025-11-27T20:13:42.321773+00:00",,"ad8a9a7e-38c0-46f6-8ccd-b5a53ca270b3","{}","[{""image"":null,""title"":""Use outlet locator to locate the nearest store around you that accepts this E-Gift Card""},{""image"":null,""title"":""Choose your desired option from their collection.""},{""image"":null,""title"":""At the checkout, use your E-Gift Card to redeem it.""}]","450","450","2025-11-27T14:38:47.491+00:00","Both","Multiple","mcdonald, card, restaurants","365"
"bcdb2ea0-8c0c-4b3e-aa70-faceac97711e","EGCGBMC001","MOTHER CARE-Luxe E-Gift Card","Fashion & Lifestyle","12.5","1000-10000","Variable","0","1","With one ‘Luxe gift card’, shop across 30+ fashion & lifestyle brands. Use this gift card across 380+ stores in India. The curated selection of brands are Armani Exchange, Bally, Bottega Veneta, Brooks Brother, Canali, Coach, Diesel, Dune London, EA7, Emporio Armani, G-Star Raw, GAS, Giorgio Armani, Hamleys, Hugo Boss, Hunkemöller, Jimmy Choo, Kate Spade, Michael Kors, Mothercare, Paul&Shark, Paul Smith, Replay, Salvatore Ferragamo, Satya Paul, Scotch & Soda, Steve Madden, Superdry, The White Crow, Tory Burch, Tumi, Villeroy&Boch & West Elm","{""text"":""1.\tThese Terms & Conditions are for the electronic version of the Luxe Gift Card.\r\n2.\tLuxe Gift Card is issued is valid for 12 months from the date of purchase.\r\n3.\tLuxe Gift Card is redeemable at more than 30 participatory brands across India.\r\n4.\tFor locations, visit - https://luxegiftcard.com/pages/store-locator\r\n5.\tLuxe Gift Card is not redeemable at airport stores.\r\n6.\tLuxe Gift Card can be redeemed only once until expiry.\r\n7.\tIn case the value of the merchandise exceeds the value of the gift card, the difference shall be paid by the bearer. No refunds/credit note shall be issued for unused part of the Luxe Gift Card.\r\n8.\tProtect the Luxe Gift Card to avoid misuse. RBL or Pine Labs Private Limited shall not assume any liability in case the PIN gets stolen / compromised, RBL shall neither replace the Luxe Gift Card nor refund in any form.\r\n9.\tMultiple Luxe Gift Cards can be used in a single transaction.\r\n10.\tOnce issued, Luxe Gift Card cannot be cancelled or blocked.\r\n11.\tLuxe Gift Card can be redeemed only against full priced merchandise.\r\n12.\tTo activate this gift card, SMS ACT<16-Digit Card Number><6-Digit Card Pin> to 9704200300\r\n13.\tThe registration can also happen through logging in to the SSA portal http://bitly.ws/xUvy\r\n14.\tFor balance enquiry & validity, please SMS <16-Digit Card Number> to 9704200300 or visit any merchant location.\r\n15.\tFor complete T&Cs, participating brands and store locations visit luxegiftcard.com\r\n16.\tFor bulk enquiries or assistance, contact us at info@luxegiftcard.com\r\n17.\tE-Gift Cards are normally delivered instantly. But sometimes due to system issues, the delivery can be delayed up-to 48-72 hours.\r\n18.\tNo returns and no refunds on gift cards, E- gift cards and gift vouchers shipped by woohoo.in. Please check the refund\r\n19.\tpolicy at http://www.woohoo.in/faq for further details.""}","{""raw"":""https://giftbig.s3.amazonaws.com/microsite/product/EGCGBMC001/d/thumbnail/3122_microsite.jpg""}","2025-11-27T14:38:48.620826+00:00",,"2025-11-27T14:38:48.620826+00:00","2025-11-27T20:13:42.408507+00:00",,"4ead20e7-9a15-4b5f-bdb4-3ebafe4daf71","{}","[{""image"":null,""title"":""Redeem your eGift Card at a participating brand of your choice by providing the e-voucher number and voucher PIN""},{""image"":null,""title"":""To activate this gift card, SMS ACT< space ><16-Digit Card Number>< space >< CardPin > to 9704200300""}]","1000","10000","2025-11-27T14:38:47.491+00:00","Both","Multiple","gift, card, one","360"
"09c58804-ac90-4506-845c-16ed1d69913a","EGVGBBHJ002","Bhima Jewellers - Coin E-Gift Card","Jewellery","0.75","500-100000","Variable","0","1","Bhima, a legacy established in the year 1925 and pioneer in precious jewellery offering an extensive range of gold, platinum, silver, and diamond jewellery in classic, traditional and contemporary designs. Having over 40 stores across South India and U.A.E. Bhima lives up to its reputation of purity, trust, and fine craftsmanship that has been built over 9 decades. Bhima is committed to providing an exceptional buying experience and an immense range of jewellery to meet your needs for every occasion.","{""text"":""1.\t\""The e-Gift card gets activated immediately on purchase and is valid for use for 330 days from the date of activation.\r\n2.\tThis e-Gift card is valid on the purchase of Gold, Silver and Platinum jewellery only. In case, during a transaction, the bill amount is more than the e-Gift card value, the balance amount will have to paid by the customer.\r\n3.\tThis e-Gift card can be redeemed at select Bhima Jewellers stores in India. For List of stores visit- https://www.bhimagold.com/stores\r\n4.\tThis e-Gift card is allowed for one-time redemption only.\r\n5.\tIf the value of the purchase is less than the value of the e-Gift card, the balance amount is non-refundable.\r\n6.\tStolen or lost e-Gift cards will neither be replaced nor will the balance amount be refunded.\r\n7.\tThe e-Gift card cannot be redeemed for cash.\r\n8.\tBhima is not responsible if the e-Gift Card is lost, stolen, destroyed, or used without permission.\r\n9.\tThese terms & conditions are subject to change at any time, without any prior notice.\r\n10.\tE-Gift Cards are normally delivered instantly. But sometimes due to system issues, the delivery can be delayed up-to 48-72 hours.\""""}","{""raw"":""https://at.valuedesign.co.in/media/""}","2025-11-27T14:38:48.620826+00:00",,"2025-11-27T14:38:48.620826+00:00","2025-11-27T20:13:42.580445+00:00",,"be43af8c-2f42-47e3-b5a4-726427f2308f","{}","[{""image"":null,""title"":""Walk in-to select/participating outlets of Bhima Jewellers store.""},{""image"":null,""title"":""Select the applicable product, based on the Gift card type (refer terms & conditions).""},{""image"":null,""title"":""At the Billing Counter, inform the cashier about the choice of making payment using Gift Cards.""},{""image"":null,""title"":""Cashier selects Gift Card as payment mode, submits Gift Card & PIN details in the system and completes the billing process.""},{""image"":null,""title"":""For online website, apply Gift card and PIN as a payment mode before billing and checkout.""}]","500","100000","2025-11-27T14:38:47.491+00:00","Both","Multiple","gift, card, jewellery","330"
"e052c4a3-ba49-49be-a535-0b144781c67b","EGCGBFINS001","Finusmart E-Gift Card","Wellness & Beauty","14.5","100-1000","Variable","0","1","""Finusmart is a wellness tech company providing customized wellness & healthcare benefits to all its members across all walks of life. As a FinuSmart member you are eligible for a wide range of exclusive, unique and affordable pocket-sized health insurance benefit schemes.","{""text"":""1.\tFinusmart Gift Voucher is redeemable only in India and exclusively Finusmart website\r\n2.\tFinusmart EGift Voucher cannot be clubbed with any offer & promotion\r\n3.\tPartial redemption of this Gift Voucher is not allowed; No cash refund, in part or full, will be provided against this Gift Voucher\r\n4.\tIf the invoice value is greater than the GC value, customers can pay the balance amount through Cash, UPI or Debit / credit card as the case may be.\r\n5.\tFinusmart Gift Voucher cannot be exchanged, revalidated, reissued, replaced\r\n6.\tFinusmart Gift Voucher is valid for 1 year from the date of issue and cannot be extended or replaced post expiry\r\n7.\tIn case Gift Voucher is lost, or stolen, damaged or destroyed Finusmart shall not be liable for the same\r\n8.\tFinusmart shall not be liable and responsible for any unauthorized and/or fraudulent purchase/s made using this Gift Voucher. The holder of this Gift Voucher shall be solely responsible for the safe custody of the Gift Voucher and the credentials mentioned on it and Finusmart shall not be liable for the same\r\n9.\tFinusmart reserves the right to amend the terms & conditions at its discretion without prior notice\r\n10.\tAll the dispute/s with reference to this Electronic Gift Voucher are subject to Bangalore jurisdiction\r\n11.\tIf a E-Gift Voucher gets blocked on account of technical issue, it would get enabled in 24 hours\r\n12.\tFor support regarding gift card related issues please reach (brand Email ID)\r\n13.\tE-Gift Cards are normally delivered instantly. But sometimes due to system issues, the delivery can be delayed up-to 24 - 48 hours.\r\n14.\tNo returns and no refunds on gift cards, e-gift cards and gift vouchers.\r\n15.\tHOW TO REDEEM:\r\n16.\tVisit FinuSmart at www.finusmart.com/micro-health/choose-plan to view the list of available micro-insurance plans.\r\n17.\tClick on plan details and select a plan of your choice to buy after reviewing the coverages.\r\n18.\tProvide your contact details and click next (OTP may be requested) and the members' details, post which you will be shown a membership number.\r\n19.\tProceed to the summary page to do a final review of the plan selected & details submitted.\r\n20.\tProceed to pay using the supported gift cards or any other sources supported by PayU. You will have options to add/redeem your gift card on the payment page itself.""}","{""raw"":""https://giftbig.s3.amazonaws.com/microsite/product/EGCGBFINS001/d/thumbnail/5514_microsite.jpg""}","2025-11-27T14:38:48.620826+00:00",,"2025-11-27T14:38:48.620826+00:00","2025-11-27T20:13:42.668344+00:00",,"f5575e42-86a0-4616-9408-0f096d2da35f","{}","[]","100","1000","2025-11-27T14:38:47.491+00:00","Online","Multiple","gift, card, wellness","365"
"8b4b1511-9a8b-4b5b-8811-b75bf8e0ea68","EGCGBSSLX001","Scotch & Soda-Luxe E-Gift Card","Fashion & Lifestyle","12","1000-10000","Variable","0","1","With one ‘Luxe gift card’, shop across 30+ fashion & lifestyle brands. Use this gift card across 380+ stores in India. The curated selection of brands are Armani Exchange, Bally, Bottega Veneta, Brooks Brother, Canali, Coach, Diesel, Dune London, EA7, Emporio Armani, G-Star Raw, GAS, Giorgio Armani, Hamleys, Hugo Boss, Hunkemöller, Jimmy Choo, Kate Spade, Michael Kors, Mothercare, Paul&Shark, Paul Smith, Replay, Salvatore Ferragamo, Satya Paul, Scotch & Soda, Steve Madden, Superdry, The White Crow, Tory Burch, Tumi, Villeroy&Boch & West Elm","{""text"":""1.\tThese Terms & Conditions are for the electronic version of the Luxe Gift Card.\r\n2.\tLuxe Gift Card is issued by Pine Labs Private Limited under the Brand Name of Qwikcilver and is valid for 12 months from the date of purchase.\r\n3.\tLuxe Gift Card is redeemable at more than 30 participatory brands across India.\r\n4.\tFor locations, visit - https://luxegiftcard.com/pages/store-locator\r\n5.\tLuxe Gift Card is not redeemable at airport stores.\r\n6.\tLuxe Gift Card can be redeemed only once until expiry.\r\n7.\tIn case the value of the merchandise exceeds the value of the gift card, the difference shall be paid by the bearer. No refunds/credit note shall be issued for unused part of the Luxe Gift Card.\r\n8.\tProtect the Luxe Gift Card to avoid misuse. RBL or Pine Labs Private Limited shall not assume any liability in case the PIN gets stolen / compromised, RBL shall neither replace the Luxe Gift Card nor refund in any form.\r\n9.\tMultiple Luxe Gift Cards can be used in a single transaction.\r\n10.\tOnce issued, Luxe Gift Card cannot be cancelled or blocked.\r\n11.\tLuxe Gift Card can be redeemed only against full priced merchandise.\r\n12.\tTo activate this gift card, SMS ACT<16-Digit Card Number><6-Digit Card Pin> to 9704200300\r\n13.\tFor balance enquiry & validity, please SMS <16-Digit Card Number> to 9704200300 or visit any merchant location.\r\n14.\tFor complete T&Cs, participating brands and store locations visit luxegiftcard.com\r\n15.\tFor bulk enquiries or assistance, contact us at info@luxegiftcard.com\r\n16.\tBy purchasing this gift voucher, you consent to sharing your PII ( Name, Email ID, Telephone Number if available ) with the issuer ( PineLabs ), as per the guidelines of PPI""}","{""raw"":""https://giftbig.s3.amazonaws.com/microsite/product/EGCGBSSLX001/d/thumbnail/5802_microsite.jpg""}","2025-11-27T14:38:48.620826+00:00",,"2025-11-27T14:38:48.620826+00:00","2025-11-27T20:13:42.75489+00:00",,"4ead20e7-9a15-4b5f-bdb4-3ebafe4daf71","{}","[{""image"":null,""title"":""Redeem your eGift Card at a participating brand of your choice by providing the e-voucher number and voucher PIN.""},{""image"":null,""title"":""To activate this gift card, SMS ACT< space ><16-Digit Card Number>< space >< CardPin > to 9704200300""}]","1000","10000","2025-11-27T14:38:47.492+00:00","Both","Multiple","gift, card, one","360"
"1a8168dd-7b41-48ef-9586-e03d9c208c0d","EGCGBAB001","Absolute Barbecues E-Gift Card","Food & Beverages","7.5","100-10000","Variable","0","1","A unique 'do-it-yourself' dining experience where diners grill on the Table, their choice of Meat, Seafood and Vegetables starters served on skewers to their preference. A central live grill \""Wish Grill\"" dishing out exotic varieties of veggies and game birds take the experience of dining to a whole new level","{""text"":""1. This is an Absolute Barbecues(AB's) Insta Gift Voucher (GV) / Gift Card (GC) and would be accepted at AB's outlets in India.\r\n2. The person who has the AB's GV / GC Code is deemed to be the beneficiary.\r\n3. Do inform the outlet reception that you plan to use the GV / GC for making payments before billing.\r\n4. The validity period is 365 days from the date of its issuance or depends on the condition of the purchase.\r\n5. A maximum of 5 GV / GC can be used in one bill.\r\n6. This is a ONE time use GV / GC. Electronic Gift Vouchers can't be replaced or duplicated, if lost or stolen.\r\n7. No Credit note / Refund for the unused amount of the GV / GC will be given.\r\n8. AB's GV / GC CANNOT be revalidated once expired.\r\n9. This E-Voucher cannot be exchanged for cash.\r\n10. AB's GV / GC cannot be redeemed on specific block out dates. AB's may add or delete any date on its sole discretion.\r\n11. Any dispute related to the GV / GC should be referred to the issuing company and the decision of the issuing company shall be final.\r\n12. AB's makes full efforts to accept Insta Gift Vouchers (GV) / Gift Card (GC), but on account of any technical / administrative reasons an outlet may refuse to accept the same.\r\n13. If an Insta Gift Voucher (GV) / Gift Card (GC) gets blocked on account of technical issue, it would get enabled in 72 hours.\r\n14. Please contact outlet manager for any acceptance issue and if issue is still not resolved, you can write to wecare@absolute-barbecue.com\r\n15. All disputes shall be subject to the exclusive jurisdiction of competent courts of Hyderabad, India.\r\n16. Absolute Barbecues reserves the right to change the 'Terms & Conditions' at any time without prior information""}","{""raw"":""https://giftbig.s3.amazonaws.com/microsite/product/EGCGBAB001/d/thumbnail/6609_microsite.jpg""}","2025-11-27T14:38:48.620826+00:00",,"2025-11-27T14:38:48.620826+00:00","2025-11-27T20:13:42.840834+00:00",,"ad8a9a7e-38c0-46f6-8ccd-b5a53ca270b3","{}","[{""image"":null,""title"":""Visit https://www.absolutebarbecues.com/activate-card to activate the Gift Card. There is no limit on number of cards that can be added""},{""image"":null,""title"":""Redeem the Gift Voucher balance using the registered mobile number with OTP verification in AB's outlets""}]","100","10000","2025-11-27T14:38:47.492+00:00","Both","Multiple","gift, card, experience","365"
"0eb100bb-d4a6-4eb1-9362-34b42c23c5fc","EGCGBLPE001","Louis Philippe E-Gift Card","Fashion & Lifestyle","3.75","500-10000","Variable","0","1","Louis Philippe is a purveyor of fine fashion for the discerning gentleman. The brand stands for precision in craftsmanship that translates into apparel that are classic and contemporary, and perfect for the quintessential man. Louis Philippe, one of the renowned brands from the Aditya Birla Group, has always taken a human-centered approach by understanding the lifestyle requirements of the modern man and evolving new innovations to address them. The ongoing pandemic outbreak resulted in a forced and unforeseen shift in the lifestyle choices of people all over. The smart and expeditious nature of the brand paved the way for Louis Philippe to address them quickly and effectively – and, as always, with the great taste.The elegance, quality, and craftsmanship of Louis Philippe has created a new standard of luxury since its founding. While the brand continues to grow, the qualities that define it are unchanging: outstanding craftsmanship, innovative design, contemporary functionality, making it the finest choice for gifting. With a wide choice of unparalleled luxury clothing, the Louis Philippe Gift Card is an excellent gift, for your friends and family, for any occasion.","{""text"":""1.\tThis E gift card is valid for 1 year from the date issue\r\n2.\tThis E-gift card can be redeemed across all exclusive Louis Philippe stores\r\n3.\tE-GC cannot be redeemed partially\r\n4.\tE-GC can be redeemed only once\r\n5.\tIf the value of the invoice is greater than the gift card value, the customer can pay the balance amount through cash, credit card or debit card.\r\n6.\tPlease present the print out of this E-gift card at the time of billing\r\n7.\tThis E-gift card cannot be exchanged for Cash/Gift Cards/Credit Notes\r\n8.\tThis E-gift card, once purchased, cannot be returned or refunded\r\n9.\tThis card cannot be redeemed online""}","{""raw"":""https://at.valuedesign.co.in/media/""}","2025-11-27T14:38:48.620826+00:00",,"2025-11-27T14:38:48.620826+00:00","2025-11-27T20:13:43.012892+00:00",,"4ead20e7-9a15-4b5f-bdb4-3ebafe4daf71","{}","[{""image"":null,""title"":""OFFLINE REDEMPTION-""},{""image"":null,""title"":""Step 1: Customer visit Louis Philippe Store""},{""image"":null,""title"":""Step 2: Customer completes shopping and proceeds to billing""},{""image"":null,""title"":""Step 3: Customer presents e-gift card code (card no and Pin) to Cashier""},{""image"":null,""title"":""Step 4: Cashier punches in bill""}]","500","10000","2025-11-27T14:38:47.492+00:00","Online","Multiple","gift, card, fashion","365"
"0015f589-6437-4fdb-b752-99fe57a40046","DiscoveryPlusYXOUC80ZFTAV4Uzn","Discovery Plus","Entertainment","20.5","399","Fixed","0","1","Discovery Plus is a popular OTT platform that offers a vast selection of content from Discovery's portfolio of networks, including Discovery Channel, HGTV, Food Network, TLC, Animal Planet, and more. With a subscription, users can access a variety of original and exclusive shows, documentaries, and specials across various genres. It is accessible on multiple devices. You can avail Discovery Plus subscription at discounted rates with GyFTR Gift Cards.?","{""text"":""1.This is a Discovery+ Gift Voucher would be accepted only at www.discoveryplus.in or Discovery+ App <br/>2.The person who has the Discovery+ GV Code is deemed to be the beneficiary, you must be 18+ and resident in India. <br/>3.This Gift Voucher cannot be activated on iOS. Redeem the voucher on android or website and then login from the same ID on iOS to enjoy streamin on iOS app. <br/>4. This e-voucher can be applied for a free, one-year subscription to Discovery Plus App Premium offerings. <br/>5.Valid for a one-year subscription for new subscribers only. If you are an existing subscriber of discovery+, you would not be able to apply this e-voucher to your current subscription. <br/>6.This offer is non-refundable and cannot be redeemed for cash or credit, or exchanged for any other product. <br/>7.The validity of e-Vouchers cannot be extended and new e-Vouchers cannot be provided against the expired/unused e-Vouchers. <br/>8.The e-voucher is available only for one time use and cannot be clubbed with other offers. <br/>9.All e-Vouchers will carry an expiry date and have to be used within the specified expiry date. <br/>10.Gift card is not replaceable if lost or stolen. <br/>11.The above conditions are in addition to the Discovery+ Terms and Conditions available at https://www.discoveryplus.in/terms-of-use <br/>12.Any dispute related to the GV should be referred to the issuing company and the decision of the issuing company shall be final. <br/>13.For any queries / issues related to GV / GC, raise a request at www.gvhelpdesk.com""}","{""raw"":""https://at.valuedesign.co.in/media/uploads/products/DiscoveryPlus.png""}","2025-11-27T14:38:48.620826+00:00",,"2025-11-27T14:38:48.620826+00:00","2025-11-27T20:13:43.099903+00:00",,"502892c1-e901-4c40-8b77-8fdbf8b41a62","{""0"":""You CANNOT activate the Gift Voucher on iOS App."",""1"":""Gift Voucher can be activated on Android app and the web."",""2"":""You CAN stream on the iOS app, once plan is activated on your ID."",""3"":""Valid for a one-year subscription for new subscribers only.""}","[{""image"":""https://at.valuedesign.co.in/media/uploads/products/DiscoveryPlus/1.png"",""title"":""Visit https://www.discoveryplus.in/ and click on Buy Plan to redeem your voucher ""},{""image"":""https://at.valuedesign.co.in/media/uploads/products/DiscoveryPlus/2.png"",""title"":""Click on Apply voucher.""},{""image"":null,""title"":""Enter the voucher code to redeem your voucher.""}]","0","0","2025-11-27T14:38:47.492+00:00","Online","1","discovery, offers, subscription","365"
"0eb3e050-8e67-4a47-9cd4-85c64abcf38f","DocuBayxlMe0MuVPJHTaIYG","DocuBay","Entertainment","43","199,499,999","Fixed","0","1","DocuBay is an online membership platform with a plethora of documentaries. Stream engaging and insightful videos that cover different areas of life. From the controversial life of historical figures to a closer look at science and technology, there?s a lot to explore on this platform. Buy and redeem your DocuBay gift vouchers when you plan to subscribe to this portal.","{""text"":""1.This is a Docubay Insta Gift Voucher (GV) / Gift Card (GC) and would be accepted on https://www.docubay.com/.  <br/>2.The person who has the Docubay GV / GC Code is deemed to be the beneficiary.  <br/>3.Docubay is not responsible if the Gift card is lost, stolen or used without permission. <br/>4.Single GV / GC can be used in one bill/transaction. <br/>5.This is a ONE time use GV / GC with an expiration date. <br/>6.No credit note / refund for the unused balance amount of the GV / GC will be given.  <br/>7.Any such unused balance amount shall stand lapsed automatically.  <br/>8.Docubay GV / GC CANNOT be revalidated once expired or cancelled under any situations. <br/>9.Docubay GV / GC cannot be clubbed with any one of the existing offer on its website. <br/>10.Docubay GV / GC cannot be redeemed on specific block out dates as may be intimated / updated by Docubay on its website from time to time. Docubay may add or delete any date(s)/period(s) on its sole discretion without any liability. <br/>11.Any dispute related to the GV / GC should be referred to the issuing company and the decision of the issuing company shall be final. In case of any legal disputes, the courts at Mumbai shall have the exclusive jurisdiction.  <br/>12.Docubay shall on best effort basis attempt to accept Insta Gift Vouchers (GV) / Gift Card (GC), but on account of any technical reason or for any reason beyond control of Docubay, GV / GC may not get accepted on the website and Docubay shall have no liability for the same. <br/>13.If an Insta Gift Voucher (GV) /Gift Card (GC) gets blocked on account of technical issue, it would get enabled in 72 hours. In case of transaction failures after Insta Gift Voucher (GV) / Gift Card (GC) is applied, amount would be automatically refunded to the same cards within 48 hours <br/>14.For any queries / issues related to GV / GC, you can write in to help@gyftr.com or call 1800 1033 314. <br/>15.Docubay reserves the rights to edit/change the terms and conditions for the Insta Gift Voucher (GV) / Gift Card (GC) at any time without any notice or liability. <br/>16.Docubay has the final authority on the interpretation of these rules. <br/>17.Docubay reserves the right to withdraw Insta Gift Voucher (GV) / Gift Card (GC) scheme/offer before the completion of validity period without any notice or liability at its sole discretion. <br/>18.Docubay reserves the right to deny accepting any Insta Gift Voucher (GV) / Gift Card (GC), if it suspects that there is duplicity of cards. <br/>19.In no event the liability of Docubay for any claims shall exceed the value of the Insta Gift Voucher (GV) / Gift Card (GC) in dispute.""}","{""raw"":""https://at.valuedesign.co.in/media/uploads/products/DocuBay.jpeg""}","2025-11-27T14:38:48.620826+00:00",,"2025-11-27T14:38:48.620826+00:00","2025-11-27T20:13:43.192507+00:00",,"502892c1-e901-4c40-8b77-8fdbf8b41a62","{""0"":""Click on the link https://www.docubay.com/subscription OR Download - Android app. iOS users need to sign up on the website. "",""1"":""Visit Membership page "",""2"":""Enter the Promo Code &amp; click on 'Apply' "",""3"":""Enter Details (Sign Up) - enter email ID and password "",""4"":""Select Membership Plan and Payment Option "",""5"":""Redirection to the Payment Gateway page, the user can complete the transaction""}","[{""image"":""NO Information."",""title"":""NO Information.""}]","0","0","2025-11-27T14:38:47.493+00:00","Online","Multiple","videos, gift","365"
"087d19f2-aa9e-4373-b36a-80c9744e534c","BarbequeNationcw586f31ZC3RBrWj","Barbeque Nation","Food & Beverages","7","250,500,750,1000,1500","Fixed","0","1","Barbeque Nation was founded in 2006 and currently own and operate 150 outlets in India, 5 outlets in UAE, 1 outlet in Malaysia and 1 outlet in Oman. One of the leading casual dining chains in India, Barbeque Nation pioneered the concept of ?over the table barbeque? live grills embedded in dining tables ? allowing guests to grill their own barbecue?s right at their tables. Get your BBQ Gift Vouchers on discount and enjoy huge savings.","{""text"":""1.This Voucher has been issued by Barbeque Nation. <br/>2.The guest should present the voucher to the restaurant concierge, at the time of entry, for a seamless experience. <br/>3.This voucher does not imply confirmation of booking. Prior booking through Barbeque Nation App/Web is required for a hassle free experience. <br/>4.The voucher is applicable for Dine-in only. <br/>5.The guest is advised to retain the voucher details safely and share the Voucher code responsibly. The bearer of the voucher shall be considered as the owner of the voucher. <br/>6.The Voucher is valid for one-time redemption only. Any voucher which is found redeemed will not be accepted. <br/>7.If the bill exceeds the voucher value, the additional amount needs to be paid by the guest. <br/>8.Guest will not be entitled for any cashback/refund in case the bill value is less than the voucher value. <br/>9.Voucher is valid in all PAN India restaurants. For the list of restaurants please visit https://www.barbequenation.com/restaurants <br/>10.Barbeque Nation Management reserves the right to identify the authenticity of the voucher in case of any dispute. <br/>11.The restaurant reserves Right to Admission. <br/>12.Government Taxes and Services Charge as applicable. <br/>13.In case a restaurant is non-operational due to government restrictions, political unrest, structural safety precautions etc. the guest is requested to make alternate bookings. <br/>14.Voucher is non-refundable. <br/>15.Voucher will not be valid on 26th January 23, 15th August 23, 20th to 24th October 23, 25th December 23, 31st December 23 and 1st January 24. <br/>16.For any queries / issues related to GV, raise a request at www.gvhelpdesk.com""}","{""raw"":""https://at.valuedesign.co.in/media/uploads/products/BarbequeNation.jpeg""}","2025-11-27T14:38:48.620826+00:00",,"2025-11-27T14:38:48.620826+00:00","2025-11-27T20:13:43.279651+00:00",,"ad8a9a7e-38c0-46f6-8ccd-b5a53ca270b3","{""0"":""Gift Vouchers CANNOT be used Online."",""1"":""Multiple Gift Vouchers CAN be used in one bill."",""2"":""Gift Vouchers are ACCEPTED at all Listed Outlets except Kolhapur."",""3"":""Gift voucher cannot be partially redeemed.""}","[{""image"":""https://at.valuedesign.co.in/media/uploads/products/BarbequeNation/1.jpeg"",""title"":""Visit Barbeque Nation listed outlet. Inform the cashier about the Gift Voucher before ordering food.""},{""image"":""https://at.valuedesign.co.in/media/uploads/products/BarbequeNation/2.jpeg"",""title"":""Order food & enjoy your meal!""},{""image"":null,""title"":""Provide the Gift Voucher to the cashier at the time of billing & pay remaining amount by card or cash if any.""}]","0","0","2025-11-27T14:38:47.493+00:00","Offline","Multiple","india, their, gift","365"
"15224d77-5206-4822-bd1f-a8d8e6992431","SBP-DPL","DPauls","Tour & Travel","9","1000,2000,5000,10000","Fixed","0","1","Started as an air ticketing agency, DPauls has now grown and expanded into one of leading India's tour and travel companies. It offers Domestic Holiday and Honeymoon Packages that are carefully custom-curated to help discover and take a peek into the most beautiful and interesting places across India and experience them closely. DPauls also offers packages for international holiday destinations such as Thailand, Dubai, Nepal, Singapore, Malaysia, Hong Kong, and more to create everlasting memories. Besides, it is also the perfect platform to book hotels, flight tickets, buses, airport transfers, and more. Do you wish to escape to the most beautiful places filled with natural beauty in India or abroad? Do you want to create the most fascinating moments with your spouse? Or, are you planning to reward and incentivize your corporate employees to make them feel recognized and valued? Buy DPauls Gift Cards and gift the most memorable moments to yourself, your loved ones, or your employees. Gifting a Holiday Package is the best gesture to make them laugh in joy and delight and feel special and valued.

When you plan your trip use Dpaul's Tour and Travel Gift Card powered by Valuedesign. This is gonna help you save some money, as the vouchers from Valuedesign are avail","{""text"":""\""1. DPauls E-Gift Cards (\""\""Gift Cards\""\"") are issued by DPauls Travel & Tours Ltd and powered by Valuedesign.\r\n\r\n2. The Gift Card is valid only for buying DPauls Services on DPauls.com or by visiting DPauls Office located at B-40, Shivalik, Malviya Nagar, New Delhi-110017.\r\n\r\n3. Once the Card is issued, it will be valid for 11 months.\r\n\r\n4. Users are required to save the gift card number and PIN to utilize this refunded amount as we will not be able to reset the PIN or reissue a new gift card number.\r\n\r\n5. Once purchased, Gift Cards cannot be cancelled, unless expressly allowed to do so by DPauls Travel & Tours Ltd.\r\n\r\n6. This Gift Card cannot be clubbed with any other offer currently live on https://dpauls.com including cashbacks, discounts, etc. on a particular credit/debit card.\r\n\r\n7. Multiple Gift Cards cannot be clubbed in single invoice/order.\r\n\r\n8. It is the responsibility of the customer to ensure the safety of the Gift Card after purchase. DPauls Travel & Tours Ltd. is not responsible if the Gift Card is lost, stolen, or used without permission. A Gift Card once issued cannot be re-issued nor can the PIN be reset.\r\n\r\n9. The Gift Card cannot be replaced, refunded, revalidated, or exchanged for cash.\r\n\r\n10. DPauls Travel & Tours Ltd. reserves the right to deny accepting any Gift Card if it suspects that there is the duplicity of the Gift Card.\r\n\r\n11. Products and services offered by DPauls Travel & Tours Ltd. are subject to availability and terms of use of the DPauls Travel & Tours Ltd. platform.\r\n\r\n12. In no event, the liability of DPauls Travel & Tours Ltd. for any claims arising by the purchase or usage of Gift Cards shall exceed the value of the respective Gift Card.\r\n\r\n13. You shall be responsible for maintaining strict confidentiality of the Gift Card PIN/ Gift Card unique 16-digit number issued to you. DPauls Travel & Tours Ltd. shall not be responsible to provide you with new Gift Cards in the event this confidentiality obligation is breached by you. Any misuse/unauthorized disclosure of Gift Cards shall result in cancellation of the order, as applicable, without any liability of DPauls Travel & Tours Ltd.\r\n\r\n14. You agree to indemnify DPauls Travel & Tours Ltd./its affiliates, officers, and directors, from all claims brought by any third party against DPauls Travel & Tours Ltd./ its affiliates, officers, and directors, arising out of or in connection with any breach of these gift card terms and conditions.\r\n\r\n15. In addition to the terms of use available on the DPauls Travel & Tours Ltd. platform, you shall also abide by these terms and conditions specifically to be able to use the Gift Cards. In the event of any dispute in the interpretation of these terms, DPauls Travel & Tours Ltd. shall be the final authority on the interpretation of these rules.\r\n\r\n16. This is for individual use only. Distributor found using Gift Cards would lead to cancellation of the booking and no refund would be made.\r\n\r\n17. Disputes are subject to Delhi jurisdiction.\r\n\r\n18. Credit and Debit Cards issued outside India cannot be used to purchase DPauls Gift Card.\r\n\r\n19. Gift Cards cannot be redeemed for Cash or Credit.\r\n\r\n20. In the event that the beneficiary/Know Your Customer (\""\""KYC\""\"") details are found to be incorrect or insufficient as per RBI Guidelines, DPauls Travel & Tours Ltd./ Valuedesign retains the right to cancel the Gift Card issued.\r\n\r\n21. You agree and understand that Gift Cards are a pre-paid payment instrument subjected to regulations issued by the RBI under the RBI guidelines. DPauls Travel & Tours Ltd./ Valuedesign may be required to share KYC details of the purchaser/ redeemer of the Gift Card and/or any other information in relation to the purchase of the Gift Cards and/or transaction undertaken using the Gift Card with RBI or such statutory authorities. DPauls Travel & Tours Ltd./ Valuedesign may contact the purchaser/redeemer of the Gift Card for any such information.\r\n\r\n22. Gift Cards cannot be resold.\r\n\r\n23. For any customer grievances, please call us on 011 66211111/ 011 66777111.\r\n\r\n24. In case of any cancellation of orders purchased using Gift Cards within the validity period, the amount will be reversed to the Gift Card used at the time of shopping.\r\n\r\n25. In case the Gift Card validity has expired, then there will be no refund processed for the amount paid by the Gift Card.\r\n\r\ndownload-image\r\nCreative ways to Showcase your business\r\nLet your agencies bring their Android APP to life with few click. Multiple designs, Easy Customization, Online Compilation, Instant Download!\r\n\r\n\r\n\r\nAvailable on the\r\nGoogle Play\r\n\r\nAvailable on the\r\nApp Store\r\nContact us\r\nManage My\""""}","{""raw"":""https://at.valuedesign.co.in/media/uploads/products/DPauls.png""}","2025-11-27T14:38:48.620826+00:00",,"2025-11-27T14:38:48.620826+00:00","2025-11-27T20:13:43.363826+00:00",,"b44a4dcd-7a94-4a48-a266-a96134850e89","{""0"":""Multiple Gift Cards cannot be clubbed in single invoice/order."",""1"":""Partial redemptions are not allowed."",""2"":""Once the Card is issued, it will be valid for 11 months."",""3"":""For any customer grievances, please call us on 011 66211111/ 011 66777111."",""4"":""Only One Gift Voucher Can be used in one bill."",""5"":""Gift Vouchers are Accepted Online.""}","[{""image"":""https://at.valuedesign.co.in/media/uploads/products/DPauls/1.jpg"",""title"":""Go to https://dpauls.com.""},{""image"":""https://at.valuedesign.co.in/media/uploads/products/DPauls/2.jpg"",""title"":""Choose & finalize your preferred services (Flight/ Hotel/ Packages, etc) that you want to buy.""},{""image"":""https://at.valuedesign.co.in/media/uploads/products/DPauls/3.jpg"",""title"":""Choose the E-Gift Card option during the payment process and make the payment to buy the service.""}]","1000","10000","2025-11-27T14:38:47.493+00:00","Online","Multiple","india, travel, experience","330"
"d40352b3-f44d-4c63-814d-20d0d2ab2010","FashionFactory6NWkJSbSDvvCuXD0","Fashion Factory","Fashion & Lifestyle","3.5","500,1000,2000,3000,5000","Fixed","0","1","Indulge your fashion cravings with Fashion Factory, Reliance Retail's fastest-growing discount chain! Grab 20% to 70% discount on top brands across apparel, footwear, handbags, luggage, and more. Unveiling the best trends in 50 cities through 100 stores, Fashion Factory invites shoppers on a journey of affordable elegance. Gear up for style with Fashion Factory Gift Cards and Gift Vouchers from GyFTR.","{""text"":""1.This Gift Voucher is issued by Reliance Retail Limited (Reliance). <br/>2.This Gift Voucher is redeemable, and it is valid only for a minimum period of 6 months from the date of receipt. <br/>3.Gift Voucher can be redeemed at Fashion Factory outlets in India. <br/>4.Gift Voucher can t be exchanged for cash.  <br/>5.This Gift Voucher can be redeemed only once. Any unused amount will lapse. <br/>6.No extension of the Validity period nor refund of the value of Gift Voucher in case of failure to use the Gift Voucher on or before the validity period. <br/>7.Reliance shall not be responsible for loss or misuse of Gift Voucher and no duplicate or compensation in lieu of the Gift Voucher shall be given by Reliance. <br/>8.Reliance overall liability will not exceed the value of the Gift Voucher. <br/>9.Bearer of the Gift Voucher shall be deemed to have read, understood and accepted these terms and conditions. <br/>10.Bearer of the code of Gift Voucher is deemed to be the beneficiary of this Gift Voucher. Any redemption by the bearer of Gift Voucher shall be considered as a valid discharge of liabilities by Reliance. <br/>11.Reliance shall not be liable under any circumstances towards any loss or damage or expenses or cost or any third-party liability, whether directly or indirectly arising out of or in relation to use of Gift Voucher and redemption thereunder by the bearer. <br/>14.Reliance reserves its right to modify/amend the terms and conditions of the Gift Voucher at any time without prior notice and such modifications shall be binding on the user/bearer of the Gift Voucher. <br/>15.Any dispute with regard to Product liability, guarantee, warranty and quality of the Products to be purchased under redemption of the Gift Voucher shall be addressed to the respective Manufacturer/ Brand Owner and Reliance shall not be held responsible/liable for the same. The guarantee and warranty of the Products shall be transferred, as received from the respective Manufacturer/Distributor. <br/>16.In case of any issue faced by the Gift Voucher bearer, the Gift Voucher bearer can reach out to Customer service desk at the Stores or Customer Care at Toll free number 18008910001/18001027382 or Email at customerservice@ril.com. <br/>17.For any Reliance Retail GV queries / issues related to receiving of the voucher, please reach out to customer care via gvhelpdesk.com or customer care toll free number 18001033314 <br/>18.The Gift Voucher is binding for all applicable laws of India. <br/>19.All disputes are subject to the jurisdiction of courts at Mumbai only.""}","{""raw"":""https://at.valuedesign.co.in/media/uploads/products/FashionFactory.png""}","2025-11-27T14:38:48.620826+00:00",,"2025-11-27T14:38:48.620826+00:00","2025-11-27T20:13:43.454751+00:00",,"4ead20e7-9a15-4b5f-bdb4-3ebafe4daf71","{""0"":""Gift Vouchers CAN be used to buy discounted products"",""1"":""Multiple Gift Vouchers CAN be used in one bill "",""2"":""Gift Vouchers CANNOT be used online""}","[{""image"":""https://at.valuedesign.co.in/media/uploads/products/FashionFactory/1.webp"",""title"":""Visit listed outlet. You can locate the outlet on https://storelocator.ril.com/Retail.aspxstorelocator.ril.com""},{""image"":""https://at.valuedesign.co.in/media/uploads/products/FashionFactory/2.webp"",""title"":""Select your choice of product""},{""image"":null,""title"":""Share the voucher code with the cashier before billing. You can make the balance payment by any other payment tender modet""}]","0","0","2025-11-27T14:38:47.493+00:00","Both","Multiple","fashion, brands, across","180"
"e3dbdd12-75fa-448c-b2f2-2195182a42bd","EGVGBBHJ001","Bhima Jewellers - Jewellery E-Gift Card","Jewellery","2.75","500-50000","Variable","0","1","Bhima, a legacy established in the year 1925 and pioneer in precious jewellery offering an extensive range of gold, platinum, silver, and diamond jewellery in classic, traditional and contemporary designs. Having over 40 stores across South India and U.A.E. Bhima lives up to its reputation of purity, trust, and fine craftsmanship that has been built over 9 decades. Bhima is committed to providing an exceptional buying experience and an immense range of jewellery to meet your needs for every occasion.","{""text"":""1.\t\""The e-Gift card gets activated immediately on purchase and is valid for use for 330 days from the date of activation.\r\n2.\tThis e-Gift card is valid on the purchase of Gold, Silver and Platinum jewellery only. In case, during a transaction, the bill amount is more than the e-Gift card value, the balance amount will have to paid by the customer.\r\n3.\tThis e-Gift card can be redeemed at select Bhima Jewellers stores in India. For List of stores visit- https://www.bhimagold.com/stores\r\n4.\tThis e-Gift card is allowed for one-time redemption only.\r\n5.\tIf the value of the purchase is less than the value of the e-Gift card, the balance amount is non-refundable.\r\n6.\tStolen or lost e-Gift cards will neither be replaced nor will the balance amount be refunded.\r\n7.\tThe e-Gift card cannot be redeemed for cash.\r\n8.\tBhima is not responsible if the e-Gift Card is lost, stolen, destroyed, or used without permission.\r\n9.\tThese terms & conditions are subject to change at any time, without any prior notice.\r\n10.\tE-Gift Cards are normally delivered instantly. But sometimes due to system issues, the delivery can be delayed up-to 48-72 hours.\""""}","{""raw"":""https://at.valuedesign.co.in/media/""}","2025-11-27T14:38:48.620826+00:00",,"2025-11-27T14:38:48.620826+00:00","2025-11-27T20:13:43.54429+00:00",,"be43af8c-2f42-47e3-b5a4-726427f2308f","{}","[{""image"":null,""title"":""Walk in-to select/participating outlets of Bhima Jewellers store.""},{""image"":null,""title"":""Select the applicable product, based on the Gift card type (refer terms & conditions).""},{""image"":null,""title"":""At the Billing Counter, inform the cashier about the choice of making payment using Gift Cards.""},{""image"":null,""title"":""Cashier selects Gift Card as payment mode, submits Gift Card & PIN details in the system and completes the billing process.""},{""image"":null,""title"":""For online website, apply Gift card and PIN as a payment mode before billing and checkout.""}]","500","50000","2025-11-27T14:38:47.493+00:00","Both","Multiple","jewellery, gift, card","330"
"12dde23f-a28b-4ede-8020-4aa83a14fb14","EGCGBEPON003","Epic On  E-Gift Cards-6 month subscription","Entertainment","6","299-299","Variable","0","1","EPIC ON is the go-to destination for endless entertainment in the form of TV shows, short videos, eBooks, podcasts, games, music, audiobooks, contests, and LIVE channels. The streaming service offers free and premium Videos-On-Demand, exciting audio content, and popular books and games - easily accessible on mobile devices, desktop, and Smart TVs. Explore, discover, and be inspired by EPIC ON.","{""text"":""1.\tThis E-Gift Card is available only with Enfagrow products and its various combos.\r\n2.\tEPIC ON eGift cards gets you premium subscription service from ‘IN10 MEDIA NETWORK’. Users get access to unlimited premium content on EPIC ON for the specified period of the subscription on eGift card.\r\n3.\tThe subscription can be used by new or existing EPIC ON users. Those not registered on the service will need to register themselves first.\r\n4.\tTo avail the eGift card option, go to https://www.epicon.in/getSubscription and select the specific plan the gift card is for. Customer can enter the eGift card details in the eGift card section in the payments options.\r\n5.\tThis service is only available on Web, android app and iOS.\r\n6.\tFor further details, please check https://www.epicon.in/getSubscription.\r\n7.\tThe eGift card can be used only once by a user and will be valid for 12 months from the date of purchase.\r\n8.\tEvery coupon code on eGift card will be applicable for a specific pack. One code applicable for a subscription pack cannot be used for any other subscription pack.\r\n9.\tAn email with the eGift card details will be sent to customers upon purchase of the gift card.\r\n10.\tEPIC ON reserves the right to terminate, modify or extend the timelines and features of the eGift card, at any time at its absolute discretion, without assigning any reason.\r\n11.\teGift card offers are subject to promotional availability. This eGift card has no monetary value, is not transferable, is not for sale or re-sale nor redeemable for cash.\r\n12.\tEPIC ON accepts no responsibility, financial or otherwise for the misuse of the eGift card.\r\n13.\teGift cards are normally delivered instantly. But sometimes due to system issues, the delivery can be delayed up-to 24 hours.\r\n14.\tNo returns and no refunds on Gift cards, eGift cards and Gift vouchers shipped Valuedesign.\r\n15.\tFor any support or assistance regarding EPIC ON subscription, please contact EPIC ON customer care at epicon@in10media.com. The query will be addressed within 48 hours.""}","{""raw"":""https://at.valuedesign.co.in/media/""}","2025-11-27T14:38:48.620826+00:00",,"2025-11-27T14:38:48.620826+00:00","2025-11-27T20:13:43.632656+00:00",,"502892c1-e901-4c40-8b77-8fdbf8b41a62","{}","[{""image"":null,""title"":""Visit https://www.epicon.in or download the EPIC ON app""},{""image"":null,""title"":""Sign up / log in to EPIC ON app/website""},{""image"":null,""title"":""Click on subscribe now https://www.epicon.in/getSubscription.""},{""image"":null,""title"":""Enter the unique promo code in the section below and apply it. Your 1 month subscription will be automatically generated""},{""image"":null,""title"":""IOS users can redeem the code only on website""},{""image"":null,""title"":""Enjoy your EPIC ON premium 1-month subscription""}]","299","299","2025-11-27T14:38:47.493+00:00","Online","Multiple","epic, gift, cards","360"
"2e485e25-5b46-4f5e-9c8d-1f55a993b5b0","EGCGBCTH005","Cleartrip E-Gift Card-B2C","Tour & Travel","5.5","500-7500","Variable","0","1","Cleartrip e-Gift Cards make for a perfect present. Whether it’s proposing a family holiday, an employee incentive, reliving a honeymoon, or delving into adventure with friends, Cleartrip E-Gift Cards are the answer to all travel related surprises. Gift a Cleartrip e-Gift Card and add fun factor into your loved one’s life""","{""text"":""1.\tBy purchasing the e-Gift Card(s), you are agreeing to and accept these Terms & Conditions. Your use of the e-Gift Cards shall be deemed to be your understanding of, and agreement, to each of the terms and conditions set forth below.\r\n2.\tThe Gift Cards can be redeemed online against bookings of Flights as applicable on www.cleartrip.com or Cleartrip Mobile App (\\\""Platform\\\"") only. Please note that Gift Cards could be used for booking Flights only on desktop/laptop on www.cleartrip.com.\r\n3.\tGift Cards can be purchased the Platform using the following payment modes only - Credit Card, Debit Card, UPI and Net Banking.\r\n4.\tGift Cards once purchased cannot be cancelled, unless expressly allowed to do so by Cleartrip.\r\n5.\tGift Cards cannot be clubbed with any other offer including but not limited to cashbacks, discounts etc. on a particular credit/debit card.\r\n6.\tAny balance amount left on the used Gift Cards can be reused within the validity period.\r\nGift Cards are valid for a period of 12 months from the date of issuance.\r\n7.\tThe cardholder may request for revalidation of the expired Gift Card. Upon receipt of such request the Gift Card may be revalidated after due verification and maybe subject to additional terms and conditions.\r\n8.\tMaximum amount of each Gift Card cannot exceed Rs.10,000/.\r\n9.\tCleartrip is not responsible if the Gift Card is lost, stolen or used without permission. Gift Card once issued cannot be re-issued nor can the PIN be reset. It is the responsibility of the customer to ensure that the Gift Card once purchased is not lost, stolen, or used without the purchaser’s consent.\r\n10.\tThe Gift Cards cannot be replaced, refunded, or exchanged for cash.\r\n11.\tIf the order value exceeds the Gift Card amount, the balance must be paid by Credit Card, Debit Card, UPI,Net Banking or any other applicable payment mode.\r\n12.\tIf the order value is less than the amount of the Gift Card, the outstanding balance (after deduction of order value) will reflect under the same Gift Card and can be used for subsequent transactions.\r\n13.\tConvenience Fee will be applicable for all Gift Card bookings (as how it's applicable for any payment method).\r\n14.\tIn case of transaction failures after Gift Card is applied, amount would be automatically refunded to the same cards as per the terms of use of the Cleartrip platform.\r\n15.\tCleartrip reserves the right to deny accepting any Gift Card if it suspects that there is fraud or duplicity of Gift Cards.\r\n16.\tProducts and services offered by Cleartrip are subject to availability and terms of use of the Cleartrip platform.\r\n17.\tIn no event the liability of Cleartrip for any claims arising by the purchase or usage of Gift Cards shall exceed the value of the respective Gift Card.\r\n18.\tYou shall be responsible for maintaining strict confidentiality of the Gift Card pin/ Gift Card unique number issued to you. Cleartrip shall not be responsible to provide you new Gift Cards in the event this confidentiality obligation is breached by you. Any misuse/unauthorised disclosure of Gift Cards shall result in cancellation of the booking of the flight ticket/hotel, as applicable, without any liability of Cleartrip.\r\n19.\tGift Cards are for individual use only, Travel agents found using Gift Cards would lead to cancellation of booking and no refund would be made.\r\n20.\tYou can combine a maximum of 15 Gift Cards in a single booking for Hotels / Flights booking.\r\n22.\tCredit and Debit Cards issued outside India cannot be used to purchase Gift Cards\r\n23.\tGift Cards cannot be used to purchase other Gift Cards\r\n24.\tGift Cards cannot be redeemed for Cash or Credit.\r\n25.\tGift Cards cannot be reloaded or resold.\r\n26.\tAny offer on Gift Cards including offers by banks and instant cash backs could be withdrawn anytime at the sole discretion of Cleartrip.\r\n27.\tGift Cards are subject to the relevant RBI guidelines and other statutory guidelines. Cleartrip at any point of times reserves the right to request from You to provide relevant ID proof and other documents as required under law from time to time. In case You are unable to provide the same, then Gift Cards issued to you may be suspended and/or terminated. You expressly agree and acknowledge that You shall have no claims against us for the balance forfeited from Your Gift Card due to such reason.\r\n28.\tCleartrip reserves the right to cancel the Gift Card if the same have been found to be purchased with fraudulent means and/or the beneficiary/Know Your Customer (\\\""KYC\\\"") details as per RBI Guidelines are found to be incorrect/insufficient. In such cases, the funds shall be credited back to the same source from where these were received.\r\n29.\tCleartrip at its sole discretion reserves the right to change or revise the above terms and conditions. You shall be responsible to update yourself on the revised terms and conditions and Terms of Use at the time of accessing or using Gift Cards.\r\n30.\tYou agree and understand that Gift Cards are a pre-paid payment Instrument subjected to regulations by RBI Under the RBI guidelines, Cleartrip may be required to share KYC details of the purchaser/ redeemer of the Gift Card and/or any other information with relation to the purchase of the Gift Cards and/or transaction undertaken using the Gift Card with RBI or such statutory authorities. Cleartrip may contact the purchaser/redeemer of the GC for any such information.There is no fee or other charges associated with Gift Card purchase.\r\n31.\tThere is no fee or other charges associated with Gift Card purchase.\r\nDispute Resolution:\r\n33.\tAny disputes concerning Gift Cards shall be subject to jurisdiction in Bangalore and you by purchasing Gift Card agree and submit to such jurisdiction.\r\n34.\tBy purchasing this gift voucher, you consent to sharing your PII ( Name, Email ID, Telephone Number if available ) with the issuer as per the guidelines of PPI.""}","{""raw"":""https://at.valuedesign.co.in/media/""}","2025-11-27T14:38:48.620826+00:00",,"2025-11-27T14:38:48.620826+00:00","2025-11-27T20:13:43.719567+00:00",,"b44a4dcd-7a94-4a48-a266-a96134850e89","{}","[{""image"":null,""title"":""To redeem this gift card on www.cleartrip.com enter the 16 digit Gift card number and 6 digit pin before making payment""},{""image"":null,""title"":""Up to 15 gift cards can be used in a single transaction.""},{""image"":null,""title"":""Validity is available for a period of 12 months from the date of purchase.""}]","500","7500","2025-11-27T14:38:47.494+00:00","Both","Multiple","gift, card, travel","360"
"50a90876-16df-443c-93e9-94466f1a25d2","BataQFIm94RD31hzEYSC","Bata","Fashion & Lifestyle","12.5","100,250,500,750,1000,1500,2000,2500,3000,4000,5000,9999","Fixed","0","1","If you're looking for the best-in-class affordable footwear that does not compromise on style, Bata is the brand for you. They began as a small business in 1931, but have now evolved into India's largest retailer and a leading manufacturer of footwear in India. Being market leaders in the formal shoe domain, they are beginning to dominate the ladies shoe segment. GyFTR has made buying Bata shoes online effortless and economical. Bata Gift Vouchers and Gift Cards can be redeemed across all Bata s","{""text"":""1.This is a Bata Gift Voucher (GV)/e-Pay and would be accepted at the listed stores. <br/>2.The holder of the Bata GV/e-Pay is deemed to be the beneficiary. <br/>3.The GV can be converted into e-Pay, as per convenience of the holder. <br/>4.Multiple GVs can be combined and added to the e-Pay balance. <br/>5.Only valid Bata GVs/e-Pay, at the sole discretion of Bata, shall be accepted for redemption. <br/>6.The Bata e-Pay balance must be linked to the registered mobile number. <br/>7.Locate & visit the nearest outlet accepting Bata GV/e-Pay using the outlet locator. Select the desired products/services. Share the registered mobile number with the cashier, once products are scanned for invoicing by the cashier. The cashier will confirm the available GV s/e-Pay balance. Confirm the amount to be used for redemption and proceed further with the balance payment, if any. The cashier will proceed with the invoicing. <br/>8.The Bata e-Pay cannot be transferred to another e-Pay account, exchanged for cash, or any other form of currency. <br/>9.The Bata GV/e-Pay can be used for eligible purchases of products and services at Bata stores. <br/>10.Bata GV/e-Pay cannot be revalidated once it expires. <br/>11.The validity of the e-Pay shall match that of the GV from which it was converted. <br/>12.Bata, GyFTR, or its affiliates shall not be responsible if the beneficiary shares the GV number or account credentials resulting in unauthorized use of the GV/e-Pay balance. <br/>13.Bata GV/e-Pay will be accepted across all mentioned outlets at its sole discretion. The brand reserves the right to add or remove outlets from the list without prior notice. <br/>14.Bata makes full efforts to accept Bata GV/e-Pay but technical or administrative reasons may lead to an outlet refusing to accept e-Pay. <br/>15.Bata GV/e-Pay cannot be redeemed on specific block-out dates. Bata reserves the right to add or delete any date at its sole discretion. <br/>16.Bata, GyFTR, or any of its partners shall not be liable to compensate for any outlet's inability to accept GV/e-Pay. The customer would be liable to settle the bill. <br/>17.In case of a technical issue leading to the blockage of Bata GV/e-Pay, it shall be reactivated within 72 hours. <br/>18.Any dispute should be referred to the company from where the Bata GV/e-Pay has been received, and the company s decision shall be final. <br/>19.Bata or GyFTR may terminate or suspend Bata GV/e-Pay if any fraudulent or unauthorized activities are detected. <br/>20.Bata or GyFTR reserves the right to modify or update the terms and conditions of the Bata GV/e-Pay at any time. <br/>21.For any queries/issues related to Bata GV/e-Pay, please raise a request at www.gvhelpdesk.com""}","{""raw"":""https://at.valuedesign.co.in/media/uploads/products/Bata.png""}","2025-11-27T14:38:48.620826+00:00",,"2025-11-27T14:38:48.620826+00:00","2025-11-27T20:13:43.811417+00:00",,"4ead20e7-9a15-4b5f-bdb4-3ebafe4daf71","{""0"":""Gift Voucher/ e-Pay is ACCEPTED at all Listed Outlets."",""1"":""Gift Voucher/e-Pay CAN be used during the Sale."",""2"":""Multiple Gift Vouchers CAN be combined &amp; added to the e-Pay balance.""}","[{""image"":""https://at.valuedesign.co.in/media/uploads/products/Bata/1.jpeg"",""title"":""Use the outlet locator to locate the nearest outlet that accepts this Gift Voucher.""},{""image"":""https://at.valuedesign.co.in/media/uploads/products/Bata/2.jpeg"",""title"":""\tSelect your choice of product.""},{""image"":null,""title"":""\tShare your Gift Voucher with the cashier at the time of billing & pay the remaining amount by cash or card if required.""}]","0","0","2025-11-27T14:38:47.494+00:00","Both","Multiple","brand, india, online","365"
"c696a051-96bd-42f2-bfc9-b163c0a1a742","EGCGBLUH001","Lulu Hypermarket E-Gift Cards","Entertainment","1.75","50-10000","Variable","0","1","LuLu Hypermarket is the retail division of the multidimensional and multinational LuLu Group International.\r\nLULU GROUP INTERNATIONAL (LuLu Group) is a highly diversified conglomerate with successful business entities in strategic locations worldwide. Headquartered in Abu Dhabi, the capital of the United Arab Emirates, it is a world-renowned purveyor of an international business portfolio that ranges from hypermarket operations to shopping mall development, manufacturing and trading of goods, hospitality assets, and real estate. LuLu Group mainly operates in 22 countries located across the Middle East, Asia, US, and Europe","{""text"":""1.\tCustomer is deemed to have read the terms and conditions hereunder along with the privacy policy and agrees to comply with the same.\r\n2.\tE-Gift Card will be accepted in Lulu Hypermarket, Lulu Fashion Store, Lulu Connect, Lulu Celebrate, Lulu Xpress, Lulu Daily and Lulu Webstore (Online) across India. (Henceforth “Lulu”)\r\n3.\tE-gift Card is valid only for one year from the date of activation and shall cease to be valid from the date of expiry.\r\n4.\tE-Gift Card cannot be exchanged for cash. No cash refund in part/full will be provided.\r\n5.\tLulu will not be responsible for any loss/misuse of E-Gift Card, Password/PIN and no demand for reissue/ compensation for the loss will be entertained.\r\n6.\tOnce the E-Gift Card is issued/redeemed, request for cancellation will not be entertained.\r\n7.\tShould the purchase value exceed the value of the e-Gift Card, the differential value should be paid by the customer who redeems the e-Gift Card.\r\n8.\tAll taxes, duties, levies or other statutory dues and charges payable in connection with the benefits accruing for the E-Gift Card, shall be borne solely by the Customer.\r\n9.\tE-Gift Cards are valid for one time redemption only. Any balance amount in the E-Gift Card after the card is redeemed will be forfeited. No further Claim for the balance amount in the E-Gift Card will be entertained.\r\n10.\tMultiple E-Gift Cards can be used for Single purchase.\r\n11.\tThe holder of the E- Gift card is deemed to be the beneficiary.\r\n12.\tLulu reserves unconditional right to cancel the E-Gift Card in the event the Customer breaches these terms of use of the E-Gift Card, and the terms and conditions of Lulu.\r\n13.\tLulu reserves the right to alter any/all the terms and conditions of this E-Gift Card at any time without prior notice. Any dispute/Grievance shall be addressed to Lulu International Shopping Malls Private Limited, 34/1000, NH-47, Edappally, Kochi, Kerala-682024, Email Id: customercareindia@luluhypermarket.in, Grievance officer: Mr. Mohammed Salih Ph: 0484 6676666. Website: www.luluhypermarket.in.\r\n14.\tE-Gift Cards are normally delivered instantly. Due to system errors, the delivery can be delayed up-to 24 - 48 hours.\r\n15.\tData Privacy Consent: The Customer hereby explicitly and unambiguously consents to the collection, use and transfer, in electronic or other form, of the Customer’s personal data, Phone Number, Email Id and any other materials as applicable by Lulu, its Subsidiaries or Affiliates, for the exclusive purpose of implementing, administering and managing E-Gift card transaction and other sales promotion and marketing.\r\n16.\tThe Customer hereby agrees to indemnify and keep Lulu harmless against all damages, liabilities, costs, expenses, claims, suits and proceedings that may be suffered by Lulu as a consequence of (i) violation of the terms and conditions by the Customer; (ii) violation of applicable laws; (iii) any action or inaction resulting in wilful misconduct or negligence on the Customer’s part.\r\n17.\tGoverning Law and Jurisdiction: These terms and conditions are governed by and construed in accordance with the laws of India and Courts of Ernakulam shall have exclusive jurisdiction""}","{""raw"":""https://at.valuedesign.co.in/media/""}","2025-11-27T14:38:48.620826+00:00",,"2025-11-27T14:38:48.620826+00:00","2025-11-27T20:13:43.898726+00:00",,"502892c1-e901-4c40-8b77-8fdbf8b41a62","{}","[{""image"":null,""title"":""Purchase merchandise from Lulu Hypermarket India Stores""},{""image"":null,""title"":""Inform the cashier that payment will be done fully/partially with Gift card""},{""image"":null,""title"":""Provide Card Number and Card Pin to the cashier to redeem the card""},{""image"":null,""title"":""Cashier validates the details and processes the transaction""}]","50","10000","2025-11-27T14:38:47.494+00:00","Both","Multiple","lulu, gift, cards","365"
"4c1cb496-d9f6-46f9-a79f-442eaf2ce63d","EGCGBRS001","Rangoli Sarees E-Gift Card","Fashion & Lifestyle","6","500-10000","Variable","0","1","Rangoli, over the years have become a name synonymous with redefined tradition and contemporary high fashion. Rangoli has mastered the art of textile intricacies, impeccable tailoring, and the sheer brilliance of draping a lady. The journey started in the year 1990 with nurturing excellence in a wide range of sarees from Benarasi, Silk, Gadwal to Kota, Khadi, embroidery etc. Salwar suits, gowns, indo westerns and tunics of various colours and ranges grace our collections also. Rangoli also has an ardent affair with colours, hence, the christening. Rangoli currently is present in 5 cities, and has 7 stores in Kolkata, Hyderabad, Chennai, Bangalore, and Vijayawada. None of our stores are franchised and all are owned, managed, and serviced by the Rangoli Group.","{""text"":""1.\tThe gift card is not a legal tender or replacement of credit / debit card\r\n2.\tThis card cannot be exchanged for cash or cheque\r\n3.\tThe holder of this card is deemed to be the beneficiary\r\n4.\tThis Gift card is valid for 12 months from the date of issue and cannot be revalidated\r\n5.\tThis Gift card can be redeemed only at Rangoli Outlets\r\n6.\tThis Gift card can be redeemed multiple times till balance gets exhausted or card gets expired. Two or more cards can be clubbed for single purchase\r\n7.\tIf the value of purchase bill is less than the value of gift card the balance is non-refundable\r\n8.\tGift card bought once cannot be returned/refunded\r\n9.\tRangoli reserves the right to alter or suspend any gift card presented against a purchase, if they deem, at their sole discretion, provided that the code has been forged, defaced, or otherwise tempered\r\n10.\tIn case of return or refund, amount will be credited to customer’s gift card\r\n11.\tRangoli reserve the right to discontinue the gift card as product without any prior notice.\r\n12.\tAny dispute should be referred to Kolkata jurisdiction and the decision of the company shall be final.""}","{""raw"":""https://at.valuedesign.co.in/media/""}","2025-11-27T14:38:48.620826+00:00",,"2025-11-27T14:38:48.620826+00:00","2025-11-27T20:13:43.986829+00:00",,"4ead20e7-9a15-4b5f-bdb4-3ebafe4daf71","{}","[{""image"":null,""title"":""Customer must go to any of the Rangoli saree offline Retail Outlet - Please refer this link Rangoli Stores""},{""image"":null,""title"":""Inform store manager on intent of using Rangoli Saree Gift Card as payment mode""},{""image"":null,""title"":""Once invoice is raised – Customer must be ready with card details – Card Number & Pin""},{""image"":null,""title"":""Cashier select Gift Card Menu in device – Select – Balance Enquiry – Inputs 16 Digit Card Number – System will validate the card details and display balance (merchant can also take print of charge slip)""},{""image"":null,""title"":""Cashier must seek customers confirmation on amount to be redeemed – Selects Gift Card in menu bar – selects redeem option – Input 16 Digit Card number with PIN and amount to be redeemed – system will validate and redeem""},{""image"":null,""title"":""On successful redemption – merchant must reduce redeemed amount from total invoice value - Customer must pay balance amount (if any) using another payment mode (Cash or Credit card) and settle invoice""},{""image"":null,""title"":""Transaction gets completed on successful invoice settlement""}]","500","10000","2025-11-27T14:38:47.494+00:00","Both","Multiple","gift, card, fashion","360"
"3e22875f-c873-4e57-a9d0-71aa47a55c71","EllevenmGhUdwGYB7ngaeAj","Elleven","Fashion & Lifestyle","10","500,1000,2000,5000","Fixed","0","1","Save more with Elleven Gift Vouchers and Gift Cards. Why Elleven? Elle is a French pronoun meaning ?she?. The brand will not just offer basics but also have latest fashion trends. The idea of mix and match is something consumers always looked for. Elleven will fill the gap between top-wear and everything that?s needed to complement the Top-wear.","{""text"":""1. This is an Elleven Insta Gift Voucher (GV) or Gift Card (GC) and would be accepted at all Elleven listed outlets. <br/>2.The person who has the Elleven GV is deemed to be the beneficiary. <br/>3. Do inform the cashier that you plan to use the GV for making payments before billing. <br/>4. Only the listed Elleven outlets at its sole discretion accept the GV. Elleven may add or remove an outlet without giving any prior notice. <br/>5. More than one GV can be used in one bill. <br/>6. This is a ONE time use GV. <br/>7. No Credit note or Refund for the unused amount of the GV will be given. <br/>8. Elleven GV CANNOT be revalidated once expired. <br/>9. Elleven GV can be used during end of season sale. <br/>10. Elleven GV cannot be redeemed on specific block out dates. Elleven may add or delete any date on its sole discretion. <br/>11. Any dispute related to the Insta Gift Voucher (GV) should be referred to the issuing company and the decision of the issuing company shall be final. <br/>12. Elleven makes full efforts to accept Insta Gift Voucher (GV) but on account of any technical or administrative reasons an outlet may refuse to accept the same. <br/>13. If an Insta Gift Voucher (GV) gets blocked on account of technical issue, it would get enabled in 72 hours. <br/>14. For any queries or issues related to GV or GC, raise a request at www.gvhelpdesk.com""}","{""raw"":""https://at.valuedesign.co.in/media/uploads/products/Elleven.jpeg""}","2025-11-27T14:38:48.620826+00:00",,"2025-11-27T14:38:48.620826+00:00","2025-11-27T20:13:44.071765+00:00",,"4ead20e7-9a15-4b5f-bdb4-3ebafe4daf71","{""0"":""\t "",""1"":""Gift Vouchers CAN Only be used at listed outlets "",""2"":""Gift Vouchers CAN be used to buy discounted products "",""3"":""Multiple Gift Vouchers CAN be used in one bill "",""4"":""Gift Vouchers CANNOT be used Online "",""5"":""&nbsp;""}","[{""image"":""https://at.valuedesign.co.in/media/uploads/products/Elleven/1.png"",""title"":""Use the outlet locator to locate the nearest outlet that accepts this Gift Voucher.""},{""image"":""https://at.valuedesign.co.in/media/uploads/products/Elleven/2.png"",""title"":""Select your choice of merchandise""},{""image"":null,""title"":""Share your Gift Voucher with the cashier at the time of billing & pay the remaining amount by cash or card if required.""}]","0","0","2025-11-27T14:38:47.494+00:00","Both","Multiple","gift, cards, brand","365"
"31817d0b-2aa2-47e9-9204-ea46a0af6df6","AssemblyQtGgQ61nRzS8Ayux","Assembly","Tour & Travel","15","2000,5000","Fixed","0","1","Assembly is a homegrown travel luggage and accessories brand with products that are an amalgamation of both functionality and aesthetics. It enables organized traveling experiences and smoother transits for all the modern-day travelers out there. It is all about the experience, and so each product prioritizes thoughtful functionality spread across a clever storage design. Grab Assembly Gift Vouchers, available at discounted prices, for a seamless experience","{""text"":""1.This is a Assembly Insta Gift Voucher and would be accepted only at assemblytravel.com <br/>2.The person who has the Assembly GV Code is deemed to be the beneficiary. <br/>3.The Gift Voucher can be availed only once per transaction <br/>4.The Gift Voucher cannot be clubbed with any other offers or promotions on the website <br/>5.No Credit note / Refund for the unused amount of GV will given <br/>6.Gift Voucher CANNOT be revalidated once expired. <br/>7.Gift cards are non-refundable, may not be exchanged, transferred or resold, and may not be redeemed for cash, except where required by law. <br/>8.Assembly is not responsible for lost, damaged, or stolen gift cards. <br/>9.For any queries / issues related to GV / GC, raise a request at www.gvhelpdesk.com""}","{""raw"":""https://at.valuedesign.co.in/media/uploads/products/Assembly.png""}","2025-11-27T14:38:48.620826+00:00",,"2025-11-27T14:38:48.620826+00:00","2025-11-27T20:13:44.160007+00:00",,"b44a4dcd-7a94-4a48-a266-a96134850e89","{""0"":""Gift voucher would be accepted on assemblytravel.com"",""1"":""The Gift voucher can only be availed only once per transaction"",""2"":""The Gift voucher cannot be clubbed with any other offers or promotions""}","[{""image"":""https://at.valuedesign.co.in/media/uploads/products/Assembly/1.jpeg"",""title"":""Select the product of your choice and add to cart""},{""image"":""https://at.valuedesign.co.in/media/uploads/products/Assembly/2.jpeg"",""title"":""On the checkout page enter your Gift Voucher code in the ?Discount Code? section""},{""image"":null,""title"":""Pending payment if any, can be other available payment tender modes\t""}]","0","0","2025-11-27T14:38:47.495+00:00","Online","Multiple","travel, experiences, experience","365"
"e7e77ef9-0a4d-433e-8c93-9d81d2ecf11d","FabHotelsTycDQga2JxyHDztA","Fab Hotels","Food & Beverages","12","250,500,1000,2000,5000","Fixed","0","1","Find budget hotels for your next trip with Fab Hotels. This hospitality brand has a network of 400+ hotels that are comfortable, hygienic, and highly affordable. Make your travel experiences memorable without spending a fortune. Use a discounted Fab Hotels Gift Card during your next booking. Bon Voyage!","{""text"":""1.This is a Fab Hotels Insta Gift Voucher (GV) / Gift Card (GC) and would be accepted online at www.fabhotels.com and Fab Hotels app.. <br/>2.The person who has the Fab Hotels (TM) GV / GC Code is deemed to be the beneficiary. <br/>3.Only ONE GV / GC can be used in one bill. <br/>4.This is a One-time use GV / GC. <br/>5.No Credit note / Refund for the unused amount of the GV / GC will be given. <br/>6.Fab Hotels GV / GC CANNOT be revalidated once expired. <br/>7.Fab Hotels GV / GC can be clubbed with any on-going promotions on the website. However, the Insta GV / GC cannot be clubbed with any other coupon/s. <br/>8.Fab Hotels GV / GC cannot be redeemed on specific block out dates. Fab Hotels may add or delete any date on its sole discretion. <br/>9.Any dispute related to the GV / GC should be referred to the issuing company and the decision of the issuing company shall be final. <br/>10.If an Insta Gift Voucher (GV) /Gift Card (GC) gets blocked on account of technical issue, it would get enabled in 72 hours. <br/>11.For any queries / issues related to GV / GC, raise a request at www.gvhelpdesk.com""}","{""raw"":""https://at.valuedesign.co.in/media/uploads/products/FabHotels.png""}","2025-11-27T14:38:48.620826+00:00",,"2025-11-27T14:38:48.620826+00:00","2025-11-27T20:13:44.243593+00:00",,"ad8a9a7e-38c0-46f6-8ccd-b5a53ca270b3","{""0"":""Only one  Gift Voucher CAN be used in one bill."",""1"":""Gift Vouchers CAN be used during Sale."",""2"":""Gift Vouchers CAN be used Online at www.fabhotels.com""}","[]","0","0","2025-11-27T14:38:47.495+00:00","Offline","Multiple","gift, card","365"
"c71bacbd-5507-4c07-8be6-4f4d791d91e8","ITCHotelseNYQDWXC17j0ikXH","ITC Hotels","Food & Beverages","7.5","1000,2000,5000,10000","Fixed","0","1","Presenting to you Gift Cards of one of the top hotel chains in India. ITC Hotel Gift Cards unlocks the gateway to luxury. Use ITC Hotel Gift Cards for your next getaway and enjoy a luxurious experience at an affordable price with ITC Hotel Gift Cards.","{""text"":""1.This is an ITC Hotels (GV) / Gift Card (GC) issued by Qwikcilver and would only be accepted at listed ITC Hotels. <br/>2.Register and activate your ITC Hotels Gift Card before using it. <br/>3.Valid GC in its original form (Email/SMS) must be presented at the time of availing a service. <br/>4.This GC cannot be returned. <br/>5.This GC cannot be transferred for balance value or redeemed for cash. <br/>6.No refund, replacement, reloading or cash back would be considered against the GC. <br/>7.Any dispute shall be referred to Qwikcilver and the decision of Qwikcilver will be final. <br/>8.Subject to the foregoing, these terms and conditions shall be subject to the jurisdiction of courts at Gurugram, India. <br/>9.Qwikcilver &amp; ITC reserve the entitlement to amend these terms and conditions from time to time. Any change in these TnC can be viewed on our website https://www.qwikcilver.com/terms-and-conditions/itc-hotels/ <br/>10.The cardholder may request for revalidation of an expired GC. Upon receipt of such request the GC may be revalidated after due verification and maybe subject to additional terms and conditions. <br/>11.Non-receipt of GC post 7 days of receipt of dispatch confirmation has to be reported immediately or else Qwikcilver, ITC Limited or their affiliates will not be liable for the misuse of the card. <br/>12.The card is valid for spends towards stay (room &amp; incidental charges), food &amp; beverage, home delivery &amp; take away, spa services (for resident guests only) and applicable taxes at any of the participating hotels. <br/>13.The card is not valid for spends towards settling banquet charges, paid-outs like car transfers, spends at retail or any third party service establishment at participating hotels, or any expenses of personal nature for which a pay-out is raised such as buying medicines, repairs of personal items etc. <br/>14.The Gift Card cannot be used for deposit, advance purchase or to secure or confirm a reservation. <br/>15.The cards cannot be used to settle stays booked on/thru <br/>a)Corporate rates <br/>b)Group rates <br/>c)Online Travel Agents (OTA s) <br/>d)Any discounted or contracted room rates <br/>e)Travel Agents/Intermediaries <br/>f)Any commission agents <br/>16.The Gift Card shall not be applicable for redemption in conjunction with any other offer/promotion or benefit(s) <br/>17.Multiple transactions can be performed on GC until the value of the card is exhausted. <br/>18.Club ITC Green Points will not be awarded for transaction settled using Gift Cards. However, for transactions settled with a combination of GC and any other eligible payment mode the Club ITC Green Points will be awarded for the differential amount being settled through the alternate payment mode. <br/>19.You can visit any of the participating ITC Hotels to check the balance and date of expiry of your ITC Hotels Gift Card <br/>20.In case of theft, kindly report the same to issuer. Upon verification of the identity of the guest the card will be blocked and a fresh card will be reissued. <br/>21.For any queries related to GV, raise a request at www.gvhelpdesk.com""}","{""raw"":""https://at.valuedesign.co.in/media/uploads/products/ITCHotels.webp""}","2025-11-27T14:38:48.620826+00:00",,"2025-11-27T14:38:48.620826+00:00","2025-11-27T20:13:44.332691+00:00",,"ad8a9a7e-38c0-46f6-8ccd-b5a53ca270b3","{""0"":""Flexibility- E-Gift Cards are flexible for the recipient, allowing them to choose what to buy - from stays, dining (including home delivery), Fabelle chocolates and more."",""1"":""Instant &amp; Safe Delivery- E-Gift Cards can be sent via email instantly to the recipient."",""2"":""Secure- E-Gift Card can be activated only with a PIN."",""3"":""Ease of Use- Recipient only needs the Card Number and the OTP generated on the registered mobile."",""4"":""Cardless &amp; Contactless- The sending / receiving and using of the E-Gift card is all digital (zero contact)."",""5"":""Validity- One-year"",""6"":""One card- Multiple transactions""}","[{""image"":""https://at.valuedesign.co.in/media/uploads/products/ITCHotels/1.png"",""title"":""To register and activate your ITC Hotels Gift Card- 1. Send an SMS from your mobile phone as follows- ACTCardNumberCardPinFirstNameLastName to 99639 00600. 2.The sending of the said message to the designated mobile number and receipt of due acknowledgment thereto shall constitute registration of the User.""},{""image"":""https://at.valuedesign.co.in/media/uploads/products/ITCHotels/2.png"",""title"":""At the time of check-out/ settling the invoice, use your e-Gift to redeem it by sharing the 16-digit card number and the OTP received on the registered mobile number.""},{""image"":""https://at.valuedesign.co.in/media/uploads/products/ITCHotels/3.png"",""title"":""A valid card in its original form must be presented at the time of availing a service.The E-Gift Card can be redeemed at any of the participating ITC Hotels, Welcomhotels, Fortune Hotels & WelcomHeritage Hotels.""}]","0","0","2025-11-27T14:38:47.495+00:00","Both","Multiple","gift, cards, india","7"
"ec4b68d7-0c80-4ed8-91a7-13ff01f0178a","Samsonite2THnrxDKLmdbIrgm","Samsonite","Tour & Travel","4","2000,5000","Fixed","0","1","Samsonite is considered to be one of the top brands when it comes to travel backpacks & trolley bags. The brand offers tough, tested, stylish travel trolley bags, backpacks, laptop bags, briefcases, and other travel accessories. Samsonite bags are known to resist harsh travel conditions offering the ultimate luggage solution for all your travel plans. Samsonite?s Gift Card is perfect for both, business, and leisure travelers. Samsonite Gift Cards can be redeemed at outlets.","{""text"":""1. This is a Samsonite Insta Gift Voucher and would be accepted at the store <br/>2. The person who has the Samsonite GV Code is deemed to be the beneficiary <br/>3. Multiple GV's can be used in one single purchase <br/>4. GV will be Valid for redemption only on products on discount upto 30% in case of Samsonite and upto 50% on American Tourister respectively. <br/>5. Samsonite GV is a One-Time use Gift Voucher <br/>6. No credit note/ Refund for the unused amount of the GV will be given <br/>7. The GV's are neither transferable nor redeemable in cash nor negotiable <br/>8. No replacement will be given for any misplaced voucher. <br/>9. Samsonite Gift Voucher CANNOT be revalidated once expired <br/>10. Partial redemption of the voucher is not permitted. <br/>11. If the order value exceeds the e-Gift Card amount, the balance must be paid by another payment option. <br/>12. All disputes shall be governed by Indian laws and are subject to the exclusive jurisdiction of the competent courts/tribunals of Mumbai <br/>13. The participation in the offer is entirely voluntary and it is understood, that the participation shall be deemed to have been made on a voluntary basis <br/>14. In all matters relating to the Offer, the decision of Samsonite South Asia Private Limited shall be final and binding in all respects. <br/>15. The discount is not available wherever prohibited and/or on products/services for which such offers cannot be made available for any reason whatsoever <br/>16. For any queries / issues related to GV / GC, raise a request at www.gvhelpdesk.com""}","{""raw"":""https://at.valuedesign.co.in/media/uploads/products/Samsonite.webp""}","2025-11-27T14:38:48.620826+00:00",,"2025-11-27T14:38:48.620826+00:00","2025-11-27T20:13:44.510086+00:00",,"b44a4dcd-7a94-4a48-a266-a96134850e89","{""0"":""Multiple Gift Vouchers CAN be used in one bill."",""1"":""Gift Vouchers CAN be used during Sale."",""2"":""Gift Vouchers are ACCEPTED at all listed Samsonite Outlets ."",""3"":""Gift Vouchers CANNOT be used Online."",""4"":""GV will be Valid for redemption only on products on discount upto 30% in case of Samsonite and upto 50% on American Tourister respectively.""}","[]","0","0","2025-11-27T14:38:47.495+00:00","Both","Multiple","travel, gift, card","365"
